frequency_cycles_per_sample,periodogram_db,levinson_ar_db,burg_ar_db,capon_db
0.0,-30.666511435962057,-26.748955126565775,-27.895567026339997,-17.204930940331508
0.000244140625,-30.36310650372777,-26.7506277027058,-27.898213374331373,-17.205160926114583
0.00048828125,-29.58358228969167,-26.75563939725337,-27.906139341430922,-17.205850442425973
0.000732421875,-28.587981621123628,-26.763972165976284,-27.919305880668777,-17.206998167252905
0.0009765625,-27.583940607189618,-26.775596125288498,-27.937648520530495,-17.208601900904068
0.001220703125,-26.68408820726704,-26.790469833465885,-27.961078256444132,-17.21065857148455
0.00146484375,-25.936430477789237,-26.808540676516323,-27.989482762487533,-17.213164242520904
0.001708984375,-25.355174826770156,-26.829745351190777,-28.022727889100988,-17.21611412269692
0.001953125,-24.937543898144845,-26.854010435911405,-28.060659405719647,-17.21950257765004
0.002197265625,-24.671029512384585,-26.881253038979352,-28.103104942249463,-17.223323143768162
0.00244140625,-24.535931406098292,-26.911381512342256,-28.14987608032866,-17.227568543916934
0.002685546875,-24.505987950401217,-26.944296218469425,-28.200770544340354,-17.23223070501865
0.0029296875,-24.54870241939654,-26.979890337504795,-28.255574443054755,-17.237300777395358
0.003173828125,-24.626484355906033,-27.018050701833545,-28.314064515365057,-17.24276915578151
0.00341796875,-24.69944253440682,-27.0586586454843,-28.376010337554128,-17.248625501904385
0.003662109375,-24.73013251377241,-27.101590856360804,-28.44117645455892,-17.25485876852479
0.00390625,-24.68958629605777,-27.146720220113032,-28.50932440344124,-17.261457224825502
0.004150390625,-24.562872007165872,-27.193916645470605,-28.580214603390687,-17.26840848303067
0.00439453125,-24.35204969608413,-27.243047862020774,-28.653608092769854,-17.275699526136297
0.004638671875,-24.075248116394018,-27.29398018267083,-28.72926809970258,-17.283316736629594
0.0048828125,-23.762246439185404,-27.346579224340953,-28.80696143828829,-17.291245926073547
0.005126953125,-23.448272270544788,-27.400710581747646,-28.886459727547738,-17.299472365432596
0.00537109375,-23.167949802510304,-27.45624045041971,-28.967540434563553,-17.307980816015746
0.005615234375,-22.950603453691034,-27.513036196307823,-29.049987746922778,-17.316755560914444
0.005859375,-22.817150586725795,-27.570966870479733,-29.133593282488825,-17.325780436814664
0.006103515625,-22.77819650207412,-27.629903668417146,-29.21815664675136,-17.335038866065343
0.00634765625,-22.832878981083603,-27.68972033433577,-29.303485849575104,-17.34451388888859
0.006591796875,-22.96844354936548,-27.750293511729698,-29.389397594161146,-17.35418819562114
0.0068359375,-23.161304078827282,-27.811503041994207,-29.475717451523206,-17.364044158881164
0.007080078125,-23.381049419228177,-27.873232213509873,-29.562279933850153,-17.374063865559382
0.00732421875,-23.598544720217806,-27.93536796398132,-29.648928479853694,-17.38422914853911
0.007568359375,-23.79691963569386,-27.99780103912469,-29.7355153646648,-17.394521618055578
0.0078125,-23.980792160822038,-28.060426110999646,-29.82190154611174,-17.40492269261097
0.008056640625,-24.178492120535218,-28.123141859394934,-29.907956458348764,-17.415413629368047
0.00830078125,-24.436630636324868,-28.185851019713866,-29.993557762858995,-17.425975553951655
0.008544921875,-24.81189041290957,-28.248460400778754,-30.078591065871066,-17.436589489594102
0.0087890625,-25.365922831326635,-28.31088087589279,-30.162949610241355,-17.447236385566896
0.009033203125,-26.1666005853195,-28.373027350375175,-30.2465339488884,-17.45789714484822
0.00927734375,-27.297255104566148,-28.43481870862927,-30.3292516059437,-17.468552650981813
0.009521484375,-28.878341360305463,-28.496177743624266,-30.411016730917645,-17.47918379408969
0.009765625,-31.118637241360073,-28.557031071474867,-30.49174975037839,-17.48977149600719
0.010009765625,-34.46568584310551,-28.61730903359784,-30.571377020912564,-17.50029673451528
0.01025390625,-40.259147478587266,-28.67694558871488,-30.649830486478745,-17.510740566650615
0.010498046875,-54.03634119986619,-28.735878196762105,-30.72704734267913,-17.521084151079936
0.0107421875,-41.02172673258163,-28.794047696561528,-30.802969709958234,-17.531308769530447
0.010986328125,-35.472275004722114,-28.851398178912344,-30.87754431728644,-17.541395847273172
0.01123046875,-32.509582617152574,-28.907876856571324,-30.950722197496084,-17.55132697266098
0.011474609375,-30.7269246109089,-28.96343393241379,-31.02245839510357,-17.56108391572756
0.01171875,-29.674941191503102,-29.018022466901257,-31.09271168716734,-17.57064864585778
0.011962890625,-29.155872683842002,-29.071598245828163,-31.161444317493796,-17.58000334854366
0.01220703125,-29.0636887926602,-29.12411964917936,-31.228621744305038,-17.589130441243906
0.012451171875,-29.326996187840294,-29.175547521802212,-31.29421240132061,-17.59801258836791
0.0126953125,-29.877553766043317,-29.225845046480977,-31.35818747207381,-17.606632715408253
0.012939453125,-30.623716746967645,-29.274977619897253,-31.420520677179017,-17.61497402224815
0.01318359375,-31.4286682285154,-29.322912731867405,-31.481188074185106,-17.62301999567265
0.013427734375,-32.11807434781554,-29.369619848165783,-31.54016786958853,-17.630754421114396
0.013671875,-32.55262504651361,-29.415070297169798,-31.59744024253449,-17.638161393666284
0.013916015625,-32.72620245999151,-29.45923716050006,-31.652987179703743,-17.645225328395085
0.01416015625,-32.765198170441636,-29.502095167773284,-31.706792320863435,-17.651930969990975
0.014404296875,-32.82437306811355,-29.543620595538652,-31.7588408145501,-17.65826340178904
0.0146484375,-33.00092345290743,-29.58379117042748,-31.809119183351445,-17.66420805419949
0.014892578125,-33.308133662139696,-29.622585976511907,-31.85761519825764,-17.66975071258375
0.01513671875,-33.67689803030486,-29.65998536683918,-31.904317761562332,-17.67487752461403
0.015380859375,-33.976878249371055,-29.695970879084545,-31.94921679780669,-17.679575007153947
0.015625,-34.08253523709031,-29.730525155245815,-31.99230315227608,-17.683830052697893
0.015869140625,-33.97005109580812,-29.763631865287206,-32.03356849657751,-17.68762993540647
0.01611328125,-33.748993537479265,-29.79527563462768,-32.07300524084583,-17.690962316775156
0.016357421875,-33.593246876682564,-29.825441975359325,-32.11060645214769,-17.693815250972776
0.0166015625,-33.665838414364785,-29.8541172210749,-32.1463657786741,-17.696177189885827
0.016845703125,-34.10029545890368,-29.881288465178635,-32.180277379333894,-17.69803698790404
0.01708984375,-35.018418386289945,-29.906943502551822,-32.21233585838267,-17.699383906481792
0.017333984375,-36.54272983409924,-29.931070774443548,-32.24253620474303,-17.700207618509076
0.017578125,-38.687966124247644,-29.95365931645729,-32.27087373569318,-17.70049821252492
0.017822265625,-40.56036673764831,-29.974698709505336,-32.297344044621575,-17.70024619680505
0.01806640625,-39.56428692230243,-29.994179033605654,-32.32194295256535,-17.699442503354618
0.018310546875,-36.47737096324262,-30.012090824398875,-32.344666463269164,-17.698078491835687
0.0185546875,-33.59086872045864,-30.028425032267215,-32.36551072152007,-17.696145953458032
0.018798828125,-31.339845285178612,-30.04317298394142,-32.38447197453147,-17.693637114860614
0.01904296875,-29.648587473666133,-30.05632634648709,-32.40154653616622,-17.69054464200992
0.019287109375,-28.41575770604528,-30.06787709356678,-32.4167307538054,-17.68686164413998
0.01953125,-27.570796670644487,-30.0778174738803,-32.43002097768455,-17.682581677757707
0.019775390625,-27.07034619589953,-30.086139981691204,-32.44141353253423,-17.677698750735843
0.02001953125,-26.890901599306247,-30.092837329353884,-32.45090469137573,-17.672207326514354
0.020263671875,-27.023987432718357,-30.09790242176188,-32.45849065133671,-17.666102328429826
0.0205078125,-27.473759312967122,-30.10132833264445,-32.464167511363996,-17.659379144190982
0.020751953125,-28.25650920562098,-30.103108282644992,-32.46793125172401,-17.652033630516875
0.02099609375,-29.40183074221428,-30.1032356191218,-32.46977771519289,-17.64406211795293
0.021240234375,-30.955360480771436,-30.10170379761815,-32.46970258985017,-17.63546141587842
0.021484375,-32.98236517394963,-30.098506364955966,-32.467701393401654,-17.626228817717312
0.021728515625,-35.56674451962323,-30.093636943914,-32.463769458967626,-17.61636210636288
0.02197265625,-38.77399600819175,-30.087089219458882,-32.45790192228419,-17.605859559824772
0.022216796875,-42.422690238346746,-30.078856926504677,-32.45009371027591,-17.594719957105294
0.0224609375,-45.3589822985633,-30.068933839184027,-32.440339530968956,-17.582942584310178
0.022705078125,-46.15693706386097,-30.05731376162158,-32.42863386472476,-17.570527240996828
0.02294921875,-46.029605907624514,-30.043990520208453,-32.41497095678524,-17.557474246761405
0.023193359375,-46.20427678622011,-30.028957957384673,-32.3993448111317,-17.543784448063793
0.0234375,-46.33951564258236,-30.01220992694477,-32.381749185671076,-17.52945922528752
0.023681640625,-45.356208511710605,-29.993740290890777,-32.36217758877515,-17.5145005000293
0.02392578125,-43.30669752386521,-29.973542917866006,-32.34062327721036,-17.498910742610683
0.024169921875,-41.199853734149244,-29.951611683212498,-32.3170792555093,-17.482692979801637
0.0244140625,-39.5266896418808,-29.927940470705362,-32.29153827684803,-17.46585080274346
0.024658203125,-38.322017468438546,-29.902523176027714,-32.26399284550836,-17.44838837505556
0.02490234375,-37.451259454439125,-29.875353712061372,-32.23443522101928,-17.43031044110796
0.025146484375,-36.707696412266344,-29.846426016080287,-32.20285742408844,-17.41162233443814
0.025390625,-35.87901077637338,-29.815734058946592,-32.16925124445237,-17.39232998628802
0.025634765625,-34.85260178107187,-29.78327185642247,-32.133608250793074,-17.37243993423331
0.02587890625,-33.6738737831085,-29.749033482725736,-32.09591980289004,-17.351959330874166
0.026123046875,-32.47611056448279,-29.713013086472323,-32.05617706619836,-17.330895952552524
0.0263671875,-31.374931648463466,-29.675204909165444,-32.0143710290694,-17.309258208057667
0.026611328125,-30.424695831641348,-29.635603306408957,-31.97049252285622,-17.28705514727771
0.02685546875,-29.62441976683376,-29.594202772041385,-31.92453224517607,-17.264296469750697
0.027099609375,-28.93742705358783,-29.55099796540747,-31.876480786634097,-17.24099253306477
0.02734375,-28.312569755375225,-29.505983742005935,-31.826328661347315,-17.217154361052543
0.027587890625,-27.70619351100659,-29.459155187775604,-31.77406634164693,-17.19279365172042
0.02783203125,-27.10044585137476,-29.41050765730715,-31.719684297378805,-17.167922784849015
0.028076171875,-26.509299479602685,-29.36003681629458,-31.663173040268624,-17.142554829196104
0.0283203125,-25.969667293172535,-29.3077386885695,-31.60452317386848,-17.11670354922899
0.028564453125,-25.52561541192272,-29.25360970809184,-31.54372544965782,-17.0903834113082
0.02880859375,-25.215741710874184,-29.197646776303642,-31.48077082993211,-17.06360958923973
0.029052734375,-25.067439537011907,-29.139847325287448,-31.415650558179426,-17.03639796910829
0.029296875,-25.096172421619457,-29.080209387207955,-31.348356237717848,-17.008765153299198
0.029541015625,-25.306584862798637,-29.01873167055475,-31.27887991944595,-16.980728463611975
0.02978515625,-25.69310905612427,-28.955413643745583,-31.20721419964535,-16.95230594336426
0.030029296875,-26.238459361474856,-28.890255626692877,-31.133352328868074,-16.923516358380187
0.0302734375,-26.90840465588018,-28.82325889098172,-31.057288333043612,-16.89437919675361
0.030517578125,-27.641205150487835,-28.75442576935445,-30.979017148050424,-16.864914667272576
0.03076171875,-28.333185000189953,-28.683759775245676,-30.89853476911567,-16.83514369638832
0.031005859375,-28.834621002220914,-28.611265733160522,-30.815838416533477,-16.805087923609197
0.03125,-28.9892467121147,-28.536949920739012,-30.730926719328227,-16.77476969519757
0.031494140625,-28.726758988801272,-28.460820223398336,-30.643799918632485,-16.744212056046283
0.03173828125,-28.122616813169593,-28.38288630249279,-30.55446009270048,-16.713438739610204
0.031982421875,-27.34447686710491,-28.30315977797618,-30.46291140563534,-16.68247415576847
0.0322265625,-26.557637771162383,-28.221654426592472,-30.36916038207015,-16.651343376493855
0.032470703125,-25.881915747390774,-28.138386396654838,-30.273216210207092,-16.62007211920768
0.03271484375,-25.39617109420164,-28.053374440499923,-30.175091075781996,-16.58868672770169
0.032958984375,-25.15653196267012,-27.96664016571832,-30.074800529679564,-16.55721415051265
0.033203125,-25.213021504263843,-27.87820830626266,-29.97236389207098,-16.52568191664111
0.033447265625,-25.623855393004384,-27.788107014515376,-29.867804696074003,-16.494118108512772
0.03369140625,-26.472159211356313,-27.69636817535545,-29.76115117403587,-16.462551332089646
0.033935546875,-27.894644974009456,-27.603027743191113,-29.6524367896002,-16.431010684048168
0.0341796875,-30.145319580623422,-27.508126102816604,-29.54170081872517,-16.399525715953512
0.034423828125,-33.75086317164504,-27.411708454798735,-29.428988982754326,-16.368126395372858
0.03466796875,-39.33314288640495,-27.31382522589348,-29.314354136480716,-16.336843063885517
0.034912109375,-38.60593490475378,-27.214532504724552,-29.197857013863114,-16.30570639196527
0.03515625,-32.991471483846,-27.113892502613833,-29.079567033618893,-16.274747330728726
0.035400390625,-29.39720711113807,-27.011974039024796,-28.959563166293364,-16.24399706056439
0.03564453125,-27.094297693045213,-26.908853050551684,-28.837934863547574,-16.213486936679157
0.035888671875,-25.60205850232675,-26.804613121744644,-28.71478304926548,-16.183248431622843
0.0361328125,-24.689707652240877,-26.69934603528969,-28.590221170602415,-16.153313074876596
0.036376953125,-24.234116645025573,-26.593152338147398,-28.464376305217378,-16.1237123896175
0.03662109375,-24.161918166915495,-26.48614191918123,-28.33739031858861,-16.094477826799356
0.036865234375,-24.423066961314078,-26.378434592563984,-28.20942106243697,-16.065640696718063
0.037109375,-24.975241158890714,-26.270160679828383,-28.08064360181171,-16.037232098259068
0.037353515625,-25.770629215110255,-26.161461581821616,-27.95125145426998,-16.00928284605371
0.03759765625,-26.741180108475294,-26.05249033003502,-27.82145781976425,-15.981823395800621
0.037841796875,-27.78333025509298,-25.94341210482048,-27.691496774322527,-15.954883768037135
0.0380859375,-28.754480732891878,-25.834404705897512,-27.561624394386456,-15.928493470673914
0.038330078125,-29.50627692706537,-25.725658958336375,-27.432119771834987,-15.902681420632723
0.03857421875,-29.9575914142279,-25.61737903493207,-27.303285872411838,-15.877475864952658
0.038818359375,-30.14136655709447,-25.509782673636078,-27.175450182729396,-15.852904301753291
0.0390625,-30.165495769294573,-25.40310126659477,-27.048965083586992,-15.82899340146388
0.039306640625,-30.137824200292357,-25.297579795482456,-26.924207880497228,-15.805768928745572
0.03955078125,-30.12658594651437,-25.193476586373876,-26.801580416677837,-15.783255665548037
0.039794921875,-30.158845980181887,-25.091062856560743,-26.68150819010905,-15.76147733575259
0.0400390625,-30.230763502695726,-24.990622025689532,-26.56443889547384,-15.740456531860655
0.040283203125,-30.31521310341843,-24.892448764609277,-26.450840314891128,-15.720214644188733
0.04052734375,-30.36556536015542,-24.796847757599316,-26.341197489349724,-15.700771793028627
0.040771484375,-30.321015313946297,-24.704132157416886,-26.236009116622938,-15.6821467642249
0.041015625,-30.120203122842785,-24.614621718050454,-26.135783141964303,-15.664356948609237
0.041259765625,-29.72351480163047,-24.52864059731317,-26.041031535473262,-15.647418285714798
0.04150390625,-29.13172808094928,-24.446514830504157,-25.952264284562986,-15.631345212171627
0.041748046875,-28.3854216753692,-24.368569487224242,-25.869982670645925,-15.616150615157757
0.0419921875,-27.545935066318723,-24.295125535839304,-25.79467194432126,-15.601845791249431
0.042236328125,-26.67404080345849,-24.226496453648735,-25.726793560451707,-15.58844041097849
0.04248046875,-25.8182812630594,-24.162984634982738,-25.666777180164004,-15.575942489365682
0.042724609375,-25.013038171311837,-24.1048776634916,-25.615012686956398,-15.564358362655762
0.04296875,-24.281345036386796,-24.052444527939105,-25.571842494420455,-15.553692671434703
0.043212890625,-23.63858927815532,-24.00593187191891,-25.53755443944704,-15.543948350261015
0.04345703125,-23.09550263778759,-23.96556037610558,-25.512375553816717,-15.535126623893447
0.043701171875,-22.660140338046254,-23.931521376033196,-25.496466986740547,-15.527227010146271
0.0439453125,-22.33898434020892,-23.903973818234423,-25.48992031098293,-15.52024732935191
0.044189453125,-22.137335489495378,-23.883041652402646,-25.49275538747478,-15.514183720359485
0.04443359375,-22.059063270090707,-23.868811746936004,-25.504919891648253,-15.509030662947561
0.044677734375,-22.105668003515284,-23.861332400047228,-25.526290524588685,-15.504781006480696
0.044921875,-22.274515460571966,-23.860612499246486,-25.556675850051164,-15.501426004592822
0.045166015625,-22.55608439599646,-23.866621359454943,-25.595820621209384,-15.498955355636852
0.04541015625,-22.9302965303367,-23.879289245607453,-25.643411394869823,-15.497357248599474
0.045654296875,-23.36285479641301,-23.898508560839634,-25.69908318062161,-15.49661841414349
0.0458984375,-23.80440697168268,-23.92413565775692,-25.76242684097286,-15.496724180407588
0.046142578125,-24.19755600408452,-23.95599320926212,-25.83299694684422,-15.49765853316553
0.04638671875,-24.495368844605334,-23.99387305815718,-25.91031979978031,-15.499404179923458
0.046630859375,-24.685456411965724,-24.037539452077926,-25.99390135521198,-15.501942617515672
0.046875,-24.802812509326465,-24.08673256272397,-26.083234816277322,-15.505254202745807
0.047119140625,-24.920839158492885,-24.141172185864498,-26.177807710801503,-15.509318225611793
0.04736328125,-25.130529557525875,-24.200561520918477,-26.277108310787106,-15.514112984649302
0.047607421875,-25.525590109208633,-24.264590935409753,-26.38063130039122,-15.519615863929356
0.0478515625,-26.201346813904536,-24.33294162944883,-26.48788264182373,-15.525803411251154
0.048095703125,-27.265634833502386,-24.40528912764953,-26.598383626737622,-15.53265141708074
0.04833984375,-28.855855370651327,-24.48130653957541,-26.711674132224466,-15.540134993799464
0.048583984375,-31.129183401252988,-24.560667544017633,-26.82731512498833,-15.548228654843047
0.048828125,-33.93079731310695,-24.643049066333425,-26.944890474793382,-15.556906393331808
0.049072265625,-34.99362009292219,-24.728133631085957,-27.06400814946072,-15.566141759815213
0.04931640625,-32.26420936074103,-24.815611383850914,-27.184300869406115,-15.575907938778432
0.049560546875,-28.95823104359069,-24.905181785998643,-27.305426300972936,-15.58617782358514
0.0498046875,-26.344531293281705,-24.9965549943797,-27.427066865650346,-15.596924089558401
0.050048828125,-24.380147924192993,-25.089452944125462,-27.54892923763616,-15.60811926493033
0.05029296875,-22.920150754584057,-25.183610157315293,-27.67074359595054,-15.61973579942024
0.050537109375,-21.8606920500308,-25.27877430321775,-27.79226269013534,-15.631746130230436
0.05078125,-21.134003314747495,-25.374706537395532,-27.91326077103941,-15.644122745278
0.051025390625,-20.695383418495386,-25.471181647396214,-28.033532430712945,-15.656838243509474
0.05126953125,-20.514364420627093,-25.56798803226721,-28.15289138830824,-15.669865392173287
0.051513671875,-20.569175385194775,-25.664927541948614,-28.27116925230537,-15.683177180951688
0.0517578125,-20.843060071707498,-25.761815200912817,-28.388214283459178,-15.696746872879517
0.052001953125,-21.32146551517671,-25.858478838404434,-28.503890177647882,-15.710548052001482
0.05224609375,-21.98942008780326,-25.95475864543294,-28.61807488329464,-15.724554667742282
0.052490234375,-22.828541224171197,-26.05050667639962,-28.73065946420421,-15.738741075985129
0.052734375,-23.81317308402473,-26.145586310988524,-28.84154701545541,-15.753082076873513
0.052978515625,-24.90539941065055,-26.239871689785872,-28.950651637357264,-15.767552949368916
0.05322265625,-26.049653742765383,-26.333247135059175,-29.057897470345466,-15.782129482612962
0.053466796875,-27.170162472714615,-26.425606566255894,-29.163217792000175,-15.796788004156818
0.0537109375,-28.178089836426935,-26.51685291808874,-29.266554176042874,-15.811505405133044
0.053955078125,-28.994594350287986,-26.606897567565998,-29.367855712159656,-15.82625916245609
0.05419921875,-29.582416554155685,-26.695659774998667,-29.467078284748847,-15.841027358146665
0.054443359375,-29.960955495301967,-26.78306614286488,-29.56418390815456,-15.855788695883142
0.0546875,-30.18890235783125,-26.869050095424356,-29.65914011558484,-15.870522514889224
0.054931640625,-30.330185983533184,-26.953551381138404,-29.751919398687697,-15.885208801272267
0.05517578125,-30.428446598848886,-27.036515599249554,-29.842498694642494,-15.899828196930102
0.055419921875,-30.498675528625725,-27.117893751294528,-29.930858917592115,-15.914362006147007
0.0556640625,-30.532388954532067,-27.19764181785051,-30.016984531273316,-15.928792200000741
0.055908203125,-30.511785336160287,-27.275720360432985,-30.10086315978257,-15.94310141870328
0.05615234375,-30.42799585640102,-27.352094148162173,-30.182485233528432,-15.957272971997591
0.056396484375,-30.294894525649898,-27.426731808581252,-30.261843667558622,-15.971290837731724
0.056640625,-30.15007268655768,-27.499605501833155,-30.338933569602414,-15.985139658729908
0.056884765625,-30.042992281076945,-27.570690617274526,-30.41375197532932,-15.998804738078054
0.05712890625,-30.01828776697936,-27.639965491516957,-30.48629760848929,-16.01227203293849
0.057373046875,-30.100894410246227,-27.70741114682917,-30.556570663762848,-16.025528147005538
0.0576171875,-30.283534877705442,-27.773011048804875,-30.62457261030962,-16.0385603217103
0.057861328125,-30.5152087581572,-27.836750882191996,-30.69030601415831,-16.0513564262793
0.05810546875,-30.696767564673472,-27.89861834378755,-30.75377437772915,-16.063904946747776
0.058349609375,-30.70390232820717,-27.95860295132365,-30.814981994919485,-16.07619497402458
0.05859375,-30.452029938518372,-28.016695867300932,-30.873933820315244,-16.088216191101488
0.058837890625,-29.960074650857898,-28.07288973676424,-30.930635351214022,-16.099958859495686
0.05908203125,-29.33976486265331,-28.127178538058534,-30.985092521260466,-16.111413805010258
0.059326171875,-28.72564798730258,-28.179557445649923,-31.037311604600717,-16.122572402893244
0.0595703125,-28.222557593143524,-28.230022704145426,-31.087299129561195,-16.13342656247209
0.059814453125,-27.894627289706982,-28.278571512694647,-31.135061800947305,-16.143968711336367
0.06005859375,-27.774166312726653,-28.32520191900646,-31.18060643014107,-16.154191779137896
0.060302734375,-27.871280108965042,-28.36991272226257,-31.223939872252764,-16.164089181073773
0.060546875,-28.177383269705317,-28.412703384257863,-31.265068969651672,-16.1736548011144
0.060791015625,-28.661053951758117,-28.453573948143855,-31.304000501264994,-16.18288297503519
0.06103515625,-29.256469171091332,-28.492524964195844,-31.340741137092103,-16.191768473307604
0.061279296875,-29.850263586819196,-28.529557422067388,-31.37529739743497,-16.200306483902022
0.0615234375,-30.288428896659298,-28.564672689035703,-31.40767561639382,-16.20849259505225
0.061767578125,-30.43472836039509,-28.597872453780514,-31.43788190922188,-16.21632277802881
0.06201171875,-30.259690882763866,-28.62915867527463,-31.465922143173096,-16.223793369965506
0.062255859375,-29.860380497455886,-28.65853353639899,-31.491801911513978,-16.230901056781622
0.0625,-29.383576602060746,-28.68599940192691,-31.515526510404325,-16.237642856239862
0.062744140625,-28.9486686636115,-28.71155878055223,-31.53710091838243,-16.24401610117799
0.06298828125,-28.62549869058222,-28.7352142906647,-31.556529778218717,-16.25001842295046
0.063232421875,-28.444998394635736,-28.75696862960175,-31.573817380927373,-16.255647735114394
0.0634765625,-28.415132093038622,-28.77682454613123,-31.588967651749932,-16.26090221739267
0.063720703125,-28.53299582468718,-28.79478481594244,-31.601984137945976,-16.265780299945508
0.06396484375,-28.79316127958852,-28.81085221994466,-31.6128699982472,-16.27028064798029
0.064208984375,-29.194127033890126,-28.825029525192797,-31.621627993849366,-16.274402146728285
0.064453125,-29.74430521068483,-28.837319468278974,-31.628260480834705,-16.278143886815567
0.064697265625,-30.46853402614739,-28.847724741046697,-31.632769403933672,-16.281505150054358
0.06494140625,-31.416505139999753,-28.856247978501454,-31.63515629155064,-16.284485395679905
0.065185546875,-32.67648909749634,-28.862891748807723,-31.63542225199302,-16.28708424705705
0.0654296875,-34.402852352180986,-28.86765854527731,-31.633567970857612,-16.289301478879562
0.065673828125,-36.87584998933845,-28.87055078026881,-31.629593709541535,-16.291137004884618
0.06591796875,-40.57023121390847,-28.871570780931908,-31.623499304859028,-16.292590866103613
0.066162109375,-44.54949253420678,-28.870720786743153,-31.615284169758166,-16.293663219669924
0.06640625,-41.23901312300493,-28.868002948793396,-31.604947295145088,-16.294354328203205
0.066650390625,-36.29026988386171,-28.86341933079917,-31.592487252836627,-16.29466454978909
0.06689453125,-32.703992591122166,-28.856971911822612,-31.577902199675435,-16.294594328572217
0.067138671875,-30.02864852534681,-28.8486625906968,-31.561189882855878,-16.29414418597986
0.0673828125,-27.93841301629035,-28.838493192165075,-31.54234764652308,-16.293314712592434
0.067626953125,-26.25638846413988,-28.8264654747547,-31.521372439722445,-16.292106560676366
0.06787109375,-24.879798460746507,-28.81258114041735,-31.498260825792755,-16.290520437394058
0.068115234375,-23.744194239164834,-28.796841845980673,-31.47300899331253,-16.288557098704644
0.068359375,-22.806933555532126,-28.77924921646723,-31.445612768727006,-16.286217343968453
0.068603515625,-22.03922820244131,-28.759804860349497,-31.416067630802132,-16.283502011267117
0.06884765625,-21.42220175111444,-28.73851038682238,-31.384368727072463,-16.280411973450363
0.069091796875,-20.944910990822404,-28.71536742518717,-31.35051089247169,-16.276948134919486
0.0693359375,-20.603343853188512,-28.690377646454944,-31.314488670358894,-16.273111429156565
0.069580078125,-20.399918006137355,-28.663542787290446,-31.27629633617914,-16.268902817007383
0.06982421875,-20.34330625813194,-28.63486467643252,-31.235927924025937,-16.264323285725016
0.070068359375,-20.448634912156866,-28.60434526374179,-31.193377256403778,-16.259373848779813
0.0703125,-20.73830216961948,-28.57198665204184,-31.14863797752283,-16.254055546440544
0.070556640625,-21.243922872067415,-28.5377911319367,-31.10170359049544,-16.248369447130173
0.07080078125,-22.01039436481587,-28.50176121980399,-31.052567498843857,-16.242316649558543
0.071044921875,-23.10424439702439,-28.46389969918139,-31.001223052774215,-16.235898285633017
0.0712890625,-24.631639457345532,-28.424209665781976,-30.94766360071969,-16.229115524146916
0.071533203125,-26.781815158273915,-28.382694576393863,-30.89188254670971,-16.221969575244128
0.07177734375,-29.953781747363667,-28.339358301939143,-30.83387341418035,-16.214461695657075
0.072021484375,-35.27106877330925,-28.294205184988442,-30.77362991690542,-16.206593194713722
0.072265625,-47.50246351461349,-28.24724010204836,-30.71114603779723,-16.198365441107924
0.072509765625,-37.85891450327281,-28.1984685309617,-30.64641611640278,-16.189779870426033
0.07275390625,-31.81951815838737,-28.147896623782714,-30.579434946004078,-16.18083799342093
0.072998046875,-28.63097941965269,-28.09553128551283,-30.510197881321993,-16.171541405023454
0.0732421875,-26.679059918612772,-28.0413802591052,-30.43870095792069,-16.161891794079285
0.073486328125,-25.4611864811573,-27.985452217169758,-30.364941024516195,-16.151890953797846
0.07373046875,-24.757432540417476,-27.92775686083296,-30.288915889506562,-16.14154079289808
0.073974609375,-24.451571270761008,-27.86830502622812,-30.210624483163958,-16.1308433474342
0.07421875,-24.47329589903205,-27.807108799112804,-30.130067037059483,-16.11980079328262
0.074462890625,-24.774196919548842,-27.74418163812819,-30.047245282430765,-16.108415459269487
0.07470703125,-25.315391456425708,-27.67953850723113,-29.96216266934825,-16.09668984091619
0.074951171875,-26.05967810379106,-27.613196017841556,-29.874824608688854,-16.08462661477828
0.0751953125,-26.965987260978995,-27.54517258125602,-29.785238739083276,-16.072228653350958
0.075439453125,-27.986656311019487,-27.47548857187882,-29.693415221163196,-16.059499040512225
0.07568359375,-29.070415497051954,-27.404166501817397,-29.599367061594982,-16.046441087472353
0.075927734375,-30.17447747827916,-27.331231207372632,-29.503110469542083,-16.033058349195986
0.076171875,-31.284168191604074,-27.256710047929534,-29.40466524834482,-16.0193546412605
0.076416015625,-32.428990430996485,-27.18063311771345,-29.3040552253365,-16.005334057111764
0.07666015625,-33.681216033323935,-27.103033470821494,-29.20130872281973,-15.991000985675486
0.076904296875,-35.13252834466795,-27.023947359863957,-29.09645907329676,-15.976360129279382
0.0771484375,-36.845192758807016,-26.943414488452802,-28.989545182067328,-15.961416521838437
0.077392578125,-38.741132104147916,-26.861478277650498,-28.880612140261604,-15.946175547252121
0.07763671875,-40.382015756125654,-26.778186146337926,-28.76971189124278,-15.930642957959106
0.077880859375,-41.02578336608724,-26.693589805270346,-28.656903953069964,-15.914824893591401
0.078125,-40.63894602384287,-26.607745564360346,-28.54225619932648,-15.89872789966611
0.078369140625,-40.01913626277188,-26.52071465245143,-28.425845700057604,-15.8823589462491
0.07861328125,-39.69116189793795,-26.432563548519408,-28.307759623784264,-15.865725446520745
0.078857421875,-39.60385073572552,-26.34336432285587,-28.18809620051799,-15.848835275169694
0.0791015625,-39.14872947740828,-26.25319498634314,-28.06696574434585,-15.831696786536236
0.079345703125,-37.64199737062847,-26.16213984541819,-27.94449173242287,-15.814318832422149
0.07958984375,-35.35859629457738,-26.07028985973988,-27.820811935042762,-15.796710779479444
0.079833984375,-33.052309549721876,-25.97774299891585,-27.696079588788738,-15.778882526085319
0.080078125,-31.11878789830207,-25.884604593911686,-27.570464601533406,-15.760844518605996
0.080322265625,-29.66306057289977,-25.790987677955638,-27.444154774200364,-15.742607766946906
0.08056640625,-28.69399652142745,-25.697013310871796,-27.317357019675626,-15.724183859281816
0.080810546875,-28.205965988226,-25.602810879830162,-27.190298554039124,-15.705584975848343
0.0810546875,-28.206701057075936,-25.508518368506785,-27.063228029385105,-15.686823901692398
0.081298828125,-28.731866074388833,-25.414282585619645,-26.936416570969705,-15.667914038239111
0.08154296875,-29.864446311965843,-25.32025934277143,-26.81015867438432,-15.648869413563114
0.081787109375,-31.77650192091379,-25.226613570522222,-26.68477291110778,-15.629704691226484
0.08203125,-34.82814786160414,-25.133519360676484,-26.560602383442443,-15.610435177548359
0.082275390625,-39.63882848231899,-25.0411599219504,-26.43801486291747,-15.591076827166397
0.08251953125,-42.55510715846526,-24.949727435549324,-26.317402540307164,-15.571646246746809
0.082763671875,-37.40493354040896,-24.85942279680202,-26.199181311170683,-15.55216069669674
0.0830078125,-33.33709123388743,-24.770455228945394,-26.083789519107686,-15.532638090730618
0.083251953125,-30.67504942617977,-24.68304175551754,-25.97168608069409,-15.513096993140563
0.08349609375,-28.83258460705225,-24.597406518680742,-25.86334792231099,-15.493556613620278
0.083740234375,-27.49729588038749,-24.513779932249573,-25.759266670785404,-15.474036799492412
0.083984375,-26.49306335016085,-24.432397660311175,-25.659944557747476,-15.454558025190664
0.084228515625,-25.71309973914557,-24.353499415161668,-25.565889522412313,-15.435141378850783
0.08447265625,-25.09324216701571,-24.27732757187496,-25.477609529185518,-15.415808545868767
0.084716796875,-24.59994017999382,-24.204125601171754,-25.39560615451089,-15.396581789290092
0.0849609375,-24.22296037283822,-24.134136327325812,-25.320367540387952,-15.377483926901093
0.085205078125,-23.9695965214247,-24.0676000235395,-25.252360857785895,-15.358538304902705
0.08544921875,-23.860112049389247,-24.004752363392733,-25.19202446872047,-15.339768768057485
0.085693359375,-23.925021060299073,-23.94582225341103,-25.13976001728597,-15.32119962621374
0.0859375,-24.20478519652597,-23.891029578244808,-25.095924713279516,-15.30285561712542
0.086181640625,-24.75254852865816,-23.84058289608776,-25.06082409307219,-15.284761865503324
0.08642578125,-25.641303403866477,-23.794677127439307,-25.034705547476833,-15.266943838252354
0.086669921875,-26.979015638722895,-23.75349128476712,-25.0177528930587,-15.249427295870673
0.0869140625,-28.939749813029486,-23.71718629369657,-25.01008223076438,-15.232238240010133
0.087158203125,-31.819630958930098,-23.685902957727805,-25.011739284974624,-15.215402857222761
0.08740234375,-35.941873317915245,-23.659760117911034,-25.022698350187742,-15.198947458945574
0.087646484375,-38.62733233430612,-23.638853056247097,-25.04286289635351,-15.18289841780549
0.087890625,-34.965308643695515,-23.623252186793778,-25.07206780349591,-15.167282100357053
0.088134765625,-31.2565202630515,-23.613002071654616,-25.110083118300185,-15.152124796398436
0.08837890625,-28.784113879326426,-23.608120790446563,-25.156619156108487,-15.137452645044988
0.088623046875,-27.1910414831734,-23.60859968185607,-25.21133271651136,-15.123291557774404
0.0888671875,-26.234336965077738,-23.614403464971964,-25.273834143025567,-15.109667138693004
0.089111328125,-25.780887864607802,-23.625470736772268,-25.34369493882885,-15.096604602308183
0.08935546875,-25.75732364054328,-23.641714831015314,-25.420455650813054,-15.084128689127482
0.089599609375,-26.123969448601926,-23.6630250134021,-25.50363375123512,-15.072263579439323
0.08984375,-26.861177399265152,-23.68926797874034,-25.592731276643683,-15.06103280566391
0.090087890625,-27.959040684487157,-23.72028960836138,-25.687242023486636,-15.050459163694471
0.09033203125,-29.40093551868989,-23.755916940506772,-25.78665814465072,-15.040564623678419
0.090576171875,-31.12108301959713,-23.795960302968602,-25.890476037247335,-15.031370240714486
0.0908203125,-32.89769393018799,-23.840215555953222,-25.998201455979235,-15.022896065965272
0.091064453125,-34.208403861389904,-23.888466393834644,-26.1093538259623,-15.015161058703626
0.09130859375,-34.468352131163314,-23.94048665695532,-26.22346976236985,-15.00818299982642
0.091552734375,-33.77628689828674,-23.996042608625267,-26.340105830953966,-15.001978407379132
0.091796875,-32.73178568707058,-24.054895137618924,-26.458840603297347,-14.99656245463945
0.092041015625,-31.726815935068835,-24.116801852409022,-26.579276073984662,-14.99194889130724
0.09228515625,-30.877618154337743,-24.181519039749734,-26.701038514519695,-14.988149968341535
0.092529296875,-30.176837763466516,-24.24880346669766,-26.82377884169814,-14.985176366972404
0.0927734375,-29.579568367762974,-24.31841401145574,-26.947172577281883,-14.98303713239678
0.093017578125,-29.038201748198777,-24.390113114312495,-27.07091947217667,-14.98173961264227
0.09326171875,-28.518123762694962,-24.463668045257428,-27.19474286276344,-14.981289403052187
0.093505859375,-28.0050909109203,-24.538851989471056,-27.31838882031756,-14.98169029680832
0.09375,-27.505795459955046,-24.615444955756413,-27.441625147170416,-14.982944241866116
0.093994140625,-27.042508770447697,-24.693234516085166,-27.56424026588665,-14.985051304629831
0.09423828125,-26.644678847269194,-24.772016386799972,-27.68604204058313,-14.988009640644238
0.094482421875,-26.340637253312202,-24.851594863696942,-27.806856562833065,-14.991815472524168
0.0947265625,-26.150684247858223,-24.931783124279526,-27.926526928517745,-14.996463075285408
0.094970703125,-26.080712752414343,-25.0124034110096,-28.04491202658344,-15.001944769180096
0.09521484375,-26.114749516275076,-25.093287109468626,-28.161885355948737,-15.008250920078032
0.095458984375,-26.206334717620706,-25.174274735068924,-28.277333882774663,-15.015369947373298
0.095703125,-26.27421090591699,-25.255215841400677,-28.39115694691245,-15.02328833933338
0.095947265625,-26.216675172440333,-25.33596886254097,-28.50326522352871,-15.031990675747418
0.09619140625,-25.956456970322243,-25.416400900748148,-28.613579743610472,-15.041459657671307
0.096435546875,-25.492870218555677,-25.49638746997744,-28.722030975210178,-15.051676144011438
0.0966796875,-24.908118908363793,-25.575812204623453,-28.828557965837554,-15.06261919463632
0.096923828125,-24.32085961059086,-25.654566541862117,-28.9331075452847,-15.074266119657109
0.09716796875,-23.83797078623273,-25.732549384954922,-29.035633587325798,-15.086592534474434
0.097412109375,-23.536311320153843,-25.809666753913632,-29.136096328117386,-15.099572420150633
0.09765625,-23.46643622582226,-25.885831429018893,-29.234461738695835,-15.113178188633823
0.097900390625,-23.66259715394284,-25.960962591850304,-29.33070094868867,-15.127380752333382
0.09814453125,-24.151607873340176,-26.03498546772423,-29.42478971819654,-15.142149597525663
0.098388671875,-24.95927006737789,-26.107830972749703,-29.516707954734173,-15.15745286105407
0.0986328125,-26.115103791765275,-26.179435368103494,-29.606439272123147,-15.173257409779076
0.098876953125,-27.656393042217896,-26.24973992358704,-29.693970588285893,-15.189528922230934
0.09912109375,-29.632416297700118,-26.318690592060126,-29.77929175898753,-15.206231971920964
0.099365234375,-32.10967600120288,-26.38623769594037,-29.862395244695463,-15.22333011177545
0.099609375,-35.17926501915032,-26.452335626611806,-29.94327580786999,-15.240785959169594
0.099853515625,-38.96745808822369,-26.51694255729207,-30.021930238151757,-15.258561281056746
0.10009765625,-43.61346525281449,-26.58002016966153,-30.098357103071702,-15.276617078709982
0.100341796875,-48.43106339327802,-26.641533394353935,-30.17255652206883,-15.294913671618488
0.1005859375,-48.02174541366479,-26.70145016524073,-30.24452996175925,-15.313410780109535
0.100830078125,-43.61006287756063,-26.75974118730682,-30.314280050554,-15.332067606297677
0.10107421875,-39.642155812850454,-26.816379717807717,-30.381810410870166,-15.350842912995354
0.101318359375,-36.41284909720567,-26.871341360315867,-30.447125507320763,-15.369695100253187
0.1015625,-33.77922714777228,-26.92460387120008,-30.51023050940095,-15.388582279233026
0.101806640625,-31.618037113499792,-26.976146978037193,-30.571131167312615,-15.407462343152027
0.10205078125,-29.832815491462767,-27.02595220942317,-30.62983369968514,-15.426293035071145
0.102294921875,-28.34985005711571,-27.074002735631666,-30.686344692057684,-15.445032012335894
0.1025390625,-27.11602628249938,-27.120283219558623,-30.740671005087776,-15.463636907511109
0.102783203125,-26.096760497433177,-27.164779677389532,-30.7928196915428,-15.482065385683768
0.10302734375,-25.27329072902439,-27.207479348430983,-30.842797921214927,-15.500275198039102
0.103271484375,-24.63932402976173,-27.24837057355767,-30.890612912977385,-15.518224231644453
0.103515625,-24.197550458638005,-27.287442681739947,-30.936271873270684,-15.535870555402873
0.103759765625,-23.956693581784094,-27.32468588413344,-30.97978194037148,-15.553172462163843
0.10400390625,-23.929575887670982,-27.360091175231037,-31.021150133856068,-15.57008850700183
0.104248046875,-24.132370677511087,-27.39365024059781,-31.060383308723132,-15.586577541694504
0.1044921875,-24.585013605917506,-27.425355370730497,-31.097488113689785,-15.602598745451427
0.104736328125,-25.31272058612082,-27.45519938060496,-31.132470953218284,-15.618111651960673
0.10498046875,-26.348602840863798,-27.483175534496493,-31.165337952871152,-15.633076172835503
0.105224609375,-27.737077669094944,-27.509277475679603,-31.196094927628213,-15.647452617555606
0.10546875,-29.5352966780229,-27.533499160634904,-31.224747352832107,-15.661201710007846
0.105712890625,-31.79548816116967,-27.555834797411336,-31.251300337457874,-15.674284601740025
0.10595703125,-34.436207664224185,-27.57627878781178,-31.2757585994293,-15.686662882047667
0.106201171875,-36.68142164128368,-27.594825673088902,-31.29812644272816,-15.698298585018922
0.1064453125,-36.742327896497706,-27.61147008285643,-31.318407736064444,-15.709154193665892
0.106689453125,-34.851576091815545,-27.626206686937973,-31.33660589289477,-15.719192641272615
0.10693359375,-32.71129068154929,-27.639030149891717,-31.352723852593662,-15.728377310090353
0.107177734375,-30.88991535655363,-27.649935087964465,-31.366764062597632,-15.736672027510263
0.107421875,-29.40903595070704,-27.65891602824274,-31.378728461356197,-15.744041059841491
0.107666015625,-28.210397081482974,-27.665967369781637,-31.388618461935923,-15.750449103820152
0.10791015625,-27.250794175121072,-27.67108334650454,-31.396434936134586,-15.755861275970833
0.108154296875,-26.509682586676213,-27.674257991677962,-31.40217819897234,-15.760243099937885
0.1083984375,-25.982316939651696,-27.675485103776026,-31.40584799343463,-15.763560491898707
0.108642578125,-25.67283009719325,-27.674758213558654,-31.40744347534969,-15.765779744165524
0.10888671875,-25.589743141709697,-27.672070552195912,-31.40696319828898,-15.76686750707613
0.109130859375,-25.743655235591053,-27.66741502027882,-31.40440509838484,-15.76679076926742
0.109375,-26.14623657175702,-27.660784157563544,-31.39976647896374,-15.765516836418849
0.109619140625,-26.809539264761504,-27.652170113302127,-31.39304399489739,-15.763013308545686
0.10986328125,-27.74435033741834,-27.64156461701811,-31.384233636576575,-15.759248055914767
0.110107421875,-28.955105222955652,-27.628958949589762,-31.373330713414944,-15.75418919364785
0.1103515625,-30.425333047925665,-27.614343914507643,-31.360329836791276,-15.747805055070152
0.110595703125,-32.079515065736366,-27.59770980917585,-31.345224902339226,-15.740064163853942
0.11083984375,-33.70109826702692,-27.57904639612898,-31.328009071494073,-15.730935204999291
0.111083984375,-34.850694707960194,-27.558342874037976,-31.308674752204844,-15.720386994686315
0.111328125,-35.059088442361144,-27.535587848379237,-31.287213578719296,-15.708388449025394
0.111572265625,-34.32458076700651,-27.510769301641144,-31.263616390346968,-15.694908551724062
0.11181640625,-33.051255285567024,-27.483874562941825,-31.237873209103316,-15.679916320681306
0.112060546875,-31.5758011073359,-27.45489027693027,-31.209973216134195,-15.663380773512232
0.1123046875,-30.060339989512144,-27.423802371841187,-31.179904726816403,-15.645270891998049
0.112548828125,-28.583111709670717,-27.390596026570726,-31.14765516442499,-15.625555585448438
0.11279296875,-27.196320397333395,-27.355255636636564,-31.11321103225277,-15.60420365295533
0.113037109375,-25.941063456940228,-27.317764778881433,-31.076557884061163,-15.581183744509024
0.11328125,-24.8484491121226,-27.278106174773495,-31.03768029273432,-15.556464320939396
0.113525390625,-23.940173078617867,-27.236261652150503,-30.996561817000597,-15.53001361263668
0.11376953125,-23.230585601427713,-27.192212105247584,-30.953184966076478,-15.501799576997733
0.114013671875,-22.729222879923228,-27.14593745283954,-30.907531162077724,-15.471789854535139
0.1142578125,-22.442910359176164,-27.09741659431918,-30.859580700031866,-15.439951723577497
0.114501953125,-22.377049243541308,-27.046627363522177,-30.809312705313157,-15.406252053480184
0.11474609375,-22.535828594581808,-26.993546480096605,-30.756705088307804,-15.37065725625627
0.114990234375,-22.920778789309217,-26.938149498201604,-30.701734496101743,-15.333133236527498
0.115234375,-23.52616631204365,-26.88041075230415,-30.644376260966354,-15.293645339684884
0.115478515625,-24.32793954973392,-26.820303299825735,-30.58460434539869,-15.252158298137783
0.11572265625,-25.260786179511467,-26.757798860371583,-30.522391283452393,-15.208636175518944
0.115966796875,-26.181775211698106,-26.692867751253804,-30.457708118071846,-15.163042308701115
0.1162109375,-26.851757317279777,-26.625478818995802,-30.390524334117156,-15.115339247468338
0.116455078125,-27.027446058276986,-26.555599366479395,-30.32080778673917,-15.065488691671474
0.11669921875,-26.666008328397893,-26.483195075366233,-30.248524624732205,-15.013451425683721
0.116943359375,-25.9680083336351,-26.408229923392504,-30.173639208457423,-14.959187249956404
0.1171875,-25.186093667244545,-26.33066609609973,-30.09611402189126,-14.90265490945966
0.117431640625,-24.487488965901512,-26.250463892523676,-30.015909578309994,-14.843812018775232
0.11767578125,-23.951188872016985,-26.167581624318164,-29.93298431907356,-14.782614983590443
0.117919921875,-23.604477215924547,-26.081975507740385,-29.847294504918477,-14.71901891832277
0.1181640625,-23.449227853469313,-25.993599547867454,-29.758794099109437,-14.652977559583455
0.118408203125,-23.47426729888294,-25.902405414351524,-29.667434641732832,-14.584443175166363
0.11865234375,-23.659288023587525,-25.808342307949648,-29.573165114340018,-14.513366468223998
0.118896484375,-23.974444899018337,-25.711356816985948,-29.47593179406457,-14.439696476267269
0.119140625,-24.378321992932403,-25.61139276281427,-29.37567809624285,-14.363380464597897
0.119384765625,-24.817015948875863,-25.508391033250454,-29.27234440446157,-14.284363813753407
0.11962890625,-25.227976368938094,-25.4022894028299,-29.16586788683549,-14.202589900513182
0.119873046875,-25.551632802351975,-25.29302233862046,-29.05618229718401,-14.117999971981403
0.1201171875,-25.748623676917628,-25.180520790176413,-28.943217759621405,-14.030533012227298
0.120361328125,-25.812666350596274,-25.064711962057924,-28.82690053490277,-13.940125600926558
0.12060546875,-25.769077139495764,-24.945519067156333,-28.70715276667034,-13.846711763409044
0.120849609375,-25.660523256547187,-24.822861058856958,-28.58389220552052,-13.750222811477517
0.12109375,-25.53107557595856,-24.696652339833744,-28.457031908556832,-13.650587174320986
0.121337890625,-25.416762855271298,-24.566802444998928,-28.326479911800963,-13.547730218803508
0.12158203125,-25.343054003458278,-24.433215695822092,-28.192138872500344,-13.441574058367374
0.121826171875,-25.32602265722925,-24.29579082287784,-28.053905677985536,-13.332037349747342
0.1220703125,-25.374529809258696,-24.154420553075365,-27.911671017289304,-13.219035076653615
0.122314453125,-25.492433051962745,-24.00899115755491,-27.765318911228718,-13.102478319544737
0.12255859375,-25.680904250613565,-23.85938195569707,-27.614726196061724,-12.982274010582298
0.122802734375,-25.94117496234345,-23.705464770067177,-27.45976195514571,-12.858324672838055
0.123046875,-26.277670342365262,-23.547103326394435,-27.300286892229423,-12.730528142816514
0.123291015625,-26.7008994799625,-23.384152591846714,-27.136152639082702,-12.598777275366459
0.12353515625,-27.229076334543322,-23.216458043882554,-26.967200989082038,-12.462959630090225
0.123779296875,-27.887523507279095,-23.04385486082103,-26.793263047098172,-12.322957138429487
0.1240234375,-28.705188098724925,-22.866167023929613,-26.61415828453192,-12.178645750721188
0.124267578125,-29.707193249416477,-22.683206319257817,-26.429693486575662,-12.029895062694234
0.12451171875,-30.900247746766617,-22.494771225588558,-26.239661576679993,-11.876567921134063
0.124755859375,-32.24419110669538,-22.300645672685533,-26.043840300711246,-11.718520008807072
0.125,-33.606066746661725,-22.100597651410453,-25.841990750307097,-11.555599409240722
0.125244140625,-34.73529907792761,-21.894377654183725,-25.633855701369455,-11.387646152645317
0.12548828125,-35.38433579651747,-21.6817169205559,-25.419157739338317,-11.214491745194547
0.125732421875,-35.56392849132624,-21.4623254582117,-25.19759713769966,-11.03595868513175
0.1259765625,-35.5585732902147,-21.23588980437625,-24.96884944988,-10.851859970835001
0.126220703125,-35.67467928778261,-21.002070486119987,-24.732562766992665,-10.661998608185467
0.12646484375,-36.10169265677803,-20.76049913020406,-24.48835458448228,-10.466167127512518
0.126708984375,-36.92218751938052,-20.51077516352977,-24.23580820910656,-10.264147124256084
0.126953125,-38.13400539945715,-20.25246203352973,-23.97446862331939,-10.055708842590644
0.127197265625,-39.613546550410994,-19.985082863414927,-23.703837706209917,-9.840610827981246
0.12744140625,-40.96195574067199,-19.708115439373614,-23.423368687711957,-9.618599683508496
0.127685546875,-41.29576858866174,-19.420986404694542,-23.132459684497103,-9.389409976482685
0.1279296875,-39.83923295674609,-19.12306450819676,-22.83044613004403,-9.152764357272368
0.128173828125,-37.1231855167857,-18.813652719767358,-22.516591865460107,-8.908373972587535
0.12841796875,-34.13208736624397,-18.4919789822624,-22.19007859850997,-8.655939282263706
0.128662109375,-31.372138084403794,-18.157185313936324,-21.84999336159208,-8.395151423972122
0.12890625,-29.012517586169967,-17.80831490555651,-21.49531349904571,-8.125694316976759
0.129150390625,-27.092375285412654,-17.44429676704328,-21.124888581753574,-7.847247757667711
0.12939453125,-25.60279227242369,-17.06392736413417,-20.737418470689555,-7.559491840789868
0.129638671875,-24.51046178930788,-16.665848538875675,-20.331426514057576,-7.262113147056314
0.1298828125,-23.75717411975178,-16.248520819430723,-19.90522654086837,-6.954813277737026
0.130126953125,-23.24898437658211,-15.810190983510108,-19.45688187228361,-6.63732049909186
0.13037109375,-22.85272347583849,-15.348852432956386,-18.984153959638135,-6.309405494944958
0.130615234375,-22.432834438964218,-14.862196552556375,-18.484437399044115,-5.970902525806245
0.130859375,-21.94156968634744,-14.347552758429291,-17.95467685389086,-5.621737667934324
0.131103515625,-21.489523268578232,-13.801814405817943,-17.391259668705434,-5.261966259984719
0.13134765625,-21.32013700485638,-13.221347193859563,-16.789875425340437,-4.891822208018976
0.131591796875,-21.75424834283863,-12.601876383299928,-16.14532999366506,-4.511782350003992
0.1318359375,-23.1810826073201,-11.938349564033,-15.45129620780828,-4.122649556657563
0.132080078125,-25.575295642512394,-11.224774172959425,-14.699975400084917,-3.725658437056984
0.13232421875,-24.43985269887498,-10.454036600211648,-13.881632818082107,-3.322607035842373
0.132568359375,-18.916367140244574,-9.617730092426516,-12.983955270926515,-2.916016090842015
0.1328125,-14.179485229517535,-8.70607022534166,-11.99116471030738,-2.509313234451644
0.133056640625,-10.546888645032643,-7.708105195315945,-10.882825336585956,-2.1070315583258155
0.13330078125,-7.706594496574479,-6.6127476706288215,-9.63237994339102,-1.7149986857529762
0.133544921875,-5.45572234875338,-5.41194504674562,-8.20593955976584,-1.3404731171658935
0.1337890625,-3.67439498679688,-4.1091859636332915,-6.563900734267818,-0.9921609562692291
0.134033203125,-2.2891373026917017,-2.7403862348581303,-4.6762805298937575,-0.6800255520299063
0.13427734375,-1.2533598605382068,-1.4178532071634344,-2.5943327058514134,-0.4148005788710518
0.134521484375,-0.5372984940157848,-0.38869107535889985,-0.6975457066142371,-0.20715533963590047
0.134765625,-0.12269559818764947,0.0,0.0,-0.06655547410846371
0.135009765625,0.0,-0.42521002444571016,-1.100250440119803,0.0
0.13525390625,-0.1670704279847685,-1.4603858664419707,-3.080231958820971,-0.010937913600754991
0.135498046875,-0.6289679340950847,-2.759755807562427,-5.085649308808861,-0.09868826330507786
0.1357421875,-1.3987941368576151,-4.090123938426108,-6.865592033229976,-0.2585573333047532
0.135986328125,-2.4998928994981466,-5.348822896379963,-8.404902587655808,-0.4826127570236952
0.13623046875,-3.9703113652109767,-6.504370810067339,-9.739526194316612,-0.7608627271400119
0.136474609375,-5.871688484798957,-7.554969969435773,-10.9080991750207,-1.0825073407213703
0.13671875,-8.308119229415347,-8.50920106270212,-11.942480115838608,-1.4369916289269185
0.136962890625,-11.471206742745759,-9.378231563984258,-12.867420471791643,-1.8147262131001716
0.13720703125,-15.769145165984702,-10.172937276914409,-13.701960622886062,-2.2074693135773424
0.137451171875,-22.307835429009923,-10.902984441942117,-14.46083859126761,-2.608439487584448
0.1376953125,-32.424472620838486,-11.576661793441755,-15.15559607945189,-3.0122512355505653
0.137939453125,-25.730527328583086,-12.200979058662657,-15.795391685225269,-3.4147553649583173
0.13818359375,-21.805372364158508,-12.781842037655204,-16.387589043020753,-3.812843149291338
0.138427734375,-20.28016696541902,-13.324232483302021,-16.93818278528162,-4.204250579310849
0.138671875,-19.945359799699634,-13.832368361768609,-17.452109729823793,-4.587381586448775
0.138916015625,-20.351174856120156,-14.309838731314443,-17.933478866055367,-4.961157718845764
0.13916015625,-21.26310946609412,-14.759714415796367,-18.38574347244494,-5.324895186995447
0.139404296875,-22.510824973359803,-15.184637832197755,-18.81183155471605,-5.678206917811565
0.1396484375,-23.930341022872213,-15.586895645814842,-19.214245906552886,-6.020925966007772
0.139892578125,-25.344395525591473,-15.968477570342118,-19.595141758780624,-6.35304642623008
0.14013671875,-26.578348724464185,-16.331124091829306,-19.956387694784027,-6.674678305529774
0.140380859375,-27.51100625748348,-16.676365364490724,-20.2996139265691,-6.986013332299742
0.140625,-28.12818110532656,-17.005553066175388,-20.626250918728736,-7.287299226801979
0.140869140625,-28.52774940278588,-17.319886624446383,-20.937560564728702,-7.578820461765639
0.14111328125,-28.86921311721278,-17.620434924063446,-21.234661560113768,-7.860883970202618
0.141357421875,-29.31427069840928,-17.90815437089493,-21.518550212423186,-8.133808607349373
0.1416015625,-29.9946834832741,-18.18390400327216,-21.790117631715418,-8.397917451485199
0.141845703125,-31.003758702998763,-18.448458198455636,-22.050164027073045,-8.653532245278932
0.14208984375,-32.384257230533464,-18.702517410140878,-22.29941067146145,-8.900969446704805
0.142333984375,-34.062324917527484,-18.946717285619986,-22.538509974592444,-9.140537486772146
0.142578125,-35.64320733535617,-19.181636442754982,-22.768054010211575,-9.372534929019896
0.142822265625,-36.26402788456957,-19.40780313302605,-22.988581772802178,-9.597249299965737
0.14306640625,-35.4967704792993,-19.625700974298095,-23.200585383532765,-9.814956416005026
0.143310546875,-34.06067764675479,-19.835773903092154,-23.404515422346606,-10.02592007492482
0.1435546875,-32.65726717442045,-20.0384304691187,-23.600785529440223,-10.230392012524604
0.143798828125,-31.520803669988794,-20.2340475731515,-23.789776392820208,-10.428612049331162
0.14404296875,-30.669424049637875,-20.422973731848785,-23.971839217530054,-10.620808370961887
0.144287109375,-30.05955109096725,-20.605531938981553,-24.14729875527471,-10.807197899770886
0.14453125,-29.63299996274463,-20.78202218102183,-24.316455959612963,-10.987986726094189
0.144775390625,-29.331458866204905,-20.952723655640746,-24.47959032092388,-11.163370575514257
0.14501953125,-29.10769129918804,-21.11789673395126,-24.63696192644435,-11.333535294714592
0.145263671875,-28.93924919547395,-21.277784700970678,-24.788813283393097,-11.498657343158165
0.1455078125,-28.83875483583051,-21.432615303517167,-24.935370937221073,-11.658904281358346
0.145751953125,-28.85340269544292,-21.582602130382188,-25.07684691209802,-11.814435249183921
0.14599609375,-29.055185293843692,-21.727945845976322,-25.21343999666224,-11.96540142965852
0.146240234375,-29.53170687656696,-21.868835295593044,-25.345336894662033,-12.111946495232285
0.146484375,-30.387450607260934,-22.005448497872603,-25.47271325728042,-12.254207034640727
0.146728515625,-31.763782396605368,-22.137953537886716,-25.595734611554384,-12.39231295931117
0.14697265625,-33.89788048690666,-22.26650937243655,-25.71455719729622,-12.526387888900706
0.147216796875,-37.309613952761815,-22.391266557606755,-25.829328723233097,-12.656549516004915
0.1474609375,-43.699029593910204,-22.512367907296724,-25.94018905164536,-12.782909950401784
0.147705078125,-54.52522423740046,-22.629949090324505,-26.04727081956478,-12.90557604342445
0.14794921875,-41.39726711761706,-22.74413917273289,-26.150700003551975,-13.024649693210481
0.148193359375,-36.292224275957985,-22.85506111109918,-26.250596434181727,-13.140228131674762
0.1484375,-33.333561967542124,-22.962832201936344,-26.347074265599236,-13.25240419411007
0.148681640625,-31.36743545117751,-23.067564491658025,-26.440242404852142,-13.361266572346457
0.14892578125,-29.98768889564719,-23.169365151046215,-26.53020490513351,-13.466900052403819
0.149169921875,-29.00665833083572,-23.268336817698927,-26.617061326579332,-13.56938573756002
0.1494140625,-28.325969307820472,-23.36457790953306,-26.700907067835967,-13.668801257732557
0.149658203125,-27.887943491125103,-23.458182912066835,-26.781833671240523,-13.765220966039621
0.14990234375,-27.648486885585953,-23.549242641901394,-26.85992910413311,-13.858716123369453
0.150146484375,-27.55623844177284,-23.63784448855281,-26.935278018534973,-13.94935507174607
0.150390625,-27.535890584089664,-23.724072636551305,-27.00796199117782,-14.03720339723802
0.150634765625,-27.48397562234967,-23.808008269518687,-27.07805974565011,-14.122324083113742
0.15087890625,-27.29404345437489,-23.889729757753532,-27.14564735823363,-14.204777653905893
0.151123046875,-26.912557653432376,-23.969312830694154,-27.210798448832453,-14.28462231100526
0.1513671875,-26.37981065853782,-24.046830735488207,-27.273584358246026,-14.361914060365793
0.151611328125,-25.808274769269506,-24.122354382773963,-27.334074312904015,-14.43670683286416
0.15185546875,-25.32536867303048,-24.19595248066734,-27.392335578061136,-14.509052597821038
0.152099609375,-25.03665991989869,-24.267691657852172,-27.44843360034487,-14.579001470157404
0.15234375,-25.021827520597228,-24.337636576584423,-27.502432140453323,-14.646601811626738
0.152587890625,-25.34725342172809,-24.40585003634474,-27.55439339671654,-14.71190032653383
0.15283203125,-26.083570440153025,-24.472393068805825,-27.604378120158145,-14.774942152322536
0.153076171875,-27.327596963689842,-24.537325024721145,-27.652445721626133,-14.835770945388374
0.1533203125,-29.23672999989919,-24.60070365328796,-27.69865437150043,-14.89442896244694
0.153564453125,-32.08814062857168,-24.662585174490612,-27.74306109242954,-14.950957137766288
0.15380859375,-36.23872887460662,-24.723024344888024,-27.78572184549877,-15.005395156549682
0.154052734375,-39.51548581121963,-24.7820745172725,-27.826691610187893,-15.057781524735269
0.154296875,-36.18675716460257,-24.839787694594,-27.866024458435355,-15.108153635460567
0.154541015625,-32.455791650848454,-24.896214578515455,-27.90377362308967,-15.156547832422223
0.15478515625,-29.992353493982968,-24.951404612939108,-27.939991560995978,-15.202999470345528
0.155029296875,-28.415417623263373,-25.005406022821617,-27.974730010935573,-15.247542972762979
0.1552734375,-27.4478699764717,-25.058265848576163,-28.00804004661018,-15.290211887287313
0.155517578125,-26.92376621033215,-25.110029976342606,-28.039972124838375,-15.33103893855124
0.15576171875,-26.73108116833951,-25.160743164392013,-28.07057612911086,-15.370056078974077
0.156005859375,-26.780599321829396,-25.210449065918805,-28.099901408632032,-15.40729453750389
0.15625,-26.99023261269574,-25.259190248462815,-28.127996812959243,-15.442784866473252
0.156494140625,-27.27945099090892,-25.3070082101936,-28.15491072233658,-15.476556986696622
0.15673828125,-27.57278348888122,-25.353943393281504,-28.18069107380815,-15.508640230927927
0.156982421875,-27.81030399560768,-25.400035194572418,-28.205385383185494,-15.539063385788161
0.1572265625,-27.958317206646903,-25.445321973777165,-28.22904076293572,-15.56785473226429
0.157470703125,-28.011917636414836,-25.489841059381597,-28.25170393605093,-15.595042084873015
0.15771484375,-27.987929417884377,-25.533628752478062,-28.273421245954864,-15.620652829575194
0.157958984375,-27.915107754394775,-25.576720328715865,-28.294238662500632,-15.644713960519748
0.158203125,-27.82842408428754,-25.619150038563838,-28.31420178411221,-15.66725211568885
0.158447265625,-27.76796043598633,-25.660951106075704,-28.33335583612427,-15.688293611509662
0.15869140625,-27.77895730677951,-25.70215572634511,-28.35174566537685,-15.70786447649157
0.158935546875,-27.91052465609385,-25.74279506183469,-28.369415731126765,-15.725990483941608
0.1591796875,-28.213183569277458,-25.78289923776034,-28.386410092343294,-15.74269718380485
0.159423828125,-28.73658779665734,-25.82249733670872,-28.40277239146383,-15.758009933670742
0.15966796875,-29.52811125076222,-25.86161739266266,-28.418545834694218,-15.771953928980517
0.159912109375,-30.63155448468665,-25.900286384605838,-28.433773168949443,-15.784554232465329
0.16015625,-32.08343396939767,-25.93853022987368,-28.448496655542428,-15.795835802839127
0.160400390625,-33.901071146366284,-25.976373777413567,-28.462758040741768,-15.805823522764783
0.16064453125,-36.04915810941539,-26.013840801112266,-28.476598523334054,-15.814542226106544
0.160888671875,-38.3563551671904,-26.050953993343704,-28.490058719341384,-15.822016724476434
0.1611328125,-40.349340784518084,-26.087734958883786,-28.5031786240611,-15.828271833076663
0.161376953125,-41.1536417304207,-26.12420420933318,-28.515997571611365,-15.833332395834878
0.16162109375,-40.13808728349291,-26.160381158181774,-28.528554192183297,-15.837223309823285
0.161865234375,-37.82465370756137,-26.196284116641273,-28.540886367217915,-15.839969548947476
0.162109375,-35.15219253711141,-26.231930290364197,-28.55303118274295,-15.841596186885026
0.162353515625,-32.65538563476997,-26.267335777159147,-28.56502488112186,-15.842128419248462
0.16259765625,-30.52715244752383,-26.302515565803404,-28.57690281148357,-15.841591584941618
0.162841796875,-28.813565873652685,-26.337483536043877,-28.588699379116775,-15.840011186672683
0.1630859375,-27.510726288412602,-26.37225245986837,-28.600447994127226,-15.837412910581715
0.163330078125,-26.6022161482733,-26.406834004118046,-28.61218101966919,-15.833822644934683
0.16357421875,-26.072792105077713,-26.441238734502214,-28.623929720073566,-15.829266497830517
0.163818359375,-25.913519526430242,-26.475476121065228,-28.635724209204454,-15.823770813862039
0.1640625,-26.12425833201624,-26.509554545144717,-28.647593399383204,-15.817362189666175
0.164306640625,-26.716032980955802,-26.54348130784925,-28.659564951223402,-15.810067488293374
0.16455078125,-27.714922684208517,-26.577262640072796,-28.67166522472288,-15.801913852320872
0.164794921875,-29.169614529444246,-26.61090371405187,-28.68391923195743,-15.792928715629415
0.1650390625,-31.16713342374856,-26.644408656461337,-28.69635059171798,-15.783139813758002
0.165283203125,-33.86841004009109,-26.67778056303368,-28.70898148642578,-15.772575192746729
0.16552734375,-37.5969445780413,-26.711021514676688,-28.721832621650695,-15.761263216373447
0.165771484375,-43.03937874194315,-26.74413259505473,-28.734923188544602,-15.749232571686065
0.166015625,-49.40108679272682,-26.77711390958938,-28.748270829486124,-15.73651227272891
0.166259765625,-45.984289941524715,-26.809964605826558,-28.761891607213677,-15.723131662358668
0.16650390625,-42.2140035527514,-26.842682895108933,-28.775799977702224,-15.709120412043076
0.166748046875,-40.21084509801241,-26.875266075485122,-28.79000876701435,-15.694508519534143
0.1669921875,-39.152336812489196,-26.90771055577997,-28.80452915232937,-15.679326304306676
0.167236328125,-38.57726658252362,-26.940011880744628,-28.819370647324853,-15.663604400653135
0.16748046875,-38.19693851493774,-26.972164757199177,-28.8345410920539,-15.647373748326896
0.167724609375,-37.833955634890565,-27.004163081076452,-28.850046647428588,-15.63066558062808
0.16796875,-37.425824885301914,-27.0359999652718,-28.86589179438641,-15.613511409829467
0.168212890625,-37.00345368039656,-27.06766776820031,-28.882079337781605,-15.595943009844577
0.16845703125,-36.622658330439236,-27.09915812296119,-28.898610415008186,-15.577992396045829
0.168701171875,-36.285807798998455,-27.130461967007264,-28.915484509326596,-15.559691802148132
0.1689453125,-35.88502521495916,-27.16156957221713,-28.93269946783111,-15.541073654081929
0.169189453125,-35.20830370876687,-27.192470575267343,-28.950251523961484,-15.522170540790283
0.16943359375,-34.08317973895922,-27.223154008203032,-28.968135324429603,-15.503015181896416
0.169677734375,-32.56523247111561,-27.25360832910652,-28.98634396040125,-15.483640392201938
0.169921875,-30.896951933120114,-27.283821452765885,-29.004869002743966,-15.464079042991173
0.170166015625,-29.314163569408286,-27.313780781247612,-29.02370054112524,-15.444364020134124
0.17041015625,-27.960072782215626,-27.343473234281092,-29.04282722672128,-15.42452817899923
0.170654296875,-26.904627047376053,-27.37288527936603,-29.062236318275016,-15.404604296207244
0.1708984375,-26.181401717449695,-27.402002961517905,-29.081913731223608,-15.384625018279497
0.171142578125,-25.812475247146324,-27.43081193257111,-29.101844089600327,-15.364622807256868
0.17138671875,-25.82334272747618,-27.459297479964043,-29.122010780403194,-15.34462988339036
0.171630859375,-26.25469169868657,-27.487444554935358,-29.142396010114258,-15.324678165029663
0.171875,-27.17806377815345,-27.515237800065748,-29.162980863046556,-15.304799205862771
0.172119140625,-28.727293441013906,-27.542661576104774,-29.183745361193935,-15.28502412968668
0.17236328125,-31.181084372059466,-27.569699988027917,-29.20466852525849,-15.26538356291693
0.172607421875,-35.25733181782554,-27.596336910274154,-29.22572843653374,-15.24590756507135
0.1728515625,-44.04861291112014,-27.62255601111984,-29.246902299327285,-15.226625557490877
0.173095703125,-45.8270790842819,-27.648340776150192,-29.2681665036152,-15.207566250587153
0.17333984375,-36.17226627907783,-27.67367453079474,-29.289496687630706,-15.188757569932543
0.173583984375,-32.07610685800641,-27.69854046189836,-29.31086780010245,-15.170226581532765
0.173828125,-29.709721974630177,-27.72292163830461,-29.332254161872164,-15.1519994166452
0.174072265625,-28.257332668537998,-27.74680103043267,-29.353629526637057,-15.134101196526544
0.17431640625,-27.40389261447052,-27.770161528834215,-29.374967140580033,-15.116555957511572
0.174560546875,-26.992708754619134,-27.792985961720408,-29.3962398006683,-15.099386576840033
0.1748046875,-26.933976757948457,-27.815257111454006,-29.417419911420456,-15.082614699660368
0.175048828125,-27.172515826548697,-27.836957730004936,-29.438479539961072,-15.066260667647228
0.17529296875,-27.675025455644334,-27.858070553371654,-29.45939046920165,-15.050343449673957
0.175537109375,-28.42502786297285,-27.878578314973964,-29.480124249006323,-15.034880574981123
0.17578125,-29.420349391238574,-27.89846375802596,-29.500652245220312,-15.019888069277858
0.176025390625,-30.668905044737862,-27.917709646900732,-29.520945686458106,-15.005380394203549
0.17626953125,-32.175441370437504,-27.9362987775009,-29.540975708566837,-14.991370390564073
0.176513671875,-33.90067123564612,-27.95421398665152,-29.56071339669846,-14.977869225738178
0.1767578125,-35.65201564739552,-27.971438160533634,-29.58012982494113,-14.964886345626933
0.177001953125,-36.91466416249836,-27.987954242178912,-29.59919609347662,-14.952429431491849
0.17724609375,-37.04672352613418,-28.00374523804691,-29.61788336324556,-14.940504361995774
0.177490234375,-36.09129936221144,-28.018794223708063,-29.636162888116644,-14.929115180725375
0.177734375,-34.6549845791486,-28.033084348656363,-29.654006044568824,-14.918264069435114
0.177978515625,-33.13229363320161,-28.046598840276708,-29.67138435890757,-14.907951327210752
0.17822265625,-31.63609102204901,-28.05932100699216,-29.688269532046867,-14.898175355705911
0.178466796875,-30.182870150576917,-28.071234240617116,-29.704633461898432,-14.888932650558772
0.1787109375,-28.78810341488181,-28.08232201794256,-29.720448263418227,-14.880217799048017
0.178955078125,-27.4838930897063,-28.09256790157914,-29.73568628636731,-14.87202348399853
0.17919921875,-26.307431456815273,-28.10195554008462,-29.750320130851144,-14.864340493898428
0.179443359375,-25.288419237003495,-28.110468667400824,-29.764322660705957,-14.857157739140616
0.1796875,-24.44378632719832,-28.118091101626042,-29.777667014806116,-14.85046227425479
0.179931640625,-23.777810277087678,-28.124806743147115,-29.790326616368887,-14.844239325950301
0.18017578125,-23.284115325315355,-28.130599572155788,-29.802275180336192,-14.838472326746894
0.180419921875,-22.947572436637248,-28.13545364557251,-29.81348671891481,-14.833142953929938
0.1806640625,-22.745577520280193,-28.139353093400295,-29.823935545356754,-14.828231173529607
0.180908203125,-22.648960666358487,-28.142282114530364,-29.833596276062977,-14.823715288989867
0.18115234375,-22.623119649439516,-28.14422497202002,-29.842443831092346,-14.819571994163848
0.181396484375,-22.630064004079017,-28.145165987862573,-29.850453433157572,-14.81577643024683
0.181640625,-22.63187566071338,-28.14508953726746,-29.85760060518824,-14.81230224623764
0.181884765625,-22.59552761165382,-28.143980042468066,-29.863861166539355,-14.80912166250301
0.18212890625,-22.49812137875981,-28.14182196607306,-29.869211227921653,-14.806205537008228
0.182373046875,-22.33086913913681,-28.138599803976163,-29.873627185127493,-14.803523433770502
0.1826171875,-22.10021852607852,-28.134298077837578,-29.877085711623145,-14.801043693089245
0.182861328125,-21.825598808045807,-28.128901327149478,-29.87956375007564,-14.798733503109439
0.18310546875,-21.534694706526246,-28.12239410089593,-29.881038502878674,-14.796558972280486
0.183349609375,-21.257945231430813,-28.114760948816876,-29.881487421738903,-14.794485202282734
0.18359375,-21.023741355943496,-28.10598641228395,-29.88088819638042,-14.792476361007413
0.183837890625,-20.854981073351894,-28.09605501479465,-29.879218742421415,-14.790495755192254
0.18408203125,-20.76687752887785,-28.084951252089894,-29.876457188473378,-14.788505902334286
0.184326171875,-20.76555339197194,-28.07265958189847,-29.872581862509435,-14.78646860152308
0.1845703125,-20.847016777503296,-28.059164413310533,-29.867571277544577,-14.784345002861244
0.184814453125,-20.996518979016553,-28.044450095780515,-29.861404116666574,-14.78209567516412
0.18505859375,-21.18896202870786,-28.028500907758662,-29.854059217452907,-14.77968067165695
0.185302734375,-21.391715269185426,-28.011301044948436,-29.84551555580463,-14.77705959341481
0.185546875,-21.571185103485288,-27.9928346081857,-29.83575222922495,-14.774191650318047
0.185791015625,-21.702705195983096,-27.973085590934005,-29.824748439565965,-14.771035719323432
0.18603515625,-21.78001363307848,-27.95203786638845,-29.812483475263637,-14.767550399878484
0.186279296875,-21.818931192146085,-27.92967517417907,-29.79893669307717,-14.76369406633307
0.1865234375,-21.853027470270625,-27.90598110666293,-29.7840874993453,-14.759424917228266
0.186767578125,-21.92461469048794,-27.880939094792424,-29.767915330768624,-14.754701021367275
0.18701171875,-22.0765624181428,-27.854532393545206,-29.75039963472294,-14.749480360596898
0.187255859375,-22.34809498066553,-27.826744066899728,-29.73151984910567,-14.743720869250229
0.1875,-22.7746103093667,-27.797556972337993,-29.7112553817134,-14.73738047022212
0.187744140625,-23.39024230672908,-27.76695374485542,-29.689585589145043,-14.730417107668114
0.18798828125,-24.232150555009074,-27.734916780455542,-29.66648975522199,-14.722788776335118
0.188232421875,-25.34623756914884,-27.701428219105047,-29.64194706891258,-14.71445354754806
0.1884765625,-26.794128126641354,-27.666469927122446,-29.615936601744934,-14.705369591890856
0.188720703125,-28.657825668721735,-27.630023478971335,-29.588437284688634,-14.695495198632738
0.18896484375,-31.013503992668547,-27.59207013842664,-29.5594278844818,-14.68478879196171
0.189208984375,-33.695501220221715,-27.552590839079617,-29.528886979376907,-14.673208944096354
0.189453125,-35.31886361177825,-27.51156616414468,-29.496792934274314,-14.660714385354943
0.189697265625,-33.99372303750227,-27.468976325528175,-29.46312387520928,-14.647264011267042
0.18994140625,-31.368244554817878,-27.424801142116024,-29.42785766315346,-14.632816886817876
0.190185546875,-28.995889663739753,-27.379020017234176,-29.39097186708874,-14.617332247919215
0.1904296875,-27.096988265907033,-27.331611915231747,-29.352443736305922,-14.600769500203072
0.190673828125,-25.597009209435274,-27.282555337133726,-29.312250171877295,-14.583088215235804
0.19091796875,-24.40972454476789,-27.231828295305473,-29.270367697246705,-14.564248124250529
0.191162109375,-23.47213974121352,-27.17940828706736,-29.22677242787625,-14.544209109495224
0.19140625,-22.74184748684057,-27.125272267193306,-29.181440039883512,-14.522931193292468
0.191650390625,-22.191357453673696,-27.069396619221898,-29.13434573759752,-14.500374524904707
0.19189453125,-21.803855366642317,-27.011757125503767,-29.085464219956158,-14.47649936529624
0.192138671875,-21.570384380888097,-26.952328935902944,-29.03476964566105,-14.45126606987982
0.1923828125,-21.487981378992586,-26.89108653506414,-28.982235597000056,-14.424635069332222
0.192626953125,-21.55839671134423,-26.828003708151208,-28.927835042239508,-14.396566848559031
0.19287109375,-21.78712399756362,-26.763053504954804,-28.871540296481555,-14.367021923884682
0.193115234375,-22.18247257361826,-26.696208202259847,-28.81332298087304,-14.335960818539276
0.193359375,-22.75427083088205,-26.627439264355036,-28.753153980044072,-14.303344036509245
0.193603515625,-23.511353234524993,-26.556717301557647,-28.691003397644547,-14.269132034814287
0.19384765625,-24.45592576662589,-26.48401202661702,-28.626840509836452,-14.233285194268397
0.194091796875,-25.570649658858052,-26.40929220885012,-28.560633716588995,-14.195763788778589
0.1943359375,-26.79097728235964,-26.332525625850227,-28.492350490610832,-14.156527953230519
0.194580078125,-27.958473739533858,-26.25367901259849,-28.42195732374094,-14.1155376500064
0.19482421875,-28.792924623424106,-26.172718007793343,-28.349419670604618,-14.072752634176911
0.195068359375,-29.009457863162428,-26.089607097199274,-28.274701889326096,-14.028132417405828
0.1953125,-28.576079882799977,-26.00430955379953,-28.19776717907142,-13.981636230603407
0.195556640625,-27.732776784686326,-25.916787374520283,-28.118577514176653,-13.93322298536262
0.19580078125,-26.73715238071683,-25.82700121327463,-28.03709357459597,-13.882851234211097
0.196044921875,-25.727082764518844,-25.734910310054143,-27.953274672381543,-13.830479129711515
0.1962890625,-24.744388785672715,-25.640472415772834,-27.867078673882517,-13.776064382443634
0.196533203125,-23.78849113951656,-25.54364371254362,-27.778461917322925,-13.719564217903233
0.19677734375,-22.851447289714603,-25.44437872904037,-27.687379125389043,-13.660935332356479
0.197021484375,-21.933668065929442,-25.34263025056878,-27.59378331242326,-13.60013384769318
0.197265625,-21.046635656048565,-25.23834922343701,-27.497625685785998,-13.537115265329094
0.197509765625,-20.20885930579754,-25.13148465318116,-27.3988555409068,-13.471834419216373
0.19775390625,-19.440367238303445,-25.021983496162097,-27.297420149502194,-13.4042454280329
0.197998046875,-18.758815941575058,-24.909790544006867,-27.193264640389057,-13.334301646635392
0.1982421875,-18.17790845121091,-24.794848300321807,-27.086331872268868,-13.261955616879249
0.198486328125,-17.707475167783365,-24.677096849052013,-26.97656229779836,-13.187159017929702
0.19873046875,-17.354309266580973,-24.55647371380685,-26.863893818196974,-13.109862616215633
0.198974609375,-17.123087100184563,-24.43291370740804,-26.748261627568183,-13.030016215209244
0.19921875,-17.017002111625448,-24.306348770849844,-26.629598046030875,-12.947568605253043
0.199462890625,-17.037940385664093,-24.17670780078641,-26.507832340667893,-12.862467513701983
0.19970703125,-17.186120719954914,-24.043916464579684,-26.382890533198346,-12.774659555702794
0.199951171875,-17.45914749341716,-23.907897001852252,-26.25469519317013,-12.684090185998189
0.2001953125,-17.850423649507217,-23.7685680113915,-26.123165215345328,-12.59070365222038
0.200439453125,-18.346907951731247,-23.625844222145624,-25.98821557981475,-12.494442950230662
0.20068359375,-18.92639641630585,-23.479636246934433,-25.849757093223992,-12.395249782169708
0.200927734375,-19.555059535401277,-23.32985031737248,-25.707696109324402,-12.29306451801225
0.201171875,-20.187015935975374,-23.176387998363385,-25.561934226871685,-12.187826161571106
0.201416015625,-20.76881198647566,-23.01914588037658,-25.41236796268434,-12.079472322075882
0.20166015625,-21.250965258862475,-22.858015247556853,-25.258888397438266,-11.96793919266327
0.201904296875,-21.604017251470047,-22.69288171954603,-25.101380791511474,-11.853161537367068
0.2021484375,-21.8302027624785,-22.52362486471469,-24.939724167901414,-11.73507268849268
0.202392578125,-21.962374674001456,-22.350117782310303,-24.773790858912392,-11.613604556610952
0.20263671875,-22.051592869544436,-22.172226650830705,-24.603446012950144,-11.488687655820646
0.202880859375,-22.152527435933838,-21.98981023973044,-24.428547057361072,-11.360251147417927
0.203125,-22.313554308365777,-21.802719381369833,-24.248943112812857,-11.228222905690439
0.203369140625,-22.572017043263845,-21.61079639992819,-24.064474354226615,-11.092529610236912
0.20361328125,-22.95178391109259,-21.41387449383801,-23.874971312739103,-10.953096870021447
0.203857421875,-23.46033351730389,-21.211777068172047,-23.68025411259451,-10.809849385327512
0.2041015625,-24.0840743996141,-21.004317013353372,-23.480131636241858,-10.662711154904223
0.204345703125,-24.78304189985277,-20.791295926594024,-23.27440061024989,-10.511605736930917
0.20458984375,-25.490537970509802,-20.57250327264598,-23.062844603957604,-10.356456573997647
0.204833984375,-26.127944684105792,-20.34771548083523,-22.845232932072474,-10.197187394154405
0.205078125,-26.63916868469611,-20.116694976029947,-22.621319451737016,-10.033722702264116
0.205322265625,-27.024533050685555,-19.879189142295438,-22.390841243953922,-9.865988378461832
0.20556640625,-27.33962374351226,-19.634929219673857,-22.153517168755243,-9.693912403532757
0.205810546875,-27.656238541176332,-19.383629137035307,-21.909046283226566,-9.517425734544606
0.2060546875,-28.017429353669506,-19.124984287595048,-21.657106111597404,-9.336463358174798
0.206298828125,-28.409490403834067,-18.85867025892918,-21.397350757308182,-9.150965553936622
0.20654296875,-28.755477466144782,-18.584341536765653,-21.129408848582276,-8.960879405004073
0.206787109375,-28.939580405722506,-18.301630212337148,-20.85288131203676,-8.766160600625229
0.20703125,-28.87057995661245,-18.01014473785619,-20.567338973945763,-8.566775581245752
0.207275390625,-28.545826559031276,-17.709468795380918,-20.27231999692132,-8.362704085443749
0.20751953125,-28.048110707360795,-17.3991603733226,-19.967327172462074,-8.153942166553454
0.207763671875,-27.48436842177626,-17.078751185379517,-19.6518251091696,-7.940505756274475
0.2080078125,-26.93688479009188,-16.74774662337541,-19.325237385583232,-7.722434862328248
0.208251953125,-26.454289315271815,-16.405626514804148,-18.986943780140372,-7.499798496810211
0.20849609375,-26.064256647697974,-16.051847066941555,-18.63627775553376,-7.272700440458504
0.208740234375,-25.789195713824622,-15.685844534949176,-18.272524470772026,-7.041285954325653
0.208984375,-25.657865482562595,-15.307041369329406,-17.89491973650029,-6.805749552397357
0.209228515625,-25.71239243392366,-14.91485590319683,-17.502650539840634,-6.566343943823342
0.20947265625,-26.01259760791667,-14.508717066114178,-17.094858077285664,-6.323390237812369
0.209716796875,-26.640658534668006,-14.088086204406533,-16.670644697349612,-6.077289472781645
0.2099609375,-27.71037540881229,-13.652488907212108,-16.229086841928343,-5.828535477363852
0.210205078125,-29.38865969923999,-13.201560855411813,-15.769257094405303,-5.5777289860272266
0.21044921875,-31.94899492554116,-12.735113204955512,-15.29025994971575,-5.32559280649212
0.210693359375,-35.929139350283656,-12.25322494688397,-14.791288137262558,-5.072987659103296
0.2109375,-42.717705425823695,-11.75637203680887,-14.271709547006639,-4.820928069703021
0.211181640625,-48.19736885351814,-11.245605635169028,-13.731199388638128,-4.570597390541345
0.21142578125,-39.49094729265206,-10.72279386293632,-13.169938483075686,-4.323360649296425
0.211669921875,-33.052843335080674,-10.190941442289908,-12.588906569555277,-4.08077349947354
0.2119140625,-27.428695045062558,-9.654596165688647,-11.990308216640873,-3.844585103778231
0.212158203125,-22.552452422069837,-9.120334418280502,-11.378174729498443,-3.616732394052034
0.21240234375,-18.429489590412725,-8.597281040200684,-10.759178922390074,-3.3993229228940027
0.212646484375,-14.967271168373674,-8.097551913675376,-10.14366047230318,-3.194603595052938
0.212890625,-12.062667220407345,-7.636409372571991,-9.546752023977968,-3.00491310313589
0.213134765625,-9.63160331107601,-7.231818385178384,-8.989276345263729,-2.832617037370935
0.21337890625,-7.6109885072011885,-6.903068282748914,-8.497748494706377,-2.6800264614809164
0.213623046875,-5.954606487910953,-6.668313997038271,-8.102520722537946,-2.5493031641031534
0.2138671875,-4.628952060343786,-6.5413742307954,-7.833297193443393,-2.442357513560231
0.214111328125,-3.6101114109150028,-6.528736353293491,-7.712456362110118,-2.360747347171324
0.21435546875,-2.881637876744254,-6.6279867551245015,-7.7486009063147225,-2.3055879567840276
0.214599609375,-2.43320126374919,-6.828403854262505,-7.93376329876219,-2.2774833693401852
0.21484375,-2.2598335354083874,-7.113428066176798,-8.245994569887777,-2.276487416837319
0.215087890625,-2.36167516060557,-7.463916109471197,-8.65573133960954,-2.302099661391268
0.21533203125,-2.744213211359491,-7.86102776722602,-9.132524514067265,-2.3532967150413753
0.215576171875,-3.4191065326667482,-8.28811394838686,-9.649634114380607,-2.4285948481798982
0.2158203125,-4.405852926293019,-8.731560624057035,-10.185980212832837,-2.526136032090128
0.216064453125,-5.734853837190258,-9.180870085772805,-10.726196191256856,-2.6437874371739607
0.21630859375,-7.453087920977067,-9.628319728349306,-11.259752382747132,-2.7792441449272323
0.216552734375,-9.635228957412194,-10.068459048326734,-11.779830879690923,-2.9301261726053336
0.216796875,-12.40767042815915,-10.497599203215229,-12.28229288782612,-3.094063275078562
0.217041015625,-16.008758994098645,-10.913366939904813,-12.76485491695659,-3.2687637103516405
0.21728515625,-20.97960052906071,-11.314344788858456,-13.226478826483731,-3.4520656747871175
0.217529296875,-29.082989067469885,-11.69979451408672,-13.666939622724838,-3.641972085091076
0.2177734375,-40.11763018036882,-12.069451027184684,-14.086527547286313,-3.8366706807720425
0.218017578125,-29.92531562119884,-12.423371965180422,-14.485846537643619,-4.034542083954193
0.21826171875,-27.08233408077145,-12.761829496354643,-14.865679825035974,-4.234158616949236
0.218505859375,-26.59541998000848,-13.085233367603614,-15.226901478140524,-4.434276504222464
0.21875,-27.433121705299264,-13.394076697712585,-15.570419043040788,-4.6338237228339665
0.218994140625,-29.194897216507503,-13.688898158351499,-15.897137072440302,-4.831885328639126
0.21923828125,-31.38366157582375,-13.970255878283337,-16.207934604446862,-5.027687651103508
0.219482421875,-32.888930583162825,-14.238709690753435,-16.503651901368308,-5.2205823612960955
0.2197265625,-32.87475853506268,-14.494809293310967,-16.785083290089663,-5.410031094875488
0.219970703125,-32.2289563172062,-14.739086579989046,-17.052973981047646,-5.59559105819266
0.22021484375,-31.90114204350779,-14.972050903594777,-17.308019441147525,-5.776901855493657
0.220458984375,-32.136314105337654,-15.194186382732507,-17.5508663665999,-5.9536736389384775
0.220703125,-32.80038601553984,-15.405950623283875,-17.782114618955713,-6.1256765899984424
0.220947265625,-33.40983170560249,-15.607774406194942,-18.002319701699516,-6.292731680613075
0.22119140625,-33.183691554601,-15.800062023424697,-18.211995499293327,-6.454702626573701
0.221435546875,-31.870833217553095,-15.983192036740618,-18.411617098137757,-6.611488926903677
0.2216796875,-30.07913999359545,-16.157518300374623,-18.601623574724073,-6.76301987607535
0.221923828125,-28.362472918134497,-16.323371135966813,-18.782420680511816,-6.909249436666734
0.22216796875,-26.92614838941919,-16.48105858212841,-18.95438338269723,-7.050151865571803
0.222412109375,-25.80945632622408,-16.630867665188525,-19.11785823971208,-7.185717995064234
0.22265625,-25.006835290406446,-16.77306565499172,-19.273165603194848,-7.315952079463619
0.222900390625,-24.509276830649576,-16.907901281941072,-19.42060164647633,-7.4408691279392505
0.22314453125,-24.31582074538916,-17.035605900231435,-19.560440224797915,-7.560492653523447
0.223388671875,-24.43692651293648,-17.15639458839485,-19.692934575551327,-7.6748527773534425
0.2236328125,-24.897173787593747,-17.270467182604342,-19.818318868485647,-7.783984635336681
0.223876953125,-25.740344122250185,-17.378009241175107,-19.936809616551354,-7.887927041769296
0.22412109375,-27.03920764116091,-17.47919294073587,-20.04860695816484,-7.9867213709266105
0.224365234375,-28.911671500096027,-17.574177905891844,-20.15389582140676,-8.08041062332807
0.224609375,-31.528034798034376,-17.66311197505776,-20.25284698016319,-8.169038648316402
0.224853515625,-34.90150743698196,-17.746131905650124,-20.345618011583817,-8.252649498856359
0.22509765625,-37.129038531303415,-17.82336402209246,-20.43235416353393,-8.331286898125754
0.225341796875,-35.03962515982677,-17.89492481018212,-20.5131891400017,-8.404993800614148
0.2255859375,-31.961083269678188,-17.960921461346718,-20.588245811718963,-8.473812033132543
0.225830078125,-29.640243507178287,-18.021452370219414,-20.657636858578666,-8.537782003431275
0.22607421875,-28.031041981788714,-18.076607588815804,-20.721465349797125,-8.596942466082101
0.226318359375,-26.95194844343426,-18.126469240418984,-20.779825267177827,-8.651330336950693
0.2265625,-26.270472966225764,-18.17111189608947,-20.832801976289286,-8.700980549014146
0.226806640625,-25.892695668626345,-18.21060291652228,-20.88047264987058,-8.745925943500406
0.22705078125,-25.74575899499296,-18.24500276178227,-20.922906647323618,-8.786197191376395
0.227294921875,-25.767020244930073,-18.274365271265744,-20.960165853739277,-8.821822741117497
0.2275390625,-25.89878958698987,-18.29873791606458,-20.992304981530108,-8.852828789477389
0.227783203125,-26.087523993009654,-18.318162025752226,-21.019371837406375,-8.879239272665258
0.22802734375,-26.286621588204646,-18.332672991468947,-21.04140755712664,-8.901075875945416
0.228271484375,-26.461331609714893,-18.342300447059863,-21.058446810181696,-8.918358060218845
0.228515625,-26.593467703065777,-18.347068429914174,-21.070517976324293,-8.931103104640922
0.228759765625,-26.683771200122987,-18.346995523067775,-21.077643295638,-8.939326164787444
0.22900390625,-26.751206264061572,-18.342094980067866,-21.079838993642312,-8.943040346313314
0.229248046875,-26.83006996813594,-18.33237483405621,-21.077115382758297,-8.942256794465292
0.2294921875,-26.966483671181123,-18.31783799251182,-21.069476941307673,-8.936984800221996
0.229736328125,-27.21575024869413,-18.298482319104497,-21.056922371086905,-8.927231924249638
0.22998046875,-27.641949180138923,-18.2743007041533,-21.039444634449254,-8.91300414029027
0.230224609375,-28.321478956869257,-18.245281125260696,-21.017030971738503,-8.894306000049216
0.23046875,-29.353683925235224,-18.21140669981071,-20.989662899853137,-8.871140822128645
0.230712890625,-30.886489900733434,-18.17265573118312,-20.957316192678373,-8.843510908074384
0.23095703125,-33.182037988364236,-18.12900175075439,-20.919960844109898,-8.811417789172154
0.231201171875,-36.8208092855217,-18.080413558038874,-20.877561014411246,-8.774862508257153
0.2314453125,-43.50297347730389,-18.026855261682975,-20.830074960701097,-8.733845941497599
0.231689453125,-46.7481284515399,-17.968286324476182,-20.777454952465373,-8.688369165888826
0.23193359375,-38.48241713844128,-17.904661616102103,-20.719647173140245,-8.63843387906013
0.232177734375,-34.17422879792962,-17.835931478045243,-20.656591609027824,-8.584042878962954
0.232421875,-31.57847692552587,-17.762041805919022,-20.58822192710094,-8.52520061208539
0.232666015625,-29.91233642859378,-17.682934155523476,-20.51446534364659,-8.461913800034894
0.23291015625,-28.860480717680147,-17.598545880215262,-20.435242486211926,-8.394192155653894
0.233154296875,-28.26456356880812,-17.508810308728858,-20.35046725198302,-8.322049201287387
0.2333984375,-28.0311980605578,-17.41365697448554,-20.260046666583676,-8.245503203405708
0.233642578125,-28.09703629272584,-17.313011909737636,-20.16388074837605,-8.16457823949149
0.23388671875,-28.413317247896373,-17.206798020709513,-20.06186238473979,-8.079305414908614
0.234130859375,-28.939335595961953,-17.094935563318128,-19.95387722857803,-7.989724249348562
0.234375,-29.642124194231975,-16.977342743214518,-19.839803625546622,-7.89588425434277
0.234619140625,-30.501973918605408,-16.853936468934435,-19.71951258535022,-7.797846725153984
0.23486328125,-31.52277538083609,-16.724633293064702,-19.59286781405648,-7.695686771997731
0.235107421875,-32.7437356001009,-16.58935058373375,-19.45972582894598,-7.589495616825921
0.2353515625,-34.24658426984772,-16.44800797767013,-19.319936183197918,-7.479383182597368
0.235595703125,-36.144091427558045,-16.30052917682096,-19.173341835032772,-7.3654810017493135
0.23583984375,-38.46514136630052,-16.146844163398676,-19.019779705202488,-7.2479454690566
0.236083984375,-40.496370928448464,-15.986891923562123,-18.859081478456098,-7.126961460683749
0.236328125,-39.94472670621202,-15.82062378806823,-18.691074719464066,-7.002746335316113
0.236572265625,-37.01793670356314,-15.648007519448209,-18.515584392477088,-6.8755543239552335
0.23681640625,-33.92224357297046,-15.46903229975256,-18.332434897740168,-6.745681301256016
0.237060546875,-31.24562213317852,-15.283714800648003,-18.141452767633275,-6.613469911977507
0.2373046875,-28.974486967527213,-15.092106548224908,-17.94247020318294,-6.4793149998795805
0.237548828125,-27.057967615441328,-14.894302827238153,-17.735329678786883,-6.343669251828727
0.23779296875,-25.487746163188064,-14.690453401584296,-17.519889901787728,-6.207048925658626
0.238037109375,-24.293165994539656,-14.480775355957432,-17.29603348617084,-6.0700394754530675
0.23828125,-23.5313196398041,-14.265568381826476,-17.063676788377713,-5.933300822031678
0.238525390625,-23.28380256708382,-14.045232829739529,-16.822782459791018,-5.79757194031559
0.23876953125,-23.647908597228575,-13.820290815400039,-16.57337539538377,-5.663674351505414
0.239013671875,-24.63458348043394,-13.591410578663542,-16.315562899185643,-5.532514021708533
0.2392578125,-25.537827316642172,-13.359434124585686,-16.0495600374212,-5.4050810881902756
0.239501953125,-24.085791226633752,-13.125407887351097,-15.775721293347281,-5.282446772076046
0.23974609375,-20.421921313769197,-12.890615707013055,-15.494579743065573,-5.1657568084705465
0.239990234375,-16.762912712600304,-12.656612747700542,-15.206894984438037,-5.056220751401895
0.240234375,-13.719362011493264,-12.425258073662642,-14.913710881704233,-4.955096613121521
0.240478515625,-11.262372707765602,-12.1987424230265,-14.616423696505183,-4.863670494519546
0.24072265625,-9.295188523818481,-11.979606325877011,-14.316860158075821,-4.783231168011955
0.240966796875,-7.740915200831107,-11.770742257399455,-14.017363210034635,-4.7150399848894935
0.2412109375,-6.545724036442407,-11.575373310384261,-13.720880243935063,-4.660296974462171
0.241455078125,-5.6726988237481475,-11.397000417830807,-13.431044318487654,-4.620104536811532
0.24169921875,-5.096712860437497,-11.239311124921443,-13.152233131017727,-4.595430635188888
0.241943359375,-4.801043734525475,-11.10604599560606,-12.889583891372228,-4.587073782240766
0.2421875,-4.7752415065255,-11.000824371229527,-12.648936323651503,-4.595632298919433
0.242431640625,-5.013804783405828,-10.926939126175512,-12.43667380370745,-4.621480237588053
0.24267578125,-5.515364894937851,-10.887138987545047,-12.259438461265667,-4.664751972544398
0.242919921875,-6.282172163533644,-10.883424514750129,-12.1237142343292,-4.72533679709352
0.2431640625,-7.319703648236598,-10.91688706866825,-12.03530362926035,-4.8028840073107935
0.243408203125,-8.636148132190163,-10.987616799168457,-11.998763753229234,-4.896818021873287
0.24365234375,-10.241297210965579,-11.094695562503896,-12.016900980670908,-5.006362223967521
0.243896484375,-12.143782273736756,-11.236276024500945,-12.090433006142272,-5.130569539398674
0.244140625,-14.34418681355302,-11.409733181019188,-12.217899865402309,-5.26835736718802
0.244384765625,-16.81854945020207,-11.611863462213991,-12.395846486231077,-5.418544382126022
0.24462890625,-19.482558827319284,-11.839102144188532,-12.619230962606153,-5.579886905598745
0.244873046875,-22.13317140447138,-12.087732089023373,-12.881963123823187,-5.751112923932426
0.2451171875,-24.426757535912238,-12.354063867563031,-13.177464129471094,-5.930952335389602
0.245361328125,-26.04844431975661,-12.634576202416756,-13.49915775891715,-6.118162541651149
0.24560546875,-26.976157633875417,-12.926013874335737,-13.840842018699961,-6.311548997062481
0.245849609375,-27.39897128627326,-13.22544627707811,-14.196927859476984,-6.509980742727205
0.24609375,-27.463224233414948,-13.530293284641651,-14.562558988126543,-6.712401260645212
0.246337890625,-27.24860365664753,-13.838326359361925,-14.93364020369408,-6.917835183631206
0.24658203125,-26.851489838229607,-14.14765255616518,-15.306804144114514,-7.125391501647504
0.246826171875,-26.393866786484935,-14.456687953799332,-15.67934237149683,-7.334263933723432
0.2470703125,-25.980395017856953,-14.764125602272237,-16.049120291589556,-7.543729108193867
0.247314453125,-25.67465832049221,-15.068901658476454,-16.41448898155764,-7.753143132473746
0.24755859375,-25.504175495460938,-15.370162165269399,-16.774201744354695,-7.96193705349287
0.247802734375,-25.475334733191115,-15.667231974300478,-17.127339404869414,-8.169611623657477
0.248046875,-25.586896045027157,-15.959586613589028,-17.473245862410117,-8.375731703284966
0.248291015625,-25.839753315512255,-16.246827419346918,-17.81147391356875,-8.579920554059298
0.24853515625,-26.243699037882713,-16.52865994026089,-18.141740553959224,-8.781854211818933
0.248779296875,-26.82225330489777,-16.804875436112493,-18.46389060839853,-8.981256071761035
0.2490234375,-27.61662399535006,-17.075335193291693,-18.777867446714602,-9.177891774598281
0.249267578125,-28.690127555377988,-17.339957338118538,-19.08368959582685,-9.371564447347131
0.24951171875,-30.133850777749256,-17.598705823475658,-19.381432182096052,-9.562110325941031
0.249755859375,-32.06603143283602,-17.85158128008979,-19.67121228619357,-9.749394767355994
0.25,-34.55414187664194,-18.09861345082689,-19.953177441040406,-9.933308645068083
0.250244140625,-37.01839273827314,-18.339854958114397,-20.227496639328542,-10.113765112237054
0.25048828125,-37.00064140291416,-18.57537618710068,-20.494353335690047,-10.29069671099641
0.250732421875,-34.314229741189386,-18.805261098124358,-20.75394002873336,-10.464052802778506
0.2509765625,-31.49618654898044,-19.029603810307815,-21.006454091001018,-10.633797293024791
0.251220703125,-29.24138476145024,-19.248505823117437,-21.25209458242145,-10.799906623383768
0.25146484375,-27.506696148125265,-19.4620737644769,-21.49105983730385,-10.962368005167102
0.251708984375,-26.184035645230388,-19.670417572636417,-21.72354565856001,-11.121177869097913
0.251953125,-25.191584433638447,-19.87364903477499,-21.949743987614138,-11.276340508011826
0.252197265625,-24.473444370890803,-20.071880618570603,-22.169841946080247,-11.427866890987953
0.25244140625,-23.99092789042983,-20.265224544054444,-22.38402116717182,-11.575773629274792
0.252685546875,-23.715510301586093,-20.453792052282157,-22.592457352121688,-11.720082076248556
0.2529296875,-23.623764780215673,-20.637692834999918,-22.795320000577437,-11.860817545446196
0.253173828125,-23.693677454344765,-20.817034595805293,-22.99277227475104,-11.99800863241487
0.25341796875,-23.901924537575084,-20.991922718525228,-23.18497096564737,-12.131686627697109
0.253662109375,-24.2219435045375,-21.162460022839834,-23.372066536448063,-12.26188500971579
0.25390625,-24.62284216744518,-21.32874659072911,-23.554203223463833,-12.388639007633342
0.254150390625,-25.06937303897811,-21.490879650243883,-23.731519179288956,-12.511985225440972
0.25439453125,-25.523364177882563,-21.648953505508874,-23.904146646128947,-12.631961319589998
0.254638671875,-25.947101139303985,-21.803059503848598,-24.072212149913245,-12.748605723419118
0.2548828125,-26.308979875115707,-21.95328603255861,-24.23583670789345,-12.861957412465891
0.255126953125,-26.590859197347356,-22.099718539189517,-24.395136044080935,-12.972055705489948
0.25537109375,-26.794866145569927,-22.2424395703186,-24.55022080818495,-13.078940096686196
0.255615234375,-26.946291794917737,-22.381528824696645,-24.701196794745815,-13.182650115140039
0.255859375,-27.090688220220564,-22.517063217409536,-24.848165159973657,-13.283225208079894
0.256103515625,-27.28693161477864,-22.649116952314422,-24.99122263444707,-13.380704644924515
0.25634765625,-27.600536019399684,-22.77776160052206,-25.130461730332947,-13.475127439510073
0.256591796875,-28.10100556858412,-22.903066183117247,-25.265970942185874,-13.566532288220918
0.2568359375,-28.865336927588135,-23.02509725665848,-25.397834940697415,-13.654957522045217
0.257080078125,-29.989931184049286,-23.143919000283244,-25.526134759007704,-13.74044107083622
0.25732421875,-31.61809680517747,-23.25959330348255,-25.650947971380074,-13.823020438287553
0.257568359375,-34.00917390019689,-23.37217985380225,-25.77234886418338,-13.902732686329117
0.2578125,-37.76114029293734,-23.48173622388932,-25.890408599237293,-13.979614427824556
0.258056640625,-44.90792964833999,-23.588317957432878,-26.005195369658338,-14.053701826603023
0.25830078125,-49.90332905097486,-23.691978653658467,-26.116774548406067,-14.125030603991108
0.258544921875,-39.91774982601927,-23.792770050122186,-26.22520882977254,-14.193636051127005
0.2587890625,-35.355369835885554,-23.890742103624856,-26.330558364089676,-14.259553046440939
0.259033203125,-32.58971998789028,-23.985943069125536,-26.432880885949437,-14.322816077775196
0.25927734375,-30.717529144954753,-24.07841957658222,-26.532231836243948,-14.38345926869464
0.259521484375,-29.38654732113462,-24.168216705686824,-26.628664478338866,-14.441516408607368
0.259765625,-28.415552802158558,-24.255378058493818,-26.722230008694822,-14.497020986374578
0.260009765625,-27.692974883501602,-24.33994582996725,-26.81297766224915,-14.550006227141187
0.26025390625,-27.141514379931543,-24.421960876491347,-26.900954812865105,-14.600505132164127
0.260498046875,-26.704289917520732,-24.501462782406747,-26.986207069149188,-14.648550521455197
0.2607421875,-26.339350151890287,-24.57848992464658,-27.068778365928225,-14.69417507908981
0.260986328125,-26.017386005395792,-24.653079535557403,-27.148711051669675,-14.737411401063088
0.26123046875,-25.720187047122916,-24.725267763997003,-27.226045972117557,-14.778292045600152
0.261474609375,-25.43877234516975,-24.79508973480733,-27.300822550407645,-14.816849585849802
0.26171875,-25.171002320597076,-24.86257960676495,-27.373078863914895,-14.853116664909114
0.261962890625,-24.91887062311219,-24.927770629114264,-27.44285171807619,-14.887126053141591
0.26220703125,-24.685671391488896,-24.990695196790867,-27.510176717422127,-14.918910707764132
0.262451171875,-24.47314166613065,-25.051384904443417,-27.575088334042018,-14.948503834687061
0.2626953125,-24.278781372673826,-25.109870599363088,-27.637619973697618,-14.975938952598407
0.262939453125,-24.09393708195191,-25.1661824334293,-27.69780403979243,-15.001249959287254
0.26318359375,-23.903740016755975,-25.2203499141803,-27.755671995395712,-15.024471200202278
0.263427734375,-23.690155997712267,-25.27240195511606,-27.81125442351268,-15.045637539240012
0.263671875,-23.438498470999917,-25.322366925340148,-27.86458108578572,-15.064784431752896
0.263916015625,-23.14547451500165,-25.37027269864573,-27.915680979804627,-15.08194799976005
0.26416015625,-22.82466252622467,-25.416146702149362,-27.964582395198224,-15.097165109333213
0.264404296875,-22.506026073192146,-25.460015964574765,-28.011312968674083,-15.110473450116954
0.2646484375,-22.2299388220059,-25.501907164286813,-28.05589973816801,-15.1219116169253
0.264892578125,-22.039528753230098,-25.541846677173943,-28.098369196260364,-15.131519193336436
0.26513671875,-21.974981844647083,-25.579860624475277,-28.138747343011907,-15.139336837183063
0.265380859375,-22.071043780749633,-25.61597492064642,-28.1770597383682,-15.145406367807405
0.265625,-22.35701271862198,-25.650215321355205,-28.21333155427768,-15.149770854917605
0.265869140625,-22.857928099939944,-25.682607471696322,-28.247587626665265,-15.152474708844746
0.26611328125,-23.595807168457775,-25.713176954710693,-28.279852507400577,-15.15356377195809
0.266357421875,-24.58984074547532,-25.741949340291946,-28.31015051639627,-15.15308541094894
0.2666015625,-25.853775847577673,-25.768950234559455,-28.338505793969762,-15.151088609641288
0.266845703125,-27.386372251179964,-25.794205329772666,-28.364942353598444,-15.147624061929875
0.26708984375,-29.14543152425367,-25.81774045485762,-28.38948413519598,-15.142744264382832
0.267333984375,-30.99022394491554,-25.839581626611352,-28.412155059034188,-15.136503607977394
0.267578125,-32.60658875282059,-25.859755101644296,-28.43297908043219,-15.128958468362603
0.267822265625,-33.57733547612288,-25.878287429114767,-28.45198024533117,-15.120167293963139
0.26806640625,-33.75600882049033,-25.895205504302435,-28.46918274686964,-15.110190691153223
0.268310546875,-33.41609403593778,-25.910536623059887,-28.48461098306979,-15.099091505639935
0.2685546875,-32.877472105264275,-25.924308537172486,-28.498289615741452,-15.08693489910128
0.268798828125,-32.273706437148945,-25.936549510646977,-28.5102436307047,-15.073788420027306
0.26904296875,-31.600713572155897,-25.94728837693777,-28.520498399425986,-15.05972206761333
0.269287109375,-30.815281288563764,-25.956554597107893,-28.52907974215629,-15.044808347454392
0.26953125,-29.89623602988464,-25.96437831890723,-28.53601399265129,-15.02912231769107
0.269775390625,-28.85957421964884,-25.970790436735342,-28.541328064544448,-15.012741624160801
0.27001953125,-27.743233673449524,-25.975822652439092,-28.545049519433327,-14.995746523018541
0.270263671875,-26.587810589702396,-25.97950753687588,-28.54720663672692,-14.978219889208152
0.2705078125,-25.427837996550764,-25.98187859215257,-28.54782848528762,-14.96024720909542
0.270751953125,-24.291956579691952,-25.982970314426712,-28.546944996885223,-14.941916555517668
0.27099609375,-23.205454395019274,-25.982818257131377,-28.54458704146161,-14.923318543468355
0.271240234375,-22.19158496185669,-25.98145909445712,-28.540786504183806,-14.904546264621498
0.271484375,-21.271418240612547,-25.97893068489409,-28.535576364238693,-14.885695198914842
0.271728515625,-20.46323120988822,-25.9752721346048,-28.528990775295895,-14.866863101457428
0.27197265625,-19.78223149077016,-25.970523860362267,-28.521065147534475,-14.848149863110704
0.272216796875,-19.240843209827815,-25.964727651750643,-28.51183623109504,-14.829657343217546
0.2724609375,-18.84943283264222,-25.957926732284196,-28.501342200780545,-14.811489173124656
0.272705078125,-18.617266758340886,-25.950165819057965,-28.48962274178668,-14.793750529364553
0.27294921875,-18.553541423021176,-25.941491180497206,-28.476719136195726,-14.776547875636565
0.273193359375,-18.66839622251795,-25.931950691725405,-28.462674349916316,-14.759988673054135
0.2734375,-18.9738474853012,-25.921593887020606,-28.447533119694736,-14.744181058508715
0.273681640625,-19.48451612646395,-25.91047200877849,-28.431342039762004,-14.729233491437888
0.27392578125,-20.21773892297955,-25.898638052348485,-28.414149647614334,-14.715254369773943
0.274169921875,-21.191775030215517,-25.886146806055844,-28.39600650835262,-14.702351616384671
0.2744140625,-22.418220553851537,-25.873054885670324,-28.376965296930123,-14.690632237892816
0.274658203125,-23.877527492916897,-25.85942076253022,-28.35708087757603,-14.680201858365445
0.27490234375,-25.4516203543278,-25.84530478448088,-28.336410379576705,-14.67116423098737
0.275146484375,-26.796852408719445,-25.830769188740742,-28.31501326850731,-14.663620731459261
0.275390625,-27.352915435791033,-25.8158781057657,-28.292951411914046,-14.657669837475352
0.275634765625,-26.89443696227304,-25.800697553147245,-28.27028913835285,-14.65340659921919
0.27587890625,-25.863507338098124,-25.785295418551264,-28.247093288596016,-14.650922106349839
0.276123046875,-24.774378518186072,-25.76974143068599,-28.223433257723997,-14.650302957415091
0.2763671875,-23.87344142976592,-25.754107117279922,-28.199381026729103,-14.65163073800354
0.276611328125,-23.231423531646307,-25.738465749056797,-28.175011182172103,-14.654981514214676
0.27685546875,-22.851294684152904,-25.722892268715732,-28.150400922354528,-14.660425348169158
0.277099609375,-22.71458520139987,-25.70746320396379,-28.125630048402787,-14.66802584228655
0.27734375,-22.796012533300424,-25.69225656370666,-28.100780938606782,-14.67783971891479
0.277587890625,-23.066012222968748,-25.67735171658292,-28.075938504320398,-14.68991644159929
0.27783203125,-23.48868734991369,-25.66282925113098,-28.05119012571752,-14.704297883829584
0.278076171875,-24.01817864819286,-25.648770817005623,-28.026625565709324,-14.721018050502652
0.2783203125,-24.595835893563986,-25.63525894681535,-28.002336860370708,-14.740102856605743
0.278564453125,-25.151525852007136,-25.62237685833225,-27.978418184300608,-14.761569966763359
0.27880859375,-25.612335967512667,-25.610208237033675,-27.954965689456067,-14.78542869833447
0.279052734375,-25.9173799322658,-25.598836999168505,-27.932077316158495,-14.811679989712172
0.279296875,-26.02962995962581,-25.588347035799043,-27.909852575174654,-14.84031643439749
0.279541015625,-25.935403192441516,-25.578821938550462,-27.888392300028553,-14.871322380322287
0.27978515625,-25.634866853582793,-25.5703447080999,-27.867798369004962,-14.904674092814423
0.280029296875,-25.137004807702183,-25.562997446752597,-27.848173396661174,-14.940339978562259
0.2802734375,-24.464759417970896,-25.55686103677794,-27.829620395071323,-14.978280866973606
0.280517578125,-23.661176256496294,-25.55201480650753,-27.812242405482795,-15.018450344461915
0.28076171875,-22.785596453210808,-25.548536186523506,-27.796142101564804,-15.060795136451041
0.281005859375,-21.900926673747293,-25.546500358581024,-27.78142136596705,-15.105255531285911
0.28125,-21.061258671319113,-25.54597990020425,-27.76818084247379,-15.151765839780527
0.281494140625,-20.305810251404424,-25.547044428163996,-27.756519466624667,-15.200254883832558
0.28173828125,-19.658746587938992,-25.54976024427564,-27.746533978265397,-15.25064650738506
0.281982421875,-19.131934810231314,-25.554189987141896,-27.73831842007375,-15.302860103015373
0.2822265625,-18.72838172232154,-25.560392293596692,-27.73196362666279,-15.356811147569609
0.282470703125,-18.445404174091237,-25.56842147367726,-27.727556709376916,-15.412411740523721
0.28271484375,-18.27736944748794,-25.5783272029552,-27.72518054234697,-15.469571139123898
0.282958984375,-18.218096785470042,-25.5901542359897,-27.724913255741956,-15.52819628482019
0.283203125,-18.262967660383755,-25.603942144523995,-27.726827742428274,-15.5881923160391
0.283447265625,-18.410655086144935,-25.619725083829536,-27.730991184406687,-15.64946306292282
0.28369140625,-18.664296318462878,-25.63753159031274,-27.73746460543046,-15.711911520276429
0.283935546875,-19.031978462007835,-25.657384413140363,-27.7463024561033,-15.775440295590863
0.2841796875,-19.526568520533935,-25.679300382218276,-27.757552237509053,-15.839952029632844
0.284423828125,-20.165096464356264,-25.703290314382432,-27.771254169033014,-15.9053497876987
0.28466796875,-20.9679701455139,-25.729358959141443,-27.787440905502656,-15.971537420205333
0.284912109375,-21.958187098084778,-25.75750498475792,-27.806137308111047,-16.0384198918289
0.28515625,-23.16034788375748,-25.787721004885316,-27.82736027280372,-16.105903578892146
0.285400390625,-24.59844588966409,-25.81999364540076,-27.85111861892757,-16.173896535141125
0.28564453125,-26.289331244172924,-25.854303650507163,-27.87741303998132,-16.2423087264372
0.285888671875,-28.22337183114118,-25.890626026633083,-27.906236117296555,-16.31105223522028
0.2861328125,-30.312668075094198,-25.928930222148928,-27.93757239644494,-16.380041435874645
0.286376953125,-32.28794574315145,-25.9691803404555,-27.971398525139296,-16.44919314235174
0.28662109375,-33.65762357510753,-26.01133538359438,-28.00768345040311,-16.518426729577197
0.286865234375,-34.08708929506074,-26.055349523188145,-28.046388671851446,-16.587664230296554
0.287109375,-33.842680398937006,-26.10117239524677,-28.087468547081183,-16.656830409099165
0.287353515625,-33.412955403747844,-26.148749415179,-28.130870644431,-16.72585281540808
0.28759765625,-33.07517213886445,-26.19802210922431,-28.176536137758234,-16.79466181723909
0.287841796875,-32.90615537180212,-26.24892845847191,-28.22440023740247,-16.86319061751957
0.2880859375,-32.88799657520412,-26.301403251654474,-28.274392651171446,-16.931375254722205
0.288330078125,-32.96602687435281,-26.35537844299116,-28.32643806899484,-16.99915458951352
0.28857421875,-33.07458069948736,-26.410783511500835,-28.380456664842676,-17.066470279047262
0.288818359375,-33.15173245764552,-26.467545818404265,-28.436364609589816,-17.133266740450633
0.2890625,-33.150571686840024,-26.52559095947542,-28.49407458871443,-17.199491104961474
0.289306640625,-33.04710010877029,-26.584843109478143,-28.55349631903254,-17.26509316407871
0.28955078125,-32.84308891228275,-26.64522535612638,-28.614537059076234,-17.330025308989512
0.289794921875,-32.563495804665344,-26.706660021324865,-28.677102108200465,-17.39424246443654
0.2900390625,-32.24955064028831,-26.769068967775112,-28.741095290036913,-17.457702018089446
0.290283203125,-31.949484994399,-26.832373889360817,-28.806419416481923,-17.52036374638753
0.29052734375,-31.709184452798304,-26.89649658404974,-28.87297672899368,-17.582189737726118
0.290771484375,-31.564425336117957,-26.961359208361838,-28.94066931456522,-17.643144313769238
0.291015625,-31.535017858229203,-27.026884512748754,-29.00939949431976,-17.703193949585522
0.291259765625,-31.620323857491087,-27.092996057505534,-29.079070183232083,-17.762307193223997
0.29150390625,-31.796430475920978,-27.1596184090877,-29.14958522000356,-17.820454585270976
0.291748046875,-32.01809372028841,-27.22667731693396,-29.22084966660172,-17.877608578859952
0.2919921875,-32.2315173488328,-27.294099871095913,-29.29277007741232,-17.93374346054195
0.292236328125,-32.400723940622726,-27.361814641149955,-29.365254738339335,-17.98883527236534
0.29248046875,-32.536067066073755,-27.429751797014358,-29.438213876523577,-18.042861735460242
0.292724609375,-32.70330794373474,-27.49784321241631,-29.511559841635528,-18.095802175374583
0.29296875,-33.00777919657535,-27.566022551851322,-29.585207259931572,-18.14763744936519
0.293212890625,-33.57316432599695,-27.634225341951854,-29.659073162448564,-18.198349875808074
0.29345703125,-34.53546315044552,-27.702389028235544,-29.73307708885288,-18.247923165857603
0.293701171875,-36.0583864337593,-27.770453018238207,-29.807141168559696,-18.296342357453273
0.2939453125,-38.36423311425561,-27.838358712053953,-29.881190180801287,-18.343593751745743
0.294189453125,-41.684640303149294,-27.906049521307725,-29.955151595352397,-18.38966485199001
0.29443359375,-45.02271590108493,-27.973470877575252,-30.02895559562328,-18.43454430493302
0.294677734375,-43.800138494299276,-28.04057023124454,-30.10253508580758,-18.478221844705075
0.294921875,-40.53079865638551,-28.107297041783102,-30.17582568373029,-18.520688239209232
0.295166015625,-38.24782160543183,-28.17360276033789,-30.248765700981856,-18.56193523898965
0.29541015625,-37.00848235572761,-28.23944080555233,-30.32129611185308,-18.60195552854914
0.295654296875,-36.63553054302085,-28.304766533437974,-30.393360512504962,-18.640742680076862
0.2958984375,-37.030419258918954,-28.369537202088164,-30.46490507171916,-18.678291109539668
0.296142578125,-38.09613582691698,-28.433711931970077,-30.535878474483717,-18.714596035084618
0.29638671875,-39.43562264208773,-28.49725166247858,-30.606231859574255,-18.749653437695248
0.296630859375,-39.768550859783716,-28.560119105383556,-30.675918752196758,-18.78346002404079
0.296875,-38.12501479611572,-28.62227869575004,-30.744894992664857,-18.816013191454505
0.297119140625,-35.715869795260176,-28.683696540860744,-30.813118661993958,-18.84731099497577
0.29736328125,-33.586537682052445,-28.744340367621255,-30.880550005206686,-18.877352116389197
0.297607421875,-31.95851465310461,-28.804179468882154,-30.94715135306139,-18.906135835193886
0.2978515625,-30.80164320588303,-28.863184649067236,-31.01288704283548,-18.933662001435525
0.298095703125,-30.04976259408589,-28.92132816945578,-31.07772333872214,-18.95993101033498
0.29833984375,-29.643635275802556,-28.97858369342717,-31.141628352329555,-18.984943778647686
0.298583984375,-29.535696842737075,-29.0349262319396,-31.204571963707775,-19.00870172268923
0.298828125,-29.688669010875014,-29.090332089480793,-31.266525743269845,-19.03120673796423
0.299072265625,-30.074698907159597,-29.14477881069704,-31.327462874919814,-19.052461180336945
0.29931640625,-30.67617718141175,-29.19824512787863,-31.387358080651765,-19.072467848684084
0.299560546875,-31.48769645972914,-29.250710909452785,-31.44618754683933,-19.09122996897201
0.2998046875,-32.51704185950961,-29.302157109611976,-31.503928852395763,-19.108751179702587
0.300048828125,-33.77981193788177,-29.352565719183666,-31.560560898949284,-19.125035518673958
0.30029296875,-35.27262187439024,-29.401919717827955,-31.616063843146115,-19.14008741100457
0.300537109375,-36.883156983641214,-29.45020302763247,-31.67041903116648,-19.15391165837078
0.30078125,-38.18330485745898,-29.49740046815805,-31.723608935513667,-19.16651342941049
0.301025390625,-38.40592099001627,-29.543497712975334,-31.775617094114935,-19.17789825124717
0.30126953125,-37.35959019380228,-29.58848124771969,-31.826428051754377,-19.188072002090596
0.301513671875,-35.77313266662844,-29.63233832968198,-31.876027303841745,-19.197040904872505
0.3017578125,-34.26014547323723,-29.675056948942583,-31.924401242507248,-19.204811521877183
0.302001953125,-33.03974829050536,-29.71662579104889,-31.97153710500109,-19.211390750328604
0.30224609375,-32.152181434196514,-29.757034201228826,-32.01742292436619,-19.21678581889748
0.302490234375,-31.58663587531411,-29.796272150127617,-32.06204748234467,-19.221004285093006
0.302734375,-31.32253469607605,-29.834330201050058,-32.105400264472294,-19.224054033505393
0.302978515625,-31.338968371190443,-29.871199478686115,-32.1474714173092,-19.225943274866783
0.30322265625,-31.612498400147516,-29.90687163929484,-32.188251707751704,-19.226680545898947
0.303466796875,-32.10710736993103,-29.941338842318487,-32.227732484366456,-19.226274709917494
0.3037109375,-32.75390035532695,-29.9745937233973,-32.265905640686526,-19.224734958162976
0.303955078125,-33.4202413463373,-30.006629368753085,-32.30276358040698,-19.222070811830076
0.30419921875,-33.892534117323464,-30.03743929090963,-32.33829918441757,-19.218292124766688
0.304443359375,-33.94439257294369,-30.06701740571661,-32.3725057796093,-19.21340908681508
0.3046875,-33.50503495513819,-30.095358010644052,-32.40537710939277,-19.20743222776763
0.304931640625,-32.724051330501474,-30.122455764314083,-32.436907305866505,-19.200372421909698
0.30517578125,-31.827632260891953,-30.148305667237327,-32.467090863574995,-19.192240893122346
0.305419921875,-30.981286677093397,-30.172903043722023,-32.49592261479764,-19.18304922051704
0.3056640625,-30.268590724866797,-30.196243524924515,-32.523397706311655,-19.172809344574564
0.305908203125,-29.719606036101773,-30.218323033011313,-32.54951157757388,-19.16153357375936
0.30615234375,-29.337206495501754,-30.239137766403587,-32.57425994026896,-19.149234591580136
0.306396484375,-29.112360169695485,-30.25868418607694,-32.59763875917338,-19.135925464066403
0.306640625,-29.03209206548667,-30.276959002890308,-32.61964423428762,-19.12161964762969
0.306884765625,-29.08373435045148,-30.293959165919816,-32.640272784191154,-19.10633099727675
0.30712890625,-29.257144882433124,-30.30968185177482,-32.65952103057777,-19.09007377514067
0.307373046875,-29.54516455209163,-30.324124454875626,-32.67738578393133,-19.07286265929408
0.3076171875,-29.941765349966886,-30.337284578673597,-32.693864030305086,-19.054712752806758
0.307861328125,-30.436921045975698,-30.349160027796927,-32.7089529191703,-19.035639593007897
0.30810546875,-31.007181382404738,-30.359748801106974,-32.72264975230291,-19.015659160910957
0.308349609375,-31.6020949071699,-30.369049085652108,-32.73495197367974,-18.994787890756616
0.30859375,-32.13196422501043,-30.377059251508285,-32.74585716035911,-18.973042679626623
0.308837890625,-32.47469082988302,-30.383777847497534,-32.7553630143228,-18.95044089707848
0.30908203125,-32.52438233160841,-30.38920359777768,-32.763467355260346,-18.92700039474786
0.309326171875,-32.26296546105686,-30.393335399298984,-32.77016811427859,-18.902739515862446
0.3095703125,-31.778964523128796,-30.396172320125324,-32.77546332852329,-18.877677104607407
0.309814453125,-31.209419878255957,-30.39771359862023,-32.77935113670193,-18.85183251527928
0.31005859375,-30.6753236227501,-30.39795864349971,-32.78182977550041,-18.82522562116118
0.310302734375,-30.258906877519873,-30.39690703475695,-32.782897576888985,-18.79787682304858
0.310546875,-30.01041797813584,-30.394558525465495,-32.782552966316324,-18.769807057350874
0.310791015625,-29.96174148355413,-30.390913044470565,-32.78079446179338,-18.741037803689885
0.31103515625,-30.137221210135973,-30.38597069998002,-32.7776206738722,-18.711591091912535
0.311279296875,-30.560395505229117,-30.37973178406938,-32.77303030652792,-18.68148950843065
0.3115234375,-31.257444244110445,-30.372196778117363,-32.76702215895563,-18.65075620179699
0.311767578125,-32.257459819868096,-30.36336635919122,-32.75959512829705,-18.61941488742221
0.31201171875,-33.58702476734838,-30.353241407403416,-32.75074821331565,-18.587489851334084
0.312255859375,-35.249658127530296,-30.341823014263852,-32.74048051904208,-18.555005952875955
0.3125,-37.16479308136428,-30.329112492054378,-32.72879126241576,-18.52198862623834
0.312744140625,-39.0356349898041,-30.31511138425485,-32.715679778952016,-18.488463880713912
0.31298828125,-40.29370269539652,-30.299821477052518,-32.701145530468004,-18.454458299563466
0.313232421875,-40.609169993741794,-30.2832448119695,-32.68518811390479,-18.419999037377757
0.3134765625,-40.37766264001509,-30.265383699644815,-32.667807271286875,-18.385113815818052
0.313720703125,-40.10759083764075,-30.246240734811103,-32.649002900864645,-18.349830917616863
0.31396484375,-39.90594694179941,-30.22581881250778,-32.62877506948996,-18.314179178719467
0.314208984375,-39.50791611090205,-30.204121145575304,-32.60712402627884,-18.278187978446688
0.314453125,-38.56814538004742,-30.181151283477632,-32.58405021762062,-18.24188722756021
0.314697265625,-37.09900271898097,-30.156913132502126,-32.559554303597245,-18.20530735411354
0.31494140625,-35.45639042026303,-30.13141097738856,-32.53363717588121,-18.16847928697416
0.315185546875,-33.960683999127646,-30.10464950444092,-32.506299977186146,-18.131434436906623
0.3154296875,-32.766389903047,-30.07663382617768,-32.47754412234854,-18.094204675110998
0.315673828125,-31.92310558435727,-30.04736950757783,-32.44737132112512,-18.05682230911796
0.31591796875,-31.437734122306956,-30.016862593981607,-32.41578360279503,-18.01932005594906
0.316162109375,-31.30500158742295,-29.98511964070603,-32.38278334266204,-17.981731012460244
0.31640625,-31.519578252742143,-29.952147744436,-32.348373290557106,-17.944088622797437
0.316650390625,-32.07968683611578,-29.91795457645248,-32.312556601447476,-17.90642664290513
0.31689453125,-32.984933663404206,-29.882548417758827,-32.275336868263864,-17.868779102043185
0.317138671875,-34.22472465002321,-29.845938196166127,-32.23671815706268,-17.831180261282274
0.3173828125,-35.74474821679132,-29.808133525396716,-32.19670504464611,-17.79366456896605
0.317626953125,-37.372812576753994,-29.769144746263322,-32.15530265876737,-17.756266613146558
0.31787109375,-38.74522575949913,-29.728982969978134,-32.112516721053986,-17.71902107102023
0.318115234375,-39.49216387621062,-29.687660123642363,-32.06835359278636,-17.68196265541335
0.318359375,-39.72436323485736,-29.645188997961817,-32.02282032367287,-17.64512605838954
0.318603515625,-40.00318610707221,-29.60158329722738,-31.975924703766545,-17.608545892076105
0.31884765625,-40.88618568122322,-29.556857691592192,-31.927675318670985,-17.572256626831987
0.319091796875,-42.6912407164885,-29.511027871667146,-31.87808160818518,-17.536292526906376
0.3193359375,-44.12879812679218,-29.464110605445704,-31.82715392853741,-17.500687583764403
0.319580078125,-41.07435445100576,-29.416123797555738,-31.77490361835842,-17.465475447284017
0.31982421875,-36.43569702724149,-29.36708655082019,-31.721343068540868,-17.430689355055463
0.320068359375,-32.679295083142584,-29.317019230091248,-31.666485796129066,-17.396362060042772
0.3203125,-29.794198304117188,-29.265943528301015,-31.610346522375686,-17.36252575689306
0.320556640625,-27.56990171543311,-29.21388253464898,-31.552941255093685,-17.329212007205584
0.32080078125,-25.861663913832462,-29.160860804819123,-31.494287375419717,-17.296451664097205
0.321044921875,-24.577585288157987,-29.106904433089117,-31.434403729089052,-17.264274796423372
0.3212890625,-23.65774692916463,-29.052041126160052,-31.373310722303263,-17.232710613034794
0.321533203125,-23.061488199705504,-28.996300278496797,-31.311030422247278,-17.201787387467984
0.32177734375,-22.759978868174752,-28.93971304892628,-31.247586662282735,-17.171532383482997
0.322021484375,-22.731514450554265,-28.882312438194077,-31.183005151809404,-17.14197178187372
0.322265625,-22.957892054679128,-28.824133367127974,-31.117313590744562,-17.113130608984488
0.322509765625,-23.420464522350667,-28.765212754999645,-31.050541788519798,-17.085032667370772
0.32275390625,-24.093929236554906,-28.705589597614964,-30.982721787438145,-17.057700469042427
0.322998046875,-24.93445119365188,-28.645305044595347,-30.913887990165946,-17.031155171723263
0.3232421875,-25.85721886505855,-28.58440247524173,-30.844077291058134,-17.005416518552284
0.323486328125,-26.703977742162238,-28.522927572295764,-30.773329210927027,-16.980502781638595
0.32373046875,-27.23414575069093,-28.460928392831647,-30.701686034764663,-16.95643070986386
0.323974609375,-27.22300172127995,-28.398455435427074,-30.629192951817082,-16.93321548130388
0.32421875,-26.64699644349536,-28.335561702673395,-30.555898197282584,-16.910870660614034
0.324462890625,-25.70582272381721,-28.272302757993934,-30.481853194766458,-16.889408161692213
0.32470703125,-24.64432578414111,-28.20873677564701,-30.407112698470225,-16.868838215898048
0.324951171875,-23.630529849904185,-28.14492458269867,-30.331734933925322,-16.849169346069065
0.3251953125,-22.752543085213336,-28.080929691658003,-30.255781735896417,-16.830408346532685
0.325439453125,-22.050831539174062,-28.01681832238299,-30.17931868188382,-16.812560269269436
0.32568359375,-21.54268254252036,-27.952659411782015,-30.102415219442374,-16.795628416336555
0.325927734375,-21.235243233263702,-27.888524609765284,-30.025144785313312,-16.779614338613854
0.326171875,-21.131865627115843,-27.824488259839665,-29.9475849141343,-16.764517840885723
0.326416015625,-21.23532434714713,-27.76062736269479,-29.869817334255238,-16.750336993224625
0.32666015625,-21.549745757656016,-27.697021521102165,-29.791928047948524,-16.73706814859367
0.326904296875,-22.08209489552194,-27.633752864445288,-29.714007393066602,-16.72470596653917
0.3271484375,-22.843543130601226,-27.57090595122166,-29.636150082971895,-16.7132434427987
0.327392578125,-23.85060465906872,-27.508567647911832,-29.55845522135465,-16.702671944607715
0.32763671875,-25.125061902888465,-27.446826982700824,-29.481026288369776,-16.692981251447407
0.327880859375,-26.689044122360997,-27.385774972665345,-29.403971094373542,-16.684159600939825
0.328125,-28.5429275382764,-27.32550442321342,-29.327401697439793,-16.676193739563104
0.328369140625,-30.588923960456533,-27.26610969878093,-29.251434280791045,-16.66906897783045
0.32861328125,-32.44100557652981,-27.207686464057357,-29.17618898630936,-16.66276924955168
0.328857421875,-33.340216720250545,-27.15033139533088,-29.10178970040708,-16.65727717477571
0.3291015625,-32.96408651685891,-27.094141861910593,-29.02836378875216,-16.652574125996402
0.329345703125,-31.971755871220736,-27.039215578001738,-28.956041776672095,-16.648640297193072
0.32958984375,-31.020285754935003,-26.985650225873247,-28.88495697251482,-16.645454775270256
0.329833984375,-30.360130991144857,-26.93354305166175,-28.815245031834994,-16.642995613459057
0.330078125,-30.031762426104592,-26.882990435695614,-28.74704346100856,-16.64123990624455
0.330322265625,-29.99724499367055,-26.83408743978749,-28.6804910597596,-16.640163865389958
0.33056640625,-30.170516797737996,-26.786927334521394,-28.615727303109164,-16.639742896638168
0.330810546875,-30.407233214522638,-26.741601110140373,-28.552891664421175,-16.639951676684696
0.3310546875,-30.50355596973032,-26.698196975204244,-28.49212288250818,-16.64076423003282
0.331298828125,-30.264290691808288,-26.65679984772092,-28.433558177150356,-16.64215400536084
0.33154296875,-29.632460892939562,-26.61749084393881,-28.377332418844098,-16.64409395105329
0.331787109375,-28.72598585625813,-26.58034677040558,-28.323577260093696,-16.646556589571386
0.33203125,-27.72525472758894,-26.54543962523151,-28.27242023704723,-16.64951409036343
0.332275390625,-26.767112513125042,-26.512836114728174,-28.22398385170416,-16.65293834104212
0.33251953125,-25.924008229361828,-26.482597191708678,-28.17838464622953,-16.656801016582957
0.332763671875,-25.224319104503795,-26.45477762172423,-28.135732282042717,-16.66107364632555
0.3330078125,-24.674106553673283,-26.42942558336392,-28.09612863724609,-16.665727678587192
0.333251953125,-24.270826606256925,-26.406582308454713,-28.0596669365664,-16.670734542725622
0.33349609375,-24.01067502621646,-26.38628176756974,-28.02643092825258,-16.676065708514816
0.333740234375,-23.89226915595028,-26.368550405687166,-27.996494122266,-16.681692742723648
0.333984375,-23.918421530312255,-26.353406932151593,-27.96991910359251,-16.687587362812653
0.334228515625,-24.097014555547617,-26.340862168289302,-27.94675693358603,-16.69372148768793
0.33447265625,-24.441603295125653,-26.330918955136507,-27.927046650932425,-16.700067285473978
0.334716796875,-24.972191417823105,-26.323572122781194,-27.91081488212546,-16.706597218288522
0.3349609375,-25.716502433190122,-26.31880852181746,-27.89807556931873,-16.713284084021943
0.335205078125,-26.711826497783463,-26.316607116396916,-27.888829821119895,-16.720101055142113
0.33544921875,-28.006555147341963,-26.31693913736091,-27.88306588940238,-16.72702171456188
0.335693359375,-29.656119179283785,-26.319768292979084,-27.880759272610543,-16.73402008862114
0.3359375,-31.687948439779817,-26.325051033929615,-27.8818729434171,-16.741070677248768
0.336181640625,-33.92947940763208,-26.33273686835716,-27.886357696051785,-16.748148481381
0.33642578125,-35.50921600519408,-26.342768722156453,-27.894152606242486,-16.755229027723065
0.336669921875,-35.139083263228024,-26.35508333906616,-27.9051855945772,-16.762288390949188
0.3369140625,-33.40147951327453,-26.369611714730347,-27.919374082272036,-16.76930321344313
0.337158203125,-31.599226511165412,-26.386279558598453,-27.936625726868932,-16.776250722687195
0.33740234375,-30.188937049633473,-26.405007777388608,-27.956839224320582,-16.78310874641194
0.337646484375,-29.224965542756802,-26.42571297382988,-27.979905163263115,-16.789855725622026
0.337890625,-28.685215032275067,-26.448307954517215,-28.005706917027965,-16.79647072561592
0.338134765625,-28.553894436489724,-26.472702240946695,-28.034121559081203,-16.802933445118033
0.33837890625,-28.840381639219412,-26.498802578133727,-28.06502078806952,-16.80922422364238
0.338623046875,-29.589580103687112,-26.52651343563546,-28.098271849450978,-16.815324047206012
0.3388671875,-30.90218515864898,-26.55573749628447,-28.13373844174233,-16.82121455250934
0.339111328125,-32.98788365055566,-26.586376128474637,-28.171281596666297,-16.826878029698427
0.33935546875,-36.32940711897484,-26.61832983840506,-28.2107605238723,-16.832297423821892
0.339599609375,-42.32558339758276,-26.651498699266835,-28.252033412375106,-16.83745633509205
0.33984375,-48.707947391599276,-26.685782754936355,-28.294958182356357,-16.842339018056627
0.340087890625,-39.96396267660524,-26.721082396302464,-28.339393182452966,-16.846930379783636
0.34033203125,-35.34561129741049,-26.757298708894265,-28.385197829077757,-16.851215977158063
0.340576171875,-32.72344880224327,-26.79433379098048,-28.432233185645714,-16.855182013384905
0.3408203125,-31.16728366531502,-26.832091041774405,-28.480362480790692,-16.858815333788712
0.341064453125,-30.329105262890558,-26.870475419795312,-28.52945156573512,-16.862103420995354
0.34130859375,-30.04993824138444,-26.90939367180472,-28.579369311909765,-16.86503438957741
0.341552734375,-30.248227558591797,-26.9487545330526,-28.62998795070741,-16.867596980239774
0.341796875,-30.875823848482558,-26.98846889983586,-28.681183357896565,-16.869780553617858
0.342041015625,-31.88995539315442,-27.02844997558906,-28.732835285724253,-16.87157508375609
0.34228515625,-33.21997032426327,-27.068613391898886,-28.784827546109266,-16.87297115133006
0.342529296875,-34.718281578661404,-27.108877305962814,-28.837048148583328,-16.87395993667139
0.3427734375,-36.126315356370746,-27.149162476101253,-28.889389396786665,-16.874533212649943
0.343017578125,-37.18335991802772,-27.189392316986464,-28.94174794738359,-16.87468333746414
0.34326171875,-37.90688078618005,-27.229492936274568,-28.994024835245295,-16.874403247385885
0.343505859375,-38.66757637996511,-27.269393154322866,-29.046125468664815,-16.873686449502834
0.34375,-39.99320396801202,-27.3090245086481,-29.09795959823525,-16.872527014496942
0.343994140625,-42.620941888396366,-27.3483212447363,-29.149441262850317,-16.870919569494582
0.34423828125,-48.64751247992729,-27.387220294753924,-29.200488716083655,-16.868859291020087
0.344482421875,-58.332160279259895,-27.425661245638743,-29.251024335982734,-16.866341898081153
0.3447265625,-43.40634255573245,-27.46358629796768,-29.300974521079084,-16.863363645411372
0.344970703125,-37.73398702029985,-27.500940216912177,-29.350269575178594,-16.859921316892045
0.34521484375,-34.20142779354033,-27.537670276502105,-29.398843583257516,-16.85601221917249
0.345458984375,-31.714181956888353,-27.573726198326355,-29.446634280556296,-16.85163417550523
0.345703125,-29.88480872116893,-27.609060085707085,-29.49358291673819,-16.846785519809686
0.345947265625,-28.52792527709173,-27.64362635429397,-29.539634116765367,-16.84146509097549
0.34619140625,-27.537277475280426,-27.677381659936927,-29.584735739943383,-16.835672227413934
0.346435546875,-26.842339248771783,-27.71028482461102,-29.62883873839644,-16.829406761863716
0.3466796875,-26.3890746166653,-27.74229676108738,-29.671897016062832,-16.822669016454917
0.346923828125,-26.130272251406865,-27.77338039696762,-29.71386728914064,-16.81545979803275
0.34716796875,-26.021212493233485,-27.8035005986281,-29.754708948769224,-16.807780393740664
0.347412109375,-26.019819251937516,-27.832624095554923,-29.794383926602592,-16.799632566860186
0.34765625,-26.09110837716209,-27.86071940548883,-29.832856563813337,-16.79101855290298
0.347900390625,-26.21436073457131,-27.88775676074383,-29.87009348396319,-16.78194105594852
0.34814453125,-26.389222134169184,-27.91370803601214,-29.90606347008429,-16.772403245219
0.348388671875,-26.63661945946636,-27.938546677921877,-29.94073734623534,-16.76240875188128
0.3486328125,-26.993460696342186,-27.962247636572478,-29.974087863727362,-16.751961666063607
0.348876953125,-27.50377101381347,-27.98478729923552,-30.006089592153586,-16.74106653407342
0.34912109375,-28.20920295483161,-28.006143426375473,-30.036718815306237,-16.729728355800503
0.349365234375,-29.13823150230291,-28.026295090115923,-30.065953432020006,-16.71795258228826
0.349609375,-30.287536409862923,-28.04522261525078,-30.093772861944753,-16.705745113453897
0.349853515625,-31.583243136028905,-28.06290752287799,-30.120157956220112,-16.693112295937024
0.35009765625,-32.81973382570426,-28.079332476713816,-30.14509091299977,-16.680060921054046
0.350341796875,-33.65761444944957,-28.094481232129205,-30.16855519775339,-16.666598222834498
0.3505859375,-33.86092187603416,-28.108338587936142,-30.19053546825883,-16.65273187611353
0.350830078125,-33.5776625605508,-28.120890340939823,-30.21101750418555,-16.63846999465331
0.35107421875,-33.166382719509485,-28.132123243263422,-30.229988141161776,-16.623821129264442
0.351318359375,-32.88017221016143,-28.142024962444406,-30.247435209212753,-16.60879426589694
0.3515625,-32.78719468063826,-28.150584044295464,-30.263347475454413,-16.59339882366866
0.351806640625,-32.78732782613404,-28.157789878518827,-30.27771459092577,-16.577644652797773
0.35205078125,-32.6258396164603,-28.16363266705988,-30.29052704144513,-16.561542032404056
0.352294921875,-32.006524347733965,-28.168103395183888,-30.301776102377072,-16.545101668142564
0.3525390625,-30.855241368460426,-28.171193805259477,-30.31145379720183,-16.528334689631812
0.352783203125,-29.396129988207946,-28.172896373232422,-30.319552859783556,-16.511252647637004
0.35302734375,-27.915037332127067,-28.173204287774695,-30.32606670024029,-16.49386751096792
0.353271484375,-26.592817335519094,-28.172111432095498,-30.330989374325252,-16.476191663049537
0.353515625,-25.51059348734732,-28.16961236840382,-30.334315556236927,-16.45823789812249
0.353759765625,-24.697539765244343,-28.165702325014998,-30.33604051478359,-16.4400194170295
0.35400390625,-24.163056058582093,-28.16037718609755,-30.336160092836465,-16.421549822542833
0.354248046875,-23.912780265893552,-28.153633484060663,-30.3346706900153,-16.4028431141872
0.3544921875,-23.956485830840233,-28.14546839458716,-30.33156924855902,-16.38391368251195
0.354736328125,-24.31316730354356,-28.135879734321556,-30.326853242344335,-16.364776302765772
0.35498046875,-25.016453986230054,-28.124865961227876,-30.32052066902494,-16.34544612792703
0.355224609375,-26.123130586327576,-28.112426177637015,-30.3125700452742,-16.32593868104278
0.35546875,-27.72901964565591,-28.098560136008967,-30.303000405124358,-16.3062698468296
0.355712890625,-29.999950138570046,-28.083268247440447,-30.291811301406124,-16.286455862489984
0.35595703125,-33.21847134136823,-28.06655159295407,-30.279002810302607,-16.266513307698542
0.356201171875,-37.57042310802883,-28.048411937610567,-30.264575539042497,-16.246459093713423
0.3564453125,-39.759379175648874,-28.028851747490787,-30.248530636767935,-16.22631045156963
0.356689453125,-36.32691019067407,-28.00787420959956,-30.23086980862314,-16.20608491931259
0.35693359375,-33.12473234809414,-27.98548325474806,-30.211595333120552,-16.185800328232204
0.357177734375,-31.057501326450506,-27.961683583476233,-30.190710082851886,-16.165474788060344
0.357421875,-29.798948365220475,-27.936480695080625,-30.1682175486218,-16.145126671097106
0.357666015625,-29.11390512850396,-27.90988091981676,-30.144121867092245,-16.12477459523468
0.35791015625,-28.84985631417496,-27.881891454348224,-30.118427852035893,-16.104437405851243
0.358154296875,-28.88676504054183,-27.852520400516376,-30.091141029306158,-16.084134156551148
0.3583984375,-29.10614447745484,-27.82177680750637,-30.062267675641486,-16.06388408873251
0.358642578125,-29.378802743170628,-27.78967071748497,-30.031814861429776,-16.04370660996799
0.35888671875,-29.578583209121604,-27.756213214784417,-29.99979049756728,-16.023621271190088
0.359130859375,-29.621805565921097,-27.721416478704395,-29.96620338655368,-16.00364774267817
0.359375,-29.50049154697379,-27.685293839999208,-29.93106327797138,-15.983805788850521
0.359619140625,-29.2708599524114,-27.64785984111136,-29.894380928502137,-15.964115241871742
0.35986328125,-29.00886839311546,-27.609130300203898,-29.85616816663814,-15.944595974092612
0.360107421875,-28.776225805399434,-27.56912237903265,-29.816437962246273,-15.925267869347199
0.3603515625,-28.614314583623862,-27.527854654685328,-29.775204501144266,-15.906150793139744
0.360595703125,-28.555661295783217,-27.48534719519707,-29.732483264845293,-15.887264561762047
0.36083984375,-28.639431961773383,-27.441621639030508,-29.688291115621034,-15.86862891039029
0.361083984375,-28.92441055889909,-27.396701278383482,-29.64264638702585,-15.850263460219043
0.361328125,-29.500332912953958,-27.35061114625686,-29.59556898001025,-15.832187684698681
0.361572265625,-30.505930341440912,-27.303378107180215,-29.54708046473574,-15.814420874951347
0.36181640625,-32.17404613777197,-27.255030951452014,-29.49720418817993,-15.796982104449487
0.362060546875,-34.957624173777106,-27.205600492703745,-29.44596538759197,-15.77989019304939
0.3623046875,-39.77744828762372,-27.15511966854357,-29.393391309823066,-15.763163670481086
0.362548828125,-42.64643215629357,-27.10362364397396,-29.339511336513688,-15.746820739404026
0.36279296875,-36.01925326171536,-27.051149917208456,-29.284357115066342,-15.73087923814597
0.363037109375,-31.291551395279285,-26.997738427434996,-29.227962695271398,-15.715356603250141
0.36328125,-28.161454729424076,-26.943431663987553,-29.170364671380298,-15.700269831962645
0.363525390625,-25.967911023586407,-26.888274776291176,-29.111602329335255,-15.68563544479849
0.36376953125,-24.414453837294168,-26.83231568384144,-29.051717798766337,-15.671469448330388
0.364013671875,-23.355695709311888,-26.775605185363617,-28.99075620925364,-15.657787298349152
0.3642578125,-22.716808856093365,-26.718197066173104,-28.92876585022337,-15.644603863548701
0.364501953125,-22.462731604154914,-26.660148202624846,-28.86579833370151,-15.631933389891532
0.36474609375,-22.58658418788412,-26.60151866239652,-28.801908758984066,-15.61978946581254
0.364990234375,-23.10791189855605,-26.542371799200705,-28.737155878101902,-15.608184988419833
0.365234375,-24.0792792750737,-26.482774340363903,-28.671602260755755,-15.597132130851048
0.365478515625,-25.60552461492918,-26.422796465548547,-28.605314457175975,-15.58664231094183
0.36572265625,-27.889999060123394,-26.362511874730487,-28.53836315712175,-15.576726161360611
0.365966796875,-31.33711590243834,-26.301997843380494,-28.470823342975777,-15.567393501359748
0.3662109375,-36.42163209788921,-26.241335262638472,-28.402774434614507,-15.558653310287564
0.366455078125,-37.715493323907495,-26.180608662118505,-28.334300423445292,-15.550513702999657
0.36669921875,-32.78748283910815,-26.11990621284406,-28.265489992700378,-15.5429819072997
0.366943359375,-29.289732947592867,-26.0593197076943,-28.196436620771756,-15.53606424353126
0.3671875,-27.119320112772183,-25.998944516649768,-28.127238664064205,-15.529766106432078
0.367431640625,-25.82160336520278,-25.938879514064872,-28.057999415545062,-15.524091949351018
0.36767578125,-25.176666999803295,-25.879226975176305,-27.988827134887458,-15.519045270916063
0.367919921875,-25.087172961141437,-25.820092439086622,-27.919835045850846,-15.5146286042287
0.3681640625,-25.525503802508815,-25.761584535550327,-27.851141296329274,-15.510843508646461
0.368408203125,-26.514964016340855,-25.703814773045064,-27.782868876342235,-15.507690564201242
0.36865234375,-28.122496943643128,-25.64689728584124,-27.715145489158424,-15.50516936868624
0.368896484375,-30.419578026866464,-25.59094853809533,-27.648103370747723,-15.503278537429397
0.369140625,-33.166603998358724,-25.5360869833958,-27.581879052872246,-15.502015705756047
0.369384765625,-34.597352010617236,-25.482432678685928,-27.516613065368066,-15.501377534128228
0.36962890625,-33.03068740355753,-25.430106852081025,-27.452449573558347,-15.501359715933027
0.369873046875,-30.70812527134747,-25.37923142478665,-27.389535947290543,-15.501956987877518
0.3701171875,-28.9739704822221,-25.329928488104713,-27.328022258820305,-15.503163142933376
0.370361328125,-27.94760426037584,-25.282319737380007,-27.26806070768459,-15.504971045760435
0.37060546875,-27.5634859785578,-25.236525865676576,-27.209804971820887,-15.507372650525248
0.370849609375,-27.78496053213839,-25.19266592096482,-27.153409485496717,-15.51035902101832
0.37109375,-28.63693704386852,-25.150856631625427,-27.09902864610536,-15.513920352962163
0.371337890625,-30.236014077933227,-25.111211706107788,-27.04681595354041,-15.518045998391862
0.37158203125,-32.886216404949366,-25.07384111358792,-26.996923087651755,-15.522724491980517
0.371826171875,-37.46747145310003,-25.038850353421704,-26.94949893117197,-15.527943579173499
0.3720703125,-48.53691242797651,-25.006339722044796,-26.904688547427988,-15.533690245988613
0.372314453125,-44.02002698674113,-24.976403586696886,-26.862632124059576,-15.539950750333274
0.37255859375,-36.50305929356267,-24.949129675906597,-26.823463895781078,-15.546710654685398
0.372802734375,-33.05602286633087,-24.924598397031463,-26.787311060867623,-15.553954859981253
0.373046875,-31.16443676420594,-24.902882191277275,-26.75429270744262,-15.561667640551661
0.373291015625,-30.20362500757851,-24.88404493649839,-26.724518766710318,-15.569832679946874
0.37353515625,-29.948921721781197,-24.868141407693052,-26.698089010940535,-15.578433107491074
0.373779296875,-30.330579898284032,-24.855216804449498,-26.675092114211736,-15.587451535408723
0.3740234375,-31.373878034347626,-24.845306353677255,-26.65560479360501,-15.596870096367681
0.374267578125,-33.18354621251568,-24.838434994789452,-26.639691047687776,-15.60667048128752
0.37451171875,-35.83573146614721,-24.834617153115364,-26.62740150772974,-15.616833977266005
0.374755859375,-38.29816913630972,-24.833856605755397,-26.618772915174837,-15.62734150548204
0.375,-36.96745545260612,-24.836146442390618,-26.6138277365007,-15.638173658939397
0.375244140625,-33.49078519852419,-24.84146912177716,-26.61257392380298,-15.649310739922406
0.37548828125,-30.570347161818404,-24.849796622851976,-26.615004826341636,-15.660732797041984
0.375732421875,-28.416486588760364,-24.86109068760571,-26.62109925498923,-15.672419661758267
0.3759765625,-26.867755200574862,-24.87530315119995,-26.63082169815258,-15.684350984274115
0.376220703125,-25.799718781199292,-24.892376353269576,-26.644122684423,-15.696506268702326
0.37646484375,-25.139344804080793,-24.91224362300351,-26.660939284072583,-15.708864907417983
0.376708984375,-24.850421383467484,-24.934829829473586,-26.68119573866621,-15.721406214516007
0.376953125,-24.924297727341855,-24.960051987808786,-26.704804205600617,-15.73410945830287
0.377197265625,-25.37663238922783,-24.987819911205108,-26.731665602386645,-15.746953892760052
0.37744140625,-26.248670779266483,-25.018036898424807,-26.761670534012953,-15.759918787925422
0.377685546875,-27.610033806350195,-25.05060044636551,-26.794700285792494,-15.772983459147225
0.3779296875,-29.544542908947736,-25.085402977454404,-26.830627863698233,-15.786127295173358
0.378173828125,-31.998509861220647,-25.122332572021733,-26.869319064317864,-15.799329785046716
0.37841796875,-33.980691258054456,-25.161273696401057,-26.91063355715385,-15.812570543784833
0.378662109375,-33.25028655566922,-25.20210791825669,-26.954425963004468,-15.825829336829244
0.37890625,-30.725647016537575,-25.2447146015162,-27.000546913512412,-15.839086103256896
0.379150390625,-28.37577619251183,-25.28897157424915,-27.048844078579336,-15.852320977752253
0.37939453125,-26.607260584113824,-25.334755763848342,-27.099163150138672,-15.865514311344697
0.379638671875,-25.366760840951102,-25.38194379490215,-27.151348772676567,-15.878646690921514
0.3798828125,-24.563092405020107,-25.43041254616697,-27.205245412818005,-15.891698957531544
0.380126953125,-24.124881388996293,-25.480039664031793,-27.260698162190952,-15.904652223499468
0.38037109375,-23.998823582699707,-25.53070403079131,-27.3175534695895,-15.917487888374824
0.380615234375,-24.141225727452206,-25.58228618689352,-27.37565980013526,-15.930187653743332
0.380859375,-24.509492943767842,-25.634668707092246,-27.434868220655602,-15.942733536931877
0.381103515625,-25.053488583008576,-25.6877365311054,-27.495032911832816,-15.955107883640938
0.38134765625,-25.70666664504422,-25.741377249953775,-27.55601160882261,-15.967293379540987
0.381591796875,-26.379267496699836,-25.79548134963438,-27.61766597298977,-15.979273060871432
0.3818359375,-26.96009512763654,-25.849942414166215,-27.679861898166717,-15.991030324082391
0.382080078125,-27.335324933319562,-25.90465729034344,-27.742469755419307,-16.002548934560966
0.38232421875,-27.422969999634617,-25.959526216746713,-27.80536458071666,-16.013813034484784
0.382568359375,-27.201912914588135,-26.01445291970405,-27.86842621016413,-16.024807149846275
0.3828125,-26.71311055091019,-26.069344678970285,-27.931539367591952,-16.035516196691756
0.383056640625,-26.037176064459135,-26.12411236591385,-27.994593709312344,-16.045925486619442
0.38330078125,-25.268701291504456,-26.178670456971787,-28.057483830786012,-16.056020731580634
0.383544921875,-24.498495141849062,-26.232937025067727,-28.120109239792875,-16.06578804802804
0.3837890625,-23.80435737874906,-26.286833711588425,-28.18237430049635,-16.07521396045478
0.384033203125,-23.24844711645487,-26.34028568139149,-28.244188152542307,-16.084285404367026
0.38427734375,-22.879086116632273,-26.393221563176404,-28.30546460905605,-16.092989728732455
0.384521484375,-22.734804891613365,-26.44557337739719,-28.366122037103306,-16.101314697945885
0.384765625,-22.84895901046309,-26.497276453734138,-28.426083223875224,-16.10924849335235
0.385009765625,-23.253922177867416,-26.548269339978724,-28.48527523155079,-16.11677971436687
0.38525390625,-23.983893643363096,-26.598493704020875,-28.543629243487526,-16.123897379228886
0.385498046875,-25.073392166811207,-26.647894230467656,-28.601080404100124,-16.1305909254282
0.3857421875,-26.540056039675267,-26.696418513266114,-28.657567654508714,-16.136850209837764
0.385986328125,-28.31097317678853,-26.744016945554066,-28.71303356577647,-16.142665508587424
0.38623046875,-29.996967729109958,-26.790642607821983,-28.767424171314065,-16.148027516711362
0.386474609375,-30.681147102469897,-26.83625115533672,-28.820688799803108,-16.15292734760034
0.38671875,-29.87242501611607,-26.88080070565517,-28.8727799097869,-16.157356532288645
0.386962890625,-28.364707247788594,-26.92425172694344,-28.923652926890952,-16.16130701860405
0.38720703125,-26.924071423859548,-26.966566927712986,-28.973266084469568,-16.16477117020766
0.387451171875,-25.796298876241366,-27.007711148491712,-29.02158026832561,-16.167741765549067
0.3876953125,-25.001096272734525,-27.047651255863347,-29.06855886602002,-16.170211996760873
0.387939453125,-24.50149489253105,-27.086356039232193,-29.11416762117103,-16.172175468515004
0.38818359375,-24.253677448833425,-27.12379611060285,-29.15837449304323,-16.17362619686212
0.388427734375,-24.21883281214747,-27.159943807604748,-29.201149521638747,-16.17455860807372
0.388671875,-24.365135730813215,-27.194773099938555,-29.242464698428044,-16.1749675375054
0.388916015625,-24.66721003567411,-27.22825949937578,-29.282293842794292,-16.174848228498263
0.38916015625,-25.104621922011443,-27.26037997340321,-29.320612484211274,-16.174196331334166
0.389404296875,-25.659464853165638,-27.291112862569197,-29.357397750130044,-16.1730079022592
0.3896484375,-26.312881829268804,-27.32043780156063,-29.39262825951284,-16.171279402588496
0.389892578125,-27.040592858897185,-27.34833564401413,-29.42628402192275,-16.169007697904256
0.39013671875,-27.80797998548274,-27.37478839104504,-29.458346342053886,-16.16619005735757
0.390380859375,-28.56613645293535,-27.399779123461343,-29.488797729568923,-16.162824153083484
0.390625,-29.251564190160934,-27.423291937615875,-29.517621814096515,-16.15890805973751
0.390869140625,-29.79311317408805,-27.445311884840187,-29.544803265232456,-16.15444025416062
0.39111328125,-30.127954669082172,-27.46582491439547,-29.570327717381527,-16.149419615178655
0.391357421875,-30.221992482627495,-27.48481781987021,-29.594181699274472,-16.14384542354085
0.3916015625,-30.083354002113705,-27.50227818895131,-29.61635256799378,-16.13771736200114
0.391845703125,-29.759888506252857,-27.5181943564931,-29.63682844734389,-16.131035515544728
0.39208984375,-29.323214486343762,-27.53255536080883,-29.65559817040443,-16.123800371761305
0.392333984375,-28.850039463996726,-27.545350903110418,-29.672651226110936,-16.116012821365228
0.392578125,-28.409178190751128,-27.55657131002451,-29.687977709713252,-16.107674158861766
0.392822265625,-28.05609956754711,-27.566207499116434,-29.701568276969574,-16.098786083357595
0.39306640625,-27.832830942506995,-27.574250947357974,-29.713414101942647,-16.089350699512373
0.393310546875,-27.770453863333273,-27.580693662480087,-29.723506838273586,-16.079370518627357
0.3935546875,-27.892319187529854,-27.585528157157533,-29.731838583818863,-16.068848459865656
0.393798828125,-28.217091379413194,-27.588747425978912,-29.73840184854618,-16.05778785159778
0.39404296875,-28.7613673452824,-27.59034492516274,-29.74318952559631,-16.046192432864927
0.394287109375,-29.54193741552269,-27.590314554987824,-29.746194865428812,-16.034066354951193
0.39453125,-30.57790071392664,-27.58865064491414,-29.747411452981535,-16.02141418305481
0.394775390625,-31.892922519396972,-27.585347941379116,-29.746833187785995,-16.00824089804736
0.39501953125,-33.517991941818444,-27.580401598263045,-29.744454266992896,-15.994551898308512
0.395263671875,-35.49514376113065,-27.573807170026733,-29.740269171275017,-15.98035300162271
0.3955078125,-37.882823274734704,-27.565560607534092,-29.734272653587727,-15.96565044712306
0.395751953125,-40.764341419748256,-27.55565825658261,-29.726459730781013,-15.950450897266071
0.39599609375,-44.264866664499756,-27.544096859174974,-29.716825678070535,-15.93476143981996
0.396240234375,-48.60050459440803,-27.530873557575855,-29.705366026389836,-15.9185895898476
0.396484375,-54.1240412736402,-27.51598590120922,-29.692076562660286,-15.901943291663994
0.396728515625,-57.43580586372979,-27.4994318564629,-29.676953333030916,-15.88483092074673
0.39697265625,-51.485661596247176,-27.48120981947913,-29.659992649155708,-15.86726128557646
0.397216796875,-45.73484047024284,-27.461318632021904,-29.64119109759276,-15.849243629383029
0.3974609375,-41.13585857754394,-27.4397576005249,-29.62054555242633,-15.830787631771537
0.397705078125,-37.323942586529355,-27.416526518436335,-29.59805319123093,-15.811903410201039
0.39794921875,-34.10035659333114,-27.391625691990686,-29.573711514514663,-15.792601521287251
0.398193359375,-31.34747394309204,-27.365055969550856,-29.547518368798798,-15.77289296189927
0.3984375,-28.98874247051291,-27.3368187746781,-29.51947197351032,-15.7527891700186
0.398681640625,-26.972231752128522,-27.30691614310136,-29.489570951885362,-15.73230202532778
0.39892578125,-25.262013403979523,-27.275350763772064,-29.45781436610354,-15.711443849494191
0.399169921875,-23.833004572041744,-27.24212602420456,-29.424201756895762,-15.690227406113364
0.3994140625,-22.667726003827195,-27.207246060317676,-29.38873318789266,-15.668665900275013
0.399658203125,-21.754217823068803,-27.17071581100601,-29.351409295004807,-15.646772977713393
0.39990234375,-21.084671060886055,-27.132541077684948,-29.312231341152494,-15.624562723502766
0.400146484375,-20.654495410268257,-27.092728589066407,-29.271201276689233,-15.602049660257522
0.400390625,-20.46163253483921,-27.051286071435232,-29.228321805890737,-15.579248745795418
0.400634765625,-20.50596522804694,-27.008222324708765,-29.18359645990953,-15.556175370221721
0.40087890625,-20.788674270742717,-26.963547304572305,-29.137029676624255,-15.532845352391224
0.401123046875,-21.311354855066575,-26.917272210992678,-29.088626887841627,-15.509274935704367
0.4013671875,-22.07461083584129,-26.869409583418932,-29.038394614338685,-15.485480783193585
0.401611328125,-23.075676083797518,-26.81997340298357,-28.9863405692614,-15.46147997185545
0.40185546875,-24.304340728910358,-26.76897920201844,-28.932473770423957,-15.43728998618432
0.402099609375,-25.7360672519945,-26.716444181196913,-28.876804662079966,-15.412928710863502
0.40234375,-27.320689115704727,-26.662387334605263,-28.81934524676086,-15.388414422570147
0.402587890625,-28.964746434526326,-26.606829583032713,-28.760109227798555,-15.363765780850994
0.40283203125,-30.507379982877847,-26.54979391574892,-28.699112163167197,-15.339001818027198
0.403076171875,-31.704378773714836,-26.49130554100782,-28.636371631290167,-15.314141928087574
0.4033203125,-32.27974378642064,-26.43139204547849,-28.57190740946407,-15.289205854531382
0.403564453125,-32.10262255100944,-26.370083562753578,-28.505741665548236,-15.264213677124022
0.40380859375,-31.324442756749136,-26.30741295102142,-28.437899163552572,-15.239185797530974
0.404052734375,-30.252698342498505,-26.243415979911543,-28.368407483730337,-15.21414292379859
0.404296875,-29.148442907261476,-26.178131526425563,-28.297297257736737,-15.189106053653216
0.404541015625,-28.16279625126826,-26.111601779751943,-28.224602419351584,-15.16409645659387
0.40478515625,-27.362399197178263,-26.043872454625337,-28.150360471176647,-15.139135654757897
0.405029296875,-26.762741106294023,-25.974993012729474,-28.074612767603085,-15.11424540254323
0.4052734375,-26.347637661211895,-25.905016891453897,-27.997404814197402,-15.089447664975996
0.405517578125,-26.077835300896073,-25.83400173909609,-27.918786583468428,-15.0647645948177
0.40576171875,-25.895739808104633,-25.76200965534872,-27.838812846748176,-15.040218508411655
0.406005859375,-25.73369783290659,-25.689107435625814,-27.75754352164001,-15.015831860274911
0.40625,-25.5313836251282,-25.615366817458565,-27.67504403415063,-14.991627216448386
0.406494140625,-25.25925563815027,-25.540864726828822,-27.59138569422046,-14.967627226624929
0.40673828125,-24.93347979416211,-25.465683521907884,-27.506646082895614,-14.943854595082389
0.406982421875,-24.609861803286694,-25.389911231227103,-27.420909448832607,-14.920332050456611
0.4072265625,-24.362744561748734,-25.313641782828324,-27.33426711119123,-14.897082314396915
0.407470703125,-24.265390094505577,-25.23697522042959,-27.246817865244996,-14.874128069155276
0.40771484375,-24.38039723030634,-25.160017902097884,-27.158668386216867,-14.85149192416831
0.407958984375,-24.757361516462947,-25.082882676356448,-27.069933625931778,-14.82919638170001
0.408203125,-25.429941095387328,-25.00568903007773,-26.98073719586608,-14.807263801621733
0.408447265625,-26.40093103871799,-24.928563201938005,-26.891211729073706,-14.785716365414146
0.40869140625,-27.594804698062,-24.85163825465576,-26.80149921229241,-14.764576039484691
0.408935546875,-28.757161965487704,-24.775054098722094,-26.711751278297026,-14.743864537902187
0.4091796875,-29.40685679861341,-24.69895745988463,-26.62212944729758,-14.72360328465814
0.409423828125,-29.204183551881478,-24.6235017822973,-26.532805304914348,-14.703813375572093
0.40966796875,-28.419131149160783,-24.54884705903039,-26.44396060304654,-14.684515539965659
0.409912109375,-27.57184385791239,-24.475159581585558,-26.355787268843414,-14.665730102236195
0.41015625,-26.983841561109855,-24.402611600222095,-26.26848730606154,-14.64747694346759
0.410400390625,-26.784486289768836,-24.331380887312072,-26.182272572429323,-14.629775463220643
0.41064453125,-27.021927943982263,-24.261650196646674,-26.097364416339076,-14.612644541650155
0.410888671875,-27.726104338523896,-24.193606612651966,-26.013993156352846,-14.596102502099617
0.4111328125,-28.93945564518082,-24.127440784870302,-25.932397387749052,-14.580167074326864
0.411376953125,-30.742071477411823,-24.06334604484812,-25.852823101768728,-14.564855358515917
0.41162109375,-33.29041297070673,-24.001517404752235,-25.77552260544364,-14.550183790230767
0.411865234375,-36.8524190116876,-23.94215043960444,-25.7007532329922,-14.536168106466217
0.412109375,-41.09025486005872,-23.885440057955883,-25.628775843814147,-14.522823312949267
0.412353515625,-40.601291013953755,-23.831579169061943,-25.559853107122063,-14.510163652841573
0.41259765625,-36.27241067031383,-23.7807572580904,-25.494247579182737,-14.498202576989275
0.412841796875,-32.759001985021136,-23.733158884497136,-25.432219585913497,-14.486952715861278
0.4130859375,-30.132594775825186,-23.688962122301632,-25.374024931014098,-14.476425853310344
0.413330078125,-28.137596456833123,-23.64833696444263,-25.31991245767207,-14.466632902283736
0.41357421875,-26.641285684896108,-23.611443716519418,-25.270121499830903,-14.45758388260131
0.413818359375,-25.583106058511188,-23.578431407853596,-25.224879266665813,-14.44928790090901
0.4140625,-24.937959157565295,-23.549436249764405,-25.184398210825506,-14.441753132904791
0.414306640625,-24.700749897015125,-23.52458017207795,-25.14887343669998,-14.43498680792245
0.41455078125,-24.88167922060366,-23.503969469054166,-25.118480208998754,-14.428995195945939
0.414794921875,-25.507179785393017,-23.487693585019976,-25.0933716238548,-14.423783597113855
0.4150390625,-26.625184476083348,-23.475824067999742,-25.073676504174486,-14.419356333759746
0.415283203125,-28.3157877780903,-23.468413716545978,-25.05949757782879,-14.415716745019846
0.41552734375,-30.709141218687577,-23.465495940871108,-25.050909991479703,-14.41286718402528
0.415771484375,-33.99764681767476,-23.467084354397556,-25.047960204486163,-14.410809017681132
0.416015625,-38.242642451380135,-23.473172606172326,-25.050665296751475,-14.409542629020267
0.416259765625,-41.57397128855824,-23.483734458464667,-25.05901271203522,-14.40906742210517
0.41650390625,-40.64629154975478,-23.498724107549624,-25.072960444777404,-14.40938182943697
0.416748046875,-38.95209677478769,-23.518076739451715,-25.092437664576934,-14.410483321817056
0.4169921875,-38.295332229034365,-23.54170930655389,-25.117345758873743,-14.412368420593411
0.417236328125,-38.51824149819087,-23.569521505715237,-25.147559761822396,-14.415032712211342
0.41748046875,-39.07078088449519,-23.60139693409551,-25.1829301264479,-14.418470864976547
0.417724609375,-39.155211887456325,-23.637204395409746,-25.22328478844701,-14.422676647927485
0.41796875,-38.453298600540016,-23.676799326933057,-25.268431463780715,-14.427642951704378
0.418212890625,-37.55144713793216,-23.720025316275443,-25.318160118653633,-14.433361811293137
0.41845703125,-37.08305281845984,-23.76671567672893,-25.37224554957572,-14.439824430514998
0.418701171875,-37.352730488963296,-23.816695050774577,-25.430450012767885,-14.447021208126012
0.4189453125,-38.42231407661289,-23.86978101300639,-25.492525845892263,-14.454941765385245
0.419189453125,-39.75513634828858,-23.92578564613107,-25.558218030555263,-14.46357497494641
0.41943359375,-39.313332507330145,-23.98451706666568,-25.627266650784403,-14.472908990924784
0.419677734375,-36.56445160244626,-24.0457808803038,-25.69940921024878,-14.482931279989426
0.419921875,-33.63354287668657,-24.109381550483434,-25.77438277892604,-14.493628653330322
0.420166015625,-31.337657895176235,-24.175123667305453,-25.851925947813633,-14.504987299350509
0.42041015625,-29.693335648240804,-24.242813107484785,-25.93178057780308,-14.516992816934984
0.420654296875,-28.600286372692164,-24.312258079353025,-26.013693335726344,-14.529630249150864
0.4208984375,-27.967538097132618,-24.383270049981988,-26.09741701665849,-14.542884117236834
0.421142578125,-27.721551872012434,-24.455664554205576,-26.18271165671894,-14.556738454744442
0.42138671875,-27.79713577610206,-24.529261887642235,-26.269345444809954,-14.57117684169919
0.421630859375,-28.125788372351806,-24.60388768775051,-26.357095444980374,-14.586182438655058
0.421875,-28.621891068740737,-24.679373408489695,-26.44574814346126,-14.601738020523086
0.422119140625,-29.166407140311044,-24.7555566953228,-26.535099835968712,-14.617826010061442
0.42236328125,-29.59513027628907,-24.8322816681218,-26.6249568717129,-14.634428510922028
0.422607421875,-29.71686558632104,-24.909399120050647,-26.715135770802245,-14.651527340156672
0.4228515625,-29.390313551483676,-24.98676664074967,-26.8054632314961,-14.669104060093952
0.423095703125,-28.615691466293214,-25.064248672168425,-26.895776043148558,-14.68714000950598
0.42333984375,-27.529404558277836,-25.141716505234463,-26.985920919796108,-14.70561633399299
0.423583984375,-26.306743334040345,-25.219048225239554,-27.075754268257462,-14.72451401552177
0.423828125,-25.086168037617274,-25.29612861341112,-27.165141903412216,-14.743813901062444
0.424072265625,-23.953928087355287,-25.37284901164455,-27.253958722063167,-14.763496730276238
0.42431640625,-22.95734450004066,-25.44910715682937,-27.342088345515812,-14.783543162214777
0.424560546875,-22.12072280423197,-25.52480699063398,-27.42942273976613,-14.803933800999364
0.4248046875,-21.456592876240506,-25.599858450035477,-27.515861820999366,-14.824649220456088
0.425048828125,-20.972550921712134,-25.67417724331078,-27.601313052989692,-14.845669987689607
0.42529296875,-20.675201119847806,-25.74768461565401,-27.685691041965534,-14.866976685585518
0.425537109375,-20.57234144938242,-25.820307108059648,-27.768917133572874,-14.888549934237332
0.42578125,-20.6741038674744,-25.891976312619832,-27.850919015732853,-14.910370411300157
0.426025390625,-20.99345482764806,-25.962628626929664,-27.931630330449945,-14.932418871278852
0.42626953125,-21.546200392882504,-26.032205009878297,-28.010990296975628,-14.95467616376327
0.426513671875,-22.350251051714793,-26.100650740727694,-28.088943348169956,-14.977123250628168
0.4267578125,-23.423045636564225,-26.16791518304373,-28.165438781418484,-14.999741222219502
0.427001953125,-24.77387856434906,-26.233951554744387,-28.240430425049606,-15.022511312552428
0.42724609375,-26.382605254526403,-26.29871670526681,-28.313876320852298,-15.045414913550147
0.427490234375,-28.14700796875033,-26.36217090062392,-28.385738423004952,-15.068433588355274
0.427734375,-29.790926588045505,-26.424277616922115,-28.45598231348928,-15.091549083748188
0.427978515625,-30.860416857836356,-26.485003342740704,-28.524576933872204,-15.11474334170898
0.42822265625,-31.09163001679654,-26.544317390627775,-28.591494333184926,-15.137998510161424
0.428466796875,-30.745041235384075,-26.602191717844505,-28.656709431508844,-15.161296952938697
0.4287109375,-30.244203269967088,-26.658600756388154,-28.720199798787732,-15.184621259012054
0.428955078125,-29.814518071001956,-26.71352125223919,-28.781945448317604,-15.20795425102406
0.42919921875,-29.489270398991138,-26.766932113710133,-28.84192864432007,-15.231278993168871
0.429443359375,-29.200818624436117,-26.818814268719194,-28.900133722974374,-15.25457879846221
0.4296875,-28.84794106510908,-26.869150530768664,-28.95654692626717,-15.277837235443538
0.429931640625,-28.3510340508482,-26.91792547337682,-29.01115624801513,-15.301038134353156
0.43017578125,-27.6909044698326,-26.965125312687583,-29.063951291418757,-15.324165592826178
0.430419921875,-26.908949628436176,-27.010737797966886,-29.11492313751779,-15.347203981144958
0.4306640625,-26.074573527986303,-27.054752109684934,-29.164064223935657,-15.370137947090885
0.430908203125,-25.252553656239765,-27.097158764878827,-29.21136823332187,-15.392952420435558
0.43115234375,-24.488991281605635,-27.137949529490413,-29.256829990925567,-15.415632617110207
0.431396484375,-23.811713754469395,-27.177117337377517,-29.300445370760837,-15.438164043091628
0.431640625,-23.23564984235926,-27.21465621570305,-29.342211209852273,-15.460532498041184
0.431884765625,-22.76795509354997,-27.250561216415786,-29.382125230079268,-15.482724078732641
0.43212890625,-22.411520321115283,-27.284828353546594,-29.420185967166717,-15.504725182303162
0.432373046875,-22.167043640885147,-27.317454546056315,-29.456392706399818,-15.526522509360337
0.4326171875,-22.034118134236138,-27.348437565984632,-29.490745424670667,-15.54810306697711
0.432861328125,-22.011660035965672,-27.377775991662887,-29.523244738492775,-15.569454171604756
0.43310546875,-22.097842256238927,-27.40546916576828,-29.553891857648384,-15.5905634519328
0.433349609375,-22.289604114820946,-27.431517158011694,-29.582688544161307,-15.611418851723492
0.43359375,-22.58178518342457,-27.455920732266044,-29.60963707631422,-15.632008632646926
0.433837890625,-22.965964363558456,-27.47868131795681,-29.63474021745568,-15.652321377141405
0.43408203125,-23.429168806285677,-27.49980098555141,-29.65800118936681,-15.672345991322716
0.434326171875,-23.952757849526073,-27.519282425998043,-29.679423649981334,-15.692071707964018
0.4345703125,-24.511983881766547,-27.537128933979385,-29.699011675275962,-15.711488089567293
0.434814453125,-25.076925883628487,-27.553344394859927,-29.716769745169806,-15.730585031545596
0.43505859375,-25.615503758802905,-27.56793327521921,-29.73270273329287,-15.749352765534228
0.435302734375,-26.098829308965716,-27.58090061687667,-29.746815900503695,-15.767781862847709
0.435546875,-26.508081083400633,-27.592252034325533,-29.759114892055905,-15.785863238098097
0.435791015625,-26.840810752707004,-27.601993715506104,-29.76960573833168,-15.803588152988988
0.43603515625,-27.114140183030408,-27.610132425859398,-29.778294859078557,-15.820948220298472
0.436279296875,-27.36349196817634,-27.616675515613686,-29.785189071102497,-15.83793540806292
0.4365234375,-27.637718700856688,-27.621630930266395,-29.790295599387193,-15.854542043972458
0.436767578125,-27.993087691963368,-27.62500722423363,-29.793622091624968,-15.87076081998783
0.43701171875,-28.488522257094033,-27.626813577648605,-29.795176636160065,-15.886584797187078
0.437255859375,-29.18327707804522,-27.627059816298456,-29.79496778335954,-15.902007410849459
0.4375,-30.136834439300905,-27.62575643469659,-29.793004570440754,-15.91702247578283
0.437744140625,-31.409432246748832,-27.622914622294275,-29.789296549797886,-15.931624191899449
0.43798828125,-33.0586182190448,-27.618546292840975,-29.783853820882463,-15.945807150044232
0.438232421875,-35.116271948248475,-27.612664116907855,-29.776687065704515,-15.959566338078035
0.4384765625,-37.493360796684684,-27.60528155759247,-29.767807588032387,-15.972897147217493
0.438720703125,-39.70890245567996,-27.596412909425307,-29.75722735637923,-15.985795378631664
0.43896484375,-40.77406605309021,-27.586073340499937,-29.744959050873632,-15.998257250294392
0.439208984375,-40.417775318386674,-27.57427893784842,-29.73101611412012,-16.010279404090028
0.439453125,-39.478458727722206,-27.56104675608168,-29.71541280616204,-16.021858913168717
0.439697265625,-38.41060712544458,-27.54639486931097,-29.69816426366546,-16.032993289546084
0.43994140625,-37.08935210490108,-27.530342426360697,-29.67928656344613,-16.043680491940474
0.440185546875,-35.334835384759096,-27.51290970927528,-29.65879679046435,-16.05391893383962
0.4404296875,-33.24757981085685,-27.49411819511218,-29.636713110412405,-16.063707491786484
0.440673828125,-31.090557400314395,-27.473990621000056,-29.613054847016667,-16.07304551387277
0.44091796875,-29.061034452229872,-27.45255105242512,-29.58784256417165,-16.081932828426318
0.441162109375,-27.244651868024725,-27.42982495468921,-29.561098153014616,-16.09036975287681
0.44140625,-25.659632174526777,-27.40583926745979,-29.53284492403718,-16.098357102782202
0.441650390625,-24.296011533840954,-27.380622482305306,-29.503107704313894,-16.10589620099598
0.44189453125,-23.135906107793737,-27.35420472307757,-29.471912939906662,-16.112988886952945
0.442138671875,-22.162311876242672,-27.32661782896649,-29.43928880347673,-16.119637526049143
0.4423828125,-21.362535557508195,-27.29789544001141,-29.40526530710331,-16.125845019088437
0.442626953125,-20.72925558101258,-27.268073084806012,-29.36987442026746,-16.131614811766
0.44287109375,-20.260552138234175,-27.237188270081234,-29.333150192912278,-16.136950904155853
0.443115234375,-19.959544092707887,-27.20528057179148,-29.29512888343355,-16.141857860166606
0.443359375,-19.83399337489682,-27.17239172726402,-29.255849091388892,-16.146340816926624
0.443603515625,-19.896120741831247,-27.13856572789902,-29.215351894636143,-16.15040549405617
0.44384765625,-20.162819739276586,-27.103848911828678,-29.17368099052336,-16.154058202781123
0.444091796875,-20.656424160088335,-27.068290055857595,-29.130882840651342,-16.157305854838942
0.4443359375,-21.40613688411016,-27.031940465913237,-29.087006818614594,-16.160155971124084
0.444580078125,-22.449990180797123,-26.994854065136003,-29.042105359997457,-16.16261669001625
0.44482421875,-23.83600795751591,-26.95708747863147,-28.996234113757172,-16.164696775330917
0.445068359375,-25.615622344641423,-26.918700113796273,-28.949452093965178,-16.16640562382772
0.4453125,-27.796992664156242,-26.87975423501209,-28.901821830701216,-16.167753272208127
0.445556640625,-30.131504870618677,-26.840315031381916,-28.853409518701213,-16.168750403529863
0.44580078125,-31.601349580839372,-26.800450676061274,-28.80428516215133,-16.169408352961405
0.446044921875,-31.088235926217074,-26.760232375614102,-28.754522713795684,-16.16973911279581
0.4462890625,-29.456446240290227,-26.71973440770401,-28.704200206287386,-16.16975533663907
0.446533203125,-27.869951096498575,-26.679034145316983,-28.653399873463346,-16.16947034268436
0.44677734375,-26.667997711632623,-26.638212065605703,-28.602208258964556,-16.16889811597964
0.447021484375,-25.86147507272215,-26.597351741352927,-28.5507163093618,-16.16805330959251
0.447265625,-25.398795542935694,-26.556539812975146,-28.499019448685114,-16.16695124457273
0.447509765625,-25.227669208738327,-26.515865938933207,-28.447217631000616,-16.165607908610024
0.44775390625,-25.30463848222802,-26.47542272239043,-28.3954153674399,-16.16403995328158
0.447998046875,-25.594085284908164,-26.435305611963887,-28.343721723871877,-16.16226468978182
0.4482421875,-26.06576358774701,-26.395612774460236,-28.292250285227794,-16.160300083024925
0.448486328125,-26.692482323278448,-26.35644493757716,-28.241119082357834,-16.158164744009454
0.44873046875,-27.447690786227838,-26.317905200692458,-28.190450477226285,-16.15587792033385
0.448974609375,-28.30187633234057,-26.280098812060405,-28.140371002256387,-16.153459484751767
0.44921875,-29.216130150980653,-26.24313291099439,-28.091011149730683,-16.15092992165708
0.449462890625,-30.131945437721853,-26.207116233939548,-28.042505107354256,-16.14831031139055
0.44970703125,-30.961277805014973,-26.17215878373241,-27.994990436410877,-16.1456223122627
0.449951171875,-31.59266625897959,-26.138371461808102,-27.948607689402095,-16.14288814019184
0.4501953125,-31.934899081852688,-26.105865663646277,-27.903499964666437,-16.140130545861016
0.450439453125,-31.983492941850624,-26.07475283834504,-27.85981239624182,-16.137372789304266
0.45068359375,-31.840974009680366,-26.04514401386695,-27.817691578162815,-16.134638611840277
0.450927734375,-31.66407720234806,-26.017149290208227,-27.77728492347567,-16.13195220528066
0.451171875,-31.601013347518936,-25.990877303485757,-27.738739959501846,-16.129338178350636
0.451416015625,-31.768345210606515,-25.966434664702685,-27.702203562269712,-16.126821520272113
0.45166015625,-32.25961979127728,-25.943925377723566,-27.667821134543196,-16.12442756147259
0.451904296875,-33.16571283369471,-25.923450241742835,-27.635735733472213,-16.122181931398572
0.4521484375,-34.59994722390165,-25.90510624424175,-27.60608715553287,-16.12011051342889
0.452392578125,-36.729890503948184,-25.888985951075057,-27.579010988066678,-16.11823939690136
0.45263671875,-39.78905943954908,-25.875176900882884,-27.554637638309917,-16.116594826285965
0.452880859375,-43.59304714673659,-25.86376101146042,-27.53309135226472,-16.1152031475587
0.453125,-44.466027741997,-25.854814006015644,-27.514489237037427,-16.114090751852462
0.453369140625,-41.22671202111641,-25.848404867380296,-27.498940301289263,-16.113284016484787
0.45361328125,-38.32606833403269,-25.84459532819825,-27.48654452914994,-16.112809243486595
0.453857421875,-36.36941643403452,-25.843439404883732,-27.477392003277235,-16.112692595781223
0.4541015625,-35.11619895574804,-25.844982982716694,-27.471562092664023,-16.11296003118876
0.454345703125,-34.3728817342029,-25.849263458825046,-27.469122720266785,-16.113637234456537
0.45458984375,-34.01661730388518,-25.856309449001827,-27.470129724545398,-16.114749547542853
0.454833984375,-33.96976604976959,-25.866140563338522,-27.474626327570938,-16.116321898406415
0.455078125,-34.17887981728475,-25.87876725454441,-27.48264272050583,-16.118378728579334
0.455322265625,-34.58419649385021,-25.89419074159789,-27.49419577503804,-16.120943919825304
0.45556640625,-35.05450480505515,-25.912403010073724,-27.509288886828113,-16.124040720207695
0.455810546875,-35.28242433379055,-25.933386889146576,-27.52791195428795,-16.127691669912963
0.4560546875,-34.806484648848134,-25.957116203929367,-27.5500414931518,-16.131918527194088
0.456298828125,-33.44327404969074,-25.98355600050175,-27.575640884423528,-16.13674219481505
0.45654296875,-31.556220601965272,-26.012662839760132,-27.604660750496453,-16.142182647391177
0.456787109375,-29.61010437136132,-26.04438515510975,-27.637039451639446,-16.148258860030776
0.45703125,-27.860433537670932,-26.078663668051355,-27.672703692716844,-16.154988738690605
0.457275390625,-26.401503472231084,-26.115431854913794,-27.711569228032438,-16.162389052661116
0.45751953125,-25.258814637798803,-26.154616457365677,-27.753541650617265,-16.17047536959707
0.457763671875,-24.436317532657192,-26.196138028913886,-27.798517251151434,-16.17926199350427
0.4580078125,-23.935448942146245,-26.23991150936485,-27.846383931037735,-16.188761906084437
0.458251953125,-23.76302268290095,-26.285846819182797,-27.89702215392326,-16.19898671182717
0.45849609375,-23.935678211196535,-26.333849465814456,-27.950305920169804,-16.20994658722026
0.458740234375,-24.484012803336668,-26.38382115434657,-28.006103749366552,-16.221650234428104
0.458984375,-25.457252399636943,-26.435660395299877,-28.064279656903608,-16.234104839762395
0.459228515625,-26.924763343901446,-26.489263102916837,-28.124694111825445,-16.24731603723926
0.45947265625,-28.946551322296834,-26.544523177946857,-28.187204964591412,-16.261287877484374
0.459716796875,-31.35442166047937,-26.60133306964353,-28.25166833492045,-16.27602280221095
0.4599609375,-32.91717470405477,-26.659584312441392,-28.317939451525934,-16.2915216244563
0.460205078125,-31.882396244742424,-26.71916803354973,-28.38587343719501,-16.307783514721518
0.46044921875,-29.578508523848996,-26.779975428467143,-28.45532603428247,-16.324805993115167
0.460693359375,-27.547659342771162,-26.841898202163897,-28.526154267229785,-16.34258492755749
0.4609375,-26.086761203415683,-26.904828974386273,-28.598217040150264,-16.361114538056317
0.461181640625,-25.1600643665769,-26.968661648191823,-28.671375668815706,-16.38038740702037
0.46142578125,-24.706512295237907,-27.033291741422488,-28.745494347522342,-16.400394495530787
0.461669921875,-24.686004705903343,-27.098616681353377,-28.82044055229447,-16.42112516544775
0.4619140625,-25.077477930877436,-27.16453606321807,-28.89608538270111,-16.442567207186574
0.462158203125,-25.8626046276747,-27.230951873705074,-28.972303845218658,-16.464706872957734
0.46240234375,-26.98148260965541,-27.297768680844495,-29.04897508157766,-16.48752891522745
0.462646484375,-28.214875747887163,-27.36489379196309,-29.125982545896264,-16.511016630120857
0.462890625,-29.004606740314145,-27.432237381583903,-29.203214134642415,-16.53515190545876
0.463134765625,-28.700509701512136,-27.499712591287064,-29.280562273592775,-16.55991527309157
0.46337890625,-27.442237311077218,-27.567235603638117,-29.357923965987855,-16.585285965170247
0.463623046875,-25.925477809367237,-27.63472569233589,-29.43520080603441,-16.611241973975382
0.4638671875,-24.58487049942974,-27.70210525073661,-29.51229896179012,-16.637760114909824
0.464111328125,-23.556593588066495,-27.769299800885,-29.58912913130146,-16.664816092250167
0.46435546875,-22.856294497312213,-27.836237985127976,-29.665606475659303,-16.69238456724565
0.464599609375,-22.46589606361856,-27.9028515423103,-29.741650532404638,-16.720439228150788
0.46484375,-22.36150842555763,-27.96907527045857,-29.817185112466788,-16.748952861779987
0.465087890625,-22.520498043292797,-28.034846977753553,-29.89213818355538,-16.777897426177873
0.46533203125,-22.921908204775796,-28.10010742347604,-29.966441742664955,-16.807244124008253
0.465576171875,-23.544422550328534,-28.164800250491957,-30.040031680090667,-16.836963476277205
0.4658203125,-24.362611091222664,-28.228871910719278,-30.11284763710096,-16.86702539602106
0.466064453125,-25.340880917824965,-28.29227158489688,-30.184832859169866,-16.897399261608065
0.46630859375,-26.42439343868658,-28.35495109785549,-30.255934046443862,-16.92805398932307
0.466552734375,-27.528615723826416,-28.416864830372553,-30.32610120290185,-16.95895810492624
0.466796875,-28.537292997696348,-28.477969628581672,-30.39528748546969,-16.990079813900923
0.467041015625,-29.329251358636203,-28.538224711799863,-30.463449054167317,-17.021387070130416
0.46728515625,-29.84056036658165,-28.59759157953514,-30.5305449242,-17.052847642768743
0.467529296875,-30.113124639414476,-28.656033918343965,-30.59653682075608,-17.08442918109702
0.4677734375,-30.269937353502073,-28.7135175091203,-30.661389037137635,-17.11609927718282
0.468017578125,-30.44334070221691,-28.77001013531831,-30.72506829673085,-17.14782552618589
0.46826171875,-30.720362867776085,-28.82548149253788,-30.78754361921685,-17.179575584179496
0.468505859375,-31.11591863090617,-28.879903099835275,-30.848786191330063,-17.211317223381144
0.46875,-31.553366526274658,-28.933248213061166,-30.908769242389518,-17.24301838471062
0.468994140625,-31.860186290771324,-28.98549174047515,-30.967467924758903,-17.27464722761637
0.46923828125,-31.841082728807493,-29.036610160836595,-31.024859199329136,-17.30617217713261
0.469482421875,-31.442552166520553,-29.086581444130086,-31.08092172606693,-17.337561968150457
0.4697265625,-30.821329339938007,-29.135384975045536,-31.1356357596283,-17.368785686905024
0.469970703125,-30.214117206033716,-29.18300147929987,-31.18898304999965,-17.399812809697995
0.47021484375,-29.80628720525398,-29.229412952859168,-31.24094674809936,-17.430613238891517
0.470458984375,-29.70968941584411,-29.274602594094553,-31.291511316247878,-17.46115733622338
0.470703125,-29.99058907663874,-29.31855473888429,-31.340662443394635,-17.491415953506532
0.470947265625,-30.696395473736132,-29.361254798656276,-31.388386964975645,-17.521360460787626
0.47119140625,-31.868040000149236,-29.402689201349993,-31.434672787262965,-17.5509627720491
0.471435546875,-33.52808652795538,-29.442845335264135,-31.47950881605977,-17.5801953685478
0.4716796875,-35.598565171675546,-29.48171149574602,-31.52288488958896,-17.609031319890708
0.471923828125,-37.62856340513144,-29.519276834670393,-31.564791715419894,-17.637444302954034
0.47216796875,-38.57091540135367,-29.555531312648675,-31.605220811276826,-17.665408618756622
0.472412109375,-38.035546908573565,-29.590465653905067,-31.644164449573275,-17.692899207402604
0.47265625,-37.02527808957209,-29.624071303751975,-31.681615605518143,-17.719891661210333
0.472900390625,-36.31100980597564,-29.656340388595204,-31.71756790864283,-17.746362236146712
0.47314453125,-36.11034251511657,-29.687265678398063,-31.7520155976025,-17.772287861686596
0.473388671875,-36.44213432703543,-29.716840551532968,-31.784953478109465,-17.797646149216792
0.4736328125,-37.27588607519719,-29.74505896194983,-31.81637688386224,-17.822415399103907
0.473876953125,-38.546797098734956,-29.771915408591717,-31.84628164033986,-17.84657460654365
0.47412109375,-40.095090155906604,-29.797404906989378,-31.87466403133691,-17.87010346630733
0.474365234375,-41.535021384187885,-29.821522962969304,-31.901520768122097,-17.89298237649932
0.474609375,-42.2450087307293,-29.844265548412004,-31.92684896110943,-17.915192441436226
0.474853515625,-41.902734206511035,-29.865629079000158,-31.950646093938122,-17.9367154737556
0.47509765625,-40.84832200287404,-29.885610393900013,-31.972909999864818,-17.957533995858853
0.475341796875,-39.509410099140055,-29.90420673732231,-31.993638840378186,-17.977631240789286
0.4755859375,-38.07023760163203,-29.921415741913236,-32.01283108595357,-17.996991152642707
0.475830078125,-36.58965993578094,-29.937235413929354,-32.03048549887218,-18.015598386604225
0.47607421875,-35.1150287489747,-29.951664120154724,-32.046601118036456,-18.033438308700777
0.476318359375,-33.70442633337354,-29.96470057652237,-32.06117724572014,-18.050496995355335
0.4765625,-32.4123392801875,-29.976343838406446,-32.0742134361987,-18.066761232824465
0.476806640625,-31.278397054873285,-29.986593292555707,-32.08570948621239,-18.082218516597067
0.47705078125,-30.326444988713114,-29.99544865064316,-32.09566542722119,-18.09685705082835
0.477294921875,-29.568566382608857,-30.002909944410916,-32.10408151941744,-18.110665747878873
0.4775390625,-29.009440417451337,-30.008977522393817,-32.11095824746885,-18.12363422802488
0.477783203125,-28.649406507236396,-30.013652048209547,-32.116296317970956,-18.135752819402313
0.47802734375,-28.486177044010567,-30.016934500407245,-32.12009665859475,-18.147012558243038
0.478271484375,-28.51556776742742,-30.018826173871062,-32.12236041892162,-18.157405189458295
0.478515625,-28.731599608211496,-30.01932868277921,-32.12308897296441,-18.166923167620673
0.478759765625,-29.126231520722254,-30.01844396512346,-32.12228392337935,-18.175559658392338
0.47900390625,-29.688944793360523,-30.016174288798037,-32.119947107380696,-18.183308540443793
0.479248046875,-30.406467111692002,-30.012522259271314,-32.116080604375576,-18.190164407904
0.4794921875,-31.263118188683418,-30.00749082885752,-32.11068674534349,-18.19612257337904
0.479736328125,-32.24250991765973,-30.001083307609818,-32.103768123990754,-18.201179071573353
0.47998046875,-33.33130097490175,-29.99330337586016,-32.09532760971697,-18.205330663543972
0.480224609375,-34.52445828028605,-29.984155098434936,-32.085368362436625,-18.2085748416146
0.48046875,-35.8270136284646,-29.97364294057946,-32.07389384930539,-18.210909834973243
0.480712890625,-37.234812395054966,-29.96177178562757,-32.06090786340682,-18.21233461597307
0.48095703125,-38.64465141872504,-29.94854695445636,-32.04641454446171,-18.21284890715289
0.481201171875,-39.6204538679939,-29.93397422676906,-32.03041840162825,-18.21245318898968
0.4814453125,-39.33789537229954,-29.9180598642522,-32.01292433846755,-18.211148708391683
0.481689453125,-37.62228807616112,-29.900810635655848,-31.993937680154975,-18.208937487936605
0.48193359375,-35.312643232355654,-29.882233843847924,-31.97346420302366,-18.205822335855053
0.482177734375,-33.06806696438204,-29.862337354896123,-31.95151016653261,-18.201806856755034
0.482421875,-31.111067370460987,-29.84112962923186,-31.92808234775687,-18.1968954630783
0.482666015625,-29.481321176917845,-29.818619754952206,-31.903188078502758,-18.191093387274567
0.48291015625,-28.1689813725318,-29.79481748331625,-31.876835285156208,-18.18440669467416
0.483154296875,-27.155448556802785,-29.769733266491652,-31.84903253137612,-18.176842297033822
0.4833984375,-26.423643562906662,-29.74337829760688,-31.81978906374917,-18.16840796672458
0.483642578125,-25.959659847521642,-29.715764553162106,-31.789114860525117,-18.159112351523834
0.48388671875,-25.75198647781987,-29.68690483784922,-31.75702068355449,-18.148964989967027
0.484130859375,-25.789851615187352,-29.656812831827317,-31.72351813355146,-18.13797632720687
0.484375,-26.060860913184563,-29.625503140494473,-31.6886197088054,-18.12615773132008
0.484619140625,-26.54765849876517,-29.592991346790043,-31.652338867462866,-18.11352150999329
0.48486328125,-27.223266649090153,-29.55929406605307,-31.61469009349965,-18.100080927510863
0.485107421875,-28.045163968882733,-29.524429003451868,-31.575688966497047,-18.085850221957756
0.4853515625,-28.949464662205003,-29.488415013987694,-31.535352235330123,-18.070844622540523
0.485595703125,-29.84881626530086,-29.451272165060473,-31.493697895866298,-18.055080366919157
0.48583984375,-30.63873447161642,-29.413021801566963,-31.450745272759416,-18.038574718430958
0.486083984375,-31.21273566252457,-29.373686613482008,-31.406515105409927,-18.021345983076202
0.486328125,-31.479331790776545,-29.33329070584969,-31.361029638140884,-18.003413526122987
0.486572265625,-31.378447236348155,-29.291859671084772,-31.31431271461635,-17.98479778817593
0.48681640625,-30.905096614574745,-29.24942066345432,-31.26638987649981,-17.965520300540366
0.487060546875,-30.128896495806426,-29.206002475574753,-31.217288466315406,-17.945603699699962
0.4873046875,-29.177103975568073,-29.161635616720897,-31.16703773443469,-17.92507174071195
0.487548828125,-28.186619385113303,-29.116352392700314,-31.115668950064375,-17.90394930931026
0.48779296875,-27.266167028539748,-29.07018698699757,-31.06321551605506,-17.88226243249242
0.488037109375,-26.486521557576467,-29.023175542840008,-31.009713087288446,-17.860038287352385
0.48828125,-25.887554824883722,-28.975356245777775,-30.955199692328307,-17.83730520790739
0.488525390625,-25.488577271727806,-28.9267694063061,-30.899715857938013,-17.814092689653553
0.48876953125,-25.296162480215834,-28.87745754198901,-30.843304735976172,-17.790431391572156
0.489013671875,-25.308506203428493,-28.827465458467007,-30.78601223207745,-17.7663531352965
0.4892578125,-25.51679583019345,-28.776840328651314,-30.727887135411326,-17.74189090113841
0.489501953125,-25.90410646820649,-28.725631769321012,-30.668981248684204,-17.71707882066397
0.48974609375,-26.442292785090494,-28.673891914248237,-30.609349517410532,-17.691952165500314
0.489990234375,-27.088021625486732,-28.62167548288207,-30.549050157326864,-17.666547332049564
0.490234375,-27.781172786972277,-28.56903984352362,-30.488144778658913,-17.64090182178283
0.490478515625,-28.451764787860153,-28.516045069823896,-30.426698505775377,-17.61505421678647
0.49072265625,-29.04063633900782,-28.462753989335145,-30.3647800905766,-17.589044150235658
0.490966796875,-29.527513516237992,-28.409232222746557,-30.30246201777117,-17.562912271476648
0.4912109375,-29.94548905938274,-28.355548212336863,-30.23982059999069,-17.536700205408977
0.491455078125,-30.368203943514654,-28.301773238085826,-30.17693606048853,-17.5104505058741
0.49169921875,-30.882141203663306,-28.247981419801963,-30.113892600960884,-17.48420660277576
0.491943359375,-31.564782663205847,-28.194249703552646,-30.05077845182795,-17.458012742682357
0.4921875,-32.47391370773041,-28.14065783062531,-29.987685902120745,-17.43191392269148
0.492431640625,-33.63679840032966,-28.08728828721081,-29.924711305943834,-17.405955817372316
0.49267578125,-35.013466037369724,-28.034226232985482,-29.861955062333188,-17.38018469864353
0.492919921875,-36.38631952319023,-27.98155940678239,-29.799521565210032,-17.35464734849183
0.4931640625,-37.19222487562388,-27.92937800758764,-29.737519120055303,-17.32939096449017
0.493408203125,-36.78198981606079,-27.87777454918213,-29.676059823906087,-17.304463058134367
0.49365234375,-35.28523739082139,-27.826843686874536,-29.61525940531684,-17.27991134608275
0.493896484375,-33.37393688963467,-27.7766820149432,-29.55523702104369,-17.255783634454176
0.494140625,-31.470540606920146,-27.727387833627688,-29.49611500641464,-17.232127696416335
0.494384765625,-29.712991445088626,-27.67906088478576,-29.438018576649355,-17.208991143376362
0.49462890625,-28.12725016357245,-27.631802055663194,-29.38107547680255,-17.186421290170177
0.494873046875,-26.710305539147683,-27.58571305061048,-29.325415578531402,-17.164465014733487
0.4951171875,-25.455503874728663,-27.5408960310228,-29.27117042253532,-17.14316861282562
0.495361328125,-24.358312513112267,-27.49745322427392,-29.218472706289937,-17.122577648465814
0.49560546875,-23.416940280951884,-27.45548650295674,-29.167455717593562,-17.102736800828936
0.495849609375,-22.632087806326588,-27.415096936325064,-29.118252715456162,-17.08368970843186
0.49609375,-22.00680054408407,-27.37638431644345,-29.070996260977928,-17.065478811522137
0.496337890625,-21.54648858732884,-27.33944666218392,-29.025817502067287,-17.048145193654868
0.49658203125,-21.25902122888755,-27.304379704842106,-28.98284541711048,-17.031728423509648
0.496826171875,-21.154840539692216,-27.271276359769185,-28.94220602399895,-17.016266398056977
0.4970703125,-21.247082085915046,-27.240226189006762,-28.904021562204633,-17.00179518822893
0.497314453125,-21.55168026578897,-27.211314860453776,-28.86840965682881,-16.988348888282406
0.49755859375,-22.087324590672317,-27.184623609565136,-28.835482474687545,-16.975959470062445
0.497802734375,-22.87480904309167,-27.16022870996219,-28.805345883488627,-16.964656643377065
0.498046875,-23.93445547695803,-27.138200959606124,-28.77809862595302,-16.95446772368318
0.498291015625,-25.27804041984742,-27.1186051893307,-28.753831521290877,-16.94541750825436
0.49853515625,-26.886275943419555,-27.10149980053486,-28.73262670671714,-16.937528161955342
0.498779296875,-28.654666127079295,-27.08693633869096,-28.71455693165253,-16.93081911368556
0.4990234375,-30.307162432109447,-27.074959109023098,-28.699684916878418,-16.92530696447468
0.499267578125,-31.420677650236705,-27.065604840252547,-28.688062790188415,-16.921005408118063
0.49951171875,-31.80377510332736,-27.05890240170043,-28.67973160901096,-16.91792516513065
0.499755859375,-31.75869391905765,-27.05487257828926,-28.674720979082437,-16.916073930675168
0.5,-31.691727394641358,-27.05352790711509,-28.673048776565906,-16.915456336986963
