frequency_cycles_per_sample,periodogram_db,capon_db,ar_db
0.0,-24.932736270658054,-14.017710350631434,-19.41457234953012
0.000244140625,-24.737544184417793,-14.017632580689732,-19.41495121809503
0.00048828125,-24.214024692991096,-14.017399274505536,-19.41608720832334
0.000732421875,-23.50065382425392,-14.017010443118476,-19.41797847568523
0.0009765625,-22.731487574570096,-14.016466105317393,-19.420621952183822
0.001220703125,-21.997895431388596,-14.015766288223714,-19.4240133556428
0.00146484375,-21.350722272324255,-14.014911028106631,-19.428147202626363
0.001708984375,-20.81447751594862,-14.013900371428498,-19.433016824909714
0.001953125,-20.399312237522487,-14.012734376118424,-19.438614389396754
0.002197265625,-20.10843583466186,-14.011413113071619,-19.44493092136072
0.00244140625,-19.94220242084055,-14.00993666787162,-19.451956330864284
0.002685546875,-19.900267103526033,-14.008305142731999,-19.459679442197682
0.0029296875,-19.982726849894007,-14.006518658653855,-19.46808802615747
0.003173828125,-20.190759432082494,-14.004577357794876,-19.47716883497383
0.00341796875,-20.52703201807467,-14.002481406045318,-19.48690763968227
0.003662109375,-20.996013148947675,-14.0002309958059,-19.497289269724803
0.00390625,-21.604228641898466,-13.997826348962121,-19.50829765455775
0.004150390625,-22.360394519122497,-13.99526772004914,-19.51991586703649
0.00439453125,-23.275143788257736,-13.992555399600937,-19.532126168343872
0.004638671875,-24.3595173638294,-13.989689717677056,-19.544910054226307
0.0048828125,-25.619939981151486,-13.986671047559858,-19.55824830230198
0.005126953125,-27.043694957592933,-13.98349980961479,-19.572121020206648
0.00537109375,-28.561217198455935,-13.980176475305818,-19.58650769434687
0.005615234375,-29.96871487921721,-13.976701571357726,-19.601387239035027
0.005859375,-30.866196685473987,-13.973075684056692,-19.61673804578779
0.006103515625,-30.870011215605256,-13.969299463680095,-19.632538032577656
0.00634765625,-30.057571176006487,-13.965373629046137,-19.648764692836796
0.006591796875,-28.85807843710873,-13.961298972173585,-19.66539514402277
0.0068359375,-27.609518066612374,-13.957076363041402,-19.682406175567444
0.007080078125,-26.45902321540539,-13.952706754437846,-19.699774296042538
0.00732421875,-25.446719664396046,-13.948191186888131,-19.71747577938792
0.007568359375,-24.57109404558938,-13.943530793649433,-19.73548671006237
0.0078125,-23.817912466293166,-13.938726805761627,-19.753783026989723
0.008056640625,-23.17096994855797,-13.933780557141866,-19.77234056618725
0.00830078125,-22.615674686525317,-13.928693489710582,-19.791135101976632
0.008544921875,-22.139995249313806,-13.923467158536356,-19.810142386691545
0.0087890625,-21.7344726121416,-13.918103236986559,-19.829338188809064
0.009033203125,-21.39192529750264,-13.912603521870386,-19.848698329445153
0.00927734375,-21.10708081528713,-13.90696993856055,-19.8681987171669
0.009521484375,-20.876221333245418,-13.901204546079533,-19.887815381086295
0.009765625,-20.696877017520947,-13.895309542135937,-19.907524502211523
0.010009765625,-20.567578581870126,-13.889287268096114,-19.927302443042848
0.01025390625,-20.487670330807212,-13.883140213875922,-19.947125775409866
0.010498046875,-20.457179195223386,-13.876871022737078,-19.96697130655667
0.0107421875,-20.476731713793306,-13.870482495972276,-19.986816103489808
0.010986328125,-20.547508996753905,-13.863977597462833,-20.006637515611978
0.01123046875,-20.67122919043865,-13.857359458092333,-20.02641319567163
0.011474609375,-20.850147592029927,-13.850631379999427,-20.04612111906492
0.01171875,-21.087065977450116,-13.84379684065258,-20.06573960153226
0.011962890625,-21.385344407849757,-13.83685949672927,-20.085247315296712
0.01220703125,-21.748910146742638,-13.829823187781873,-20.104623303695757
0.012451171875,-22.182258545610086,-13.822691939672149,-20.12384699436175
0.0126953125,-22.69043870944251,-13.815469967756044,-20.142898211009204
0.012939453125,-23.279010632497304,-13.808161679800218,-20.161757183889772
0.01318359375,-23.953947097531625,-13.800771678611532,-20.1804045589775
0.013427734375,-24.721426923392066,-13.793304764360627,-20.19882140594848
0.013671875,-25.587414585566602,-13.785765936580399,-20.216989225019873
0.013916015625,-26.556823349465922,-13.778160395820247,-20.23488995271385
0.01416015625,-27.63187838830735,-13.77049354493684,-20.252505966611963
0.014404296875,-28.808986438308054,-13.762770990002105,-20.269820089165545
0.0146484375,-30.072987845176815,-13.754998540809176,-20.28681559062665
0.014892578125,-31.387475704963954,-13.747182210957256,-20.3034761911638
0.01513671875,-32.68151156208417,-13.739328217496293,-20.31978606222524
0.015380859375,-33.84040486126185,-13.731442980112812,-20.33572982721139
0.015625,-34.72223879701461,-13.723533119838384,-20.351292561516473
0.015869140625,-35.21890983234674,-13.715605457262738,-20.366459791997986
0.01611328125,-35.32312982128186,-13.707667010233857,-20.38121749593049
0.016357421875,-35.12196715153297,-13.699724991028075,-20.395552099498726
0.0166015625,-34.72421627141304,-13.691786802973809,-20.409450475882906
0.016845703125,-34.20358110880273,-13.683860036513328,-20.42289994298698
0.01708984375,-33.58918798455484,-13.675952464687864,-20.435888260858945
0.017333984375,-32.88247374288152,-13.668072038032332,-20.4484036288498
0.017578125,-32.07848555389007,-13.6602268788671,-20.460434682555977
0.017822265625,-31.180926450635763,-13.652425274975421,-20.47197049058798
0.01806640625,-30.20715633717088,-13.64467567265658,-20.483000551205727
0.018310546875,-29.184644451407568,-13.636986669146268,-20.49351478885947
0.0185546875,-28.143905141465485,-13.629367004397324,-20.503503550672733
0.018798828125,-27.112597234091993,-13.621825552215856,-20.512957602902233
0.01904296875,-26.112630705245977,-13.614371310749497,-20.521868127407465
0.019287109375,-25.159799538861765,-13.607013392326795,-20.530226718161266
0.01953125,-24.264737292224368,-13.599761012648745,-20.53802537783042
0.019775390625,-23.4342489893625,-13.592623479335925,-20.54525651445421
0.02001953125,-22.672531117005306,-13.585610179837053,-20.551912938246673
0.020263671875,-21.982116159432135,-13.578730568707407,-20.55798785854719
0.0205078125,-21.364539159507927,-13.571994154268207,-20.563474880942252
0.020751953125,-20.82078106007436,-13.565410484660847,-20.568368004579966
0.02099609375,-20.351551517065776,-13.558989133312789,-20.572661619697477
0.021240234375,-19.95746371158775,-13.55273968383486,-20.576350505380077
0.021484375,-19.639139627272517,-13.546671714372797,-20.57942982756966
0.021728515625,-19.39727147558254,-13.54079478143891,-20.58189513733884
0.02197265625,-19.232654566070984,-13.535118403252998,-20.583742369446124
0.022216796875,-19.14619841363369,-13.529652042624669,-20.584967841186135
0.0224609375,-19.13891504871276,-13.524405089412546,-20.585568251548068
0.022705078125,-19.211874670789875,-13.519386842598852,-20.58554068069446
0.02294921875,-19.366106601606976,-13.514606492021075,-20.58488258977142
0.023193359375,-19.602404417759377,-13.510073099805409,-20.58359182106036
0.0234375,-19.920962769406792,-13.505795581549634,-20.581666598480574
0.023681640625,-20.320722007513446,-13.501782687305933,-20.57910552845093
0.02392578125,-20.79821701244315,-13.498042982416882,-20.575907601118054
0.024169921875,-21.345619844973168,-13.494584828260258,-20.572072191957563
0.0244140625,-21.94757989498295,-13.491416362960859,-20.56759906375396
0.024658203125,-22.576595901320886,-13.488545482129393,-20.562488368963887
0.02490234375,-23.187532430711137,-13.485979819690561,-20.556740652466544
0.025146484375,-23.714393604514562,-13.483726728863985,-20.550356854704056
0.025390625,-24.0764097543402,-13.48179326336288,-20.543338315213763
0.025634765625,-24.200609484912135,-13.480186158876506,-20.535686776553206
0.02587890625,-24.054751047059902,-13.478911814902903,-20.527404388617608
0.026123046875,-23.665158646175435,-13.477976276998888,-20.51849371334862
0.0263671875,-23.101551465628756,-13.477385219514089,-20.508957729831735
0.026611328125,-22.44425400437144,-13.477143928875435,-20.498799839778748
0.02685546875,-21.760124115768665,-13.477257287487612,-20.488023873390155
0.027099609375,-21.09518865442173,-13.477729758313776,-20.47663409559106
0.02734375,-20.47734754931017,-13.478565370199213,-20.464635212632686
0.027587890625,-19.921783238098808,-13.47976770399853,-20.45203237904986
0.02783203125,-19.43563860810454,-13.481339879564558,-20.438831204963208
0.028076171875,-19.021203585512826,-13.483284543654378,-20.42503776371307
0.0283203125,-18.67783726083875,-13.485603858804565,-20.410658599809906
0.028564453125,-18.40302321021656,-13.488299493224329,-20.395700737184104
0.02880859375,-18.1928807491733,-13.491372611751274,-20.380171687715727
0.029052734375,-18.042352822464714,-13.494823867910274,-20.36407946002242
0.029296875,-17.945219253372308,-13.498653397111562,-20.347432568481008
0.029541015625,-17.894046657446886,-13.50286081101931,-20.33024004245568
0.02978515625,-17.88017483347647,-13.50744519311701,-20.3125114357028
0.030029296875,-17.893841415642157,-13.5124050954909,-20.2942568359191
0.0302734375,-17.9245451847852,-13.517738536847272,-20.27548687439705
0.030517578125,-17.961721974107718,-13.523443001774151,-20.256212735747432
0.03076171875,-17.9957354343836,-13.529515441252329,-20.23644616764573
0.031005859375,-18.019066610219358,-13.535952274415223,-20.216199490555177
0.03125,-18.02745824230731,-13.542749391551581,-20.19548560737496
0.031494140625,-18.020705267355755,-13.54990215833952,-20.174318012958455
0.03173828125,-18.00284783763992,-13.557405421295158,-20.15271080344145
0.031982421875,-17.981712005105702,-13.565253514413808,-20.130678685316283
0.0322265625,-17.967962945994838,-13.573440266976695,-20.108236984182916
0.032470703125,-17.973969715829178,-13.581959012491374,-20.085401653103276
0.03271484375,-18.012776982692223,-13.590802598729415,-20.062189280480325
0.032958984375,-18.097375375541713,-13.599963398820599,-20.038617097378477
0.033203125,-18.240336139674135,-13.609433323359003,-20.014702984196624
0.033447265625,-18.453786624568856,-13.619203833472502,-19.990465476600633
0.03369140625,-18.749668608925422,-13.62926595480408,-19.96592377061647
0.033935546875,-19.140231630450316,-13.63961029235029,-19.94109772678095
0.0341796875,-19.63875226389419,-13.65022704609971,-19.916007873241536
0.034423828125,-20.260529624948752,-13.661106027412014,-19.890675407692775
0.03466796875,-21.024293624117117,-13.672236676076556,-19.86512219803213
0.034912109375,-21.954302393358965,-13.683608077988005,-19.839370781614022
0.03515625,-23.083660928012254,-13.695208983375505,-19.813444362977425
0.035400390625,-24.459897369802334,-13.707027825521399,-19.787366809919064
0.03564453125,-26.154845590488456,-13.719052739905248,-19.7611626477818
0.035888671875,-28.282610927374918,-13.731271583709104,-19.734857051825767
0.0361328125,-31.0283057087549,-13.743671955620515,-19.708475837548875
0.036376953125,-34.62961986585393,-13.756241215870668,-19.682045448822773
0.03662109375,-38.45957670728284,-13.768966506446214,-19.655592943711508
0.036865234375,-37.92721759726799,-13.781834771414836,-19.62914597784144
0.037109375,-34.366711787058804,-13.79483277730646,-19.60273278519447
0.037353515625,-31.46199068823549,-13.807947133493936,-19.576382156200737
0.03759765625,-29.358787976917583,-13.821164312519361,-19.55012341301278
0.037841796875,-27.8172689512383,-13.834470670314632,-19.523986381850534
0.0380859375,-26.67388916462603,-13.847852466267472,-19.49800136231551
0.038330078125,-25.82852895822931,-13.861295883086884,-19.472199093583068
0.03857421875,-25.218165499559895,-13.87478704642501,-19.44661071739433
0.038818359375,-24.80160370227701,-13.888312044215246,-19.42126773778353
0.0390625,-24.551180421167373,-13.90185694568957,-19.396201977492847
0.039306640625,-24.448161496453857,-13.915407820041194,-19.37144553104496
0.03955078125,-24.480125079102443,-13.928950754701692,-19.347030714463575
0.039794921875,-24.639476426048898,-13.942471873204944,-19.32299001165438
0.0400390625,-24.922663284030854,-13.955957352613357,-19.299356017482204
0.040283203125,-25.329879801138162,-13.969393440484799,-19.276161377606243
0.04052734375,-25.865170205949358,-13.982766471361812,-19.253438725161846
0.040771484375,-26.536921351400512,-13.996062882767506,-19.231220614406254
0.041015625,-27.358780938528486,-14.009269230695441,-19.20953945147506
0.041259765625,-28.351025359248187,-14.022372204583473,-19.188427422427313
0.04150390625,-29.54215798431148,-14.03535864176429,-19.16791641878813
0.041748046875,-30.969329795723812,-14.048215541387734,-19.148037960829697
0.0419921875,-32.67103864092457,-14.060930077812465,-19.128823118863178
0.042236328125,-34.64421162834165,-14.073489613466773,-19.110302432845213
0.04248046875,-36.66548959578664,-14.085881711180345,-19.09250583063342
0.042724609375,-37.87580972772128,-14.098094145990892,-19.075462545254155
0.04296875,-37.21945154638754,-14.110114916431172,-19.059201031573252
0.043212890625,-35.26840468297815,-14.121932255303783,-19.04374888278593
0.04345703125,-33.13289118297337,-14.133534639952432,-19.02913274716395
0.043701171875,-31.222678161633823,-14.144910802039872,-19.015378245517844
0.0439453125,-29.587994089739244,-14.156049736843821,-19.00250988984747
0.044189453125,-28.1952696588786,-14.166940712083314,-18.99055100366557
0.04443359375,-27.00324278470505,-14.17757327628877,-18.97952364448651
0.044677734375,-25.97804713688189,-14.187937266729955,-18.969448528974503
0.044921875,-25.094221145906232,-14.198022816916549,-18.960344961243024
0.045166015625,-24.333057596414314,-14.207820363686656,-18.952230764789316
0.04541015625,-23.68085041108536,-14.217320653898932,-18.94512221853466
0.045654296875,-23.127509894362156,-14.226514750744295,-18.93903399742244
0.0458984375,-22.665549075362637,-14.235394039693347,-18.93397911800223
0.046142578125,-22.289361060331,-14.24395023409575,-18.929968889398733
0.04638671875,-21.994712024933897,-14.252175380447625,-18.92701287003071
0.046630859375,-21.778393941677983,-14.26006186334308,-18.925118830406063
0.046875,-21.637998955764594,-14.267602410125555,-18.924292722276455
0.047119140625,-21.57179103841377,-14.274790095254545,-18.924538654388154
0.04736328125,-21.578660796728517,-14.281618344402666,-18.925858875016196
0.047607421875,-21.658157155358843,-14.288080938297721,-18.928253761416634
0.0478515625,-21.81059600803671,-14.294172016323811,-18.931721816277477
0.048095703125,-22.03725182675498,-14.299886079894923,-18.936259671193994
0.04833984375,-22.340644878068954,-14.30521799561373,-18.94186209713834
0.048583984375,-22.72494618249327,-14.310162998227723,-18.948522021838613
0.048828125,-23.19653828738889,-14.314716693393875,-18.95623055392804
0.049072265625,-23.76479892268616,-14.31887506026232,-18.964977013673565
0.04931640625,-24.443229212366404,-14.322634453888583,-18.974748970042988
0.049560546875,-25.251153443539515,-14.32599160748305,-18.985532283823684
0.0498046875,-26.216427311631158,-14.328943634505318,-18.997311156463443
0.050048828125,-27.38002969602938,-14.33148803061024,-19.010068184265315
0.05029296875,-28.804379149758162,-14.333622675451265,-19.02378441753492
0.050537109375,-30.58944278671012,-14.335345834345777,-19.038439424249592
0.05078125,-32.90557236943454,-14.33665615980601,-19.05401135779561
0.051025390625,-36.05408190110307,-14.337552692937983,-19.07047702830106
0.05126953125,-40.37346266577032,-14.33803486470987,-19.087811977079507
0.051513671875,-42.95795789279049,-14.338102497089967,-19.105990553691832
0.0517578125,-38.947364935921584,-14.337755804053362,-19.124985995131535
0.052001953125,-34.95077116111092,-14.336995392455226,-19.144770506641343
0.05224609375,-32.0765346890497,-14.335822262767369,-19.165315343676777
0.052490234375,-29.93744914911308,-14.3342378096737,-19.186590894543684
0.052734375,-28.280951512808077,-14.33224382251883,-19.208566763253256
0.052978515625,-26.964391580806527,-14.329842485603042,-19.231211852157045
0.05322265625,-25.90231500962532,-14.32703637831549,-19.254494443947458
0.053466796875,-25.039803886619055,-14.323828475096473,-19.278382282634375
0.0537109375,-24.33919168933808,-14.320222145218258,-19.302842653136125
0.053955078125,-23.77301119149845,-14.316221152372886,-19.327842459152382
0.05419921875,-23.31997188739548,-14.311829654054169,-19.353348299016876
0.054443359375,-22.962492997973328,-14.30705220071998,-19.37932653925938
0.0546875,-22.68507779157701,-14.30189373471974,-19.40574338563804
0.054931640625,-22.473172999889414,-14.296359588971049,-19.432564951434696
0.05517578125,-22.31234648088197,-14.290455485368188,-19.459757322837568
0.055419921875,-22.18773460333552,-14.284187532904376,-19.48728662126584
0.0556640625,-22.083796717527648,-14.27756222548852,-19.515119062520785
0.055908203125,-21.984472157700136,-14.270586439436453,-19.543221012676234
0.05615234375,-21.873843876096814,-14.263267430615636,-19.571559040648324
0.056396484375,-21.737336281011856,-14.255612831221683,-19.60009996740974
0.056640625,-21.56329662766099,-14.24763064616419,-19.628810911837622
0.056884765625,-21.344581984644616,-14.239329249038885,-19.657659333205658
0.05712890625,-21.079635760671742,-14.230717377662462,-19.6866130703514
0.057373046875,-20.772633298924788,-14.221804129146102,-19.715640377567397
0.0576171875,-20.432609788472913,-14.21259895448344,-19.744709957281174
0.057861328125,-20.071870221315066,-14.203111652628358,-19.773790989603132
0.05810546875,-19.704188637757404,-14.193352364038196,-19.802853158833884
0.058349609375,-19.343250193254725,-14.18333156365784,-19.831866677033055
0.05859375,-19.001575601432005,-14.173060053320567,-19.8608023047605
0.058837890625,-18.689949914678778,-14.162548953541867,-19.88963136910808
0.05908203125,-18.41724751633641,-14.151809694683058,-19.918325779145874
0.059326171875,-18.190508118973277,-14.140854007462359,-19.946858038910946
0.0595703125,-18.015137833614034,-14.129693912792018,-19.975201258069816
0.059814453125,-17.89514781649672,-14.118341710921317,-20.003329160387473
0.06005859375,-17.833378942844192,-14.106809969866665,-20.031216090136642
0.060302734375,-17.831686749205918,-14.09511151311161,-20.058837016580497
0.060546875,-17.89107653402479,-14.08325940656157,-20.086167536660984
0.060791015625,-18.011786715515502,-14.071266944740028,-20.1131838760231
0.06103515625,-18.1933222373368,-14.059147636215377,-20.139862888502705
0.061279296875,-18.434441319082786,-14.0469151882502,-20.16618205420251
0.0615234375,-18.73309989921151,-14.034583490667536,-20.192119476277085
0.061767578125,-19.086360061002875,-14.022166598931822,-20.21765387654403
0.06201171875,-19.490272726511925,-14.009678716445453,-20.242764590033758
0.062255859375,-19.939751914949866,-13.997134176065495,-20.26743155858623
0.0625,-20.428468300965918,-13.98454742084889,-20.29163532359792
0.062744140625,-20.948802639582908,-13.971932984038363,-20.31535701801763
0.06298828125,-21.491910934440178,-13.959305468305603,-20.338578357684924
0.063232421875,-22.04795481730635,-13.946679524272517,-20.361281632099892
0.0634765625,-22.606530324137527,-13.934069828335964,-20.383449694708126
0.063720703125,-23.157274767986422,-13.921491059826113,-20.405065952780124
0.06396484375,-23.690544950897376,-13.90895787753324,-20.42611435695937
0.064208984375,-24.197964524849922,-13.896484895642775,-20.4465793905488
0.064453125,-24.67258280170548,-13.884086659123358,-20.466446058601015
0.064697265625,-25.108424501187187,-13.871777618617521,-20.485699876873113
0.06494140625,-25.49936308074809,-13.859572104889686,-20.504326860702943
0.065185546875,-25.837499500014978,-13.847484302890969,-20.522313513859597
0.0654296875,-26.111531895605353,-13.835528225505158,-20.539646817417207
0.065673828125,-26.305909180624624,-13.82371768704476,-20.556314218697516
0.06591796875,-26.401746890515465,-13.812066276570587,-20.57230362032331
0.066162109375,-26.380233543814487,-13.80058733111252,-20.58760336942161
0.06640625,-26.228191734836408,-13.789293908873038,-20.6022022470127
0.066650390625,-25.943780062986423,-13.77819876249866,-20.616089457617907
0.06689453125,-25.539375559666286,-13.767314312507814,-20.6292546191171
0.067138671875,-25.039903288606165,-13.756652620966307,-20.641687752883797
0.0673828125,-24.47763079903824,-13.746225365503992,-20.6533792742242
0.067626953125,-23.886226834311323,-13.73604381376808,-20.664319983144072
0.06787109375,-23.296412426956238,-13.726118798409836,-20.674501055465665
0.068115234375,-22.73391723536517,-13.716460692702068,-20.68391403431547
0.068359375,-22.219252409924465,-13.707079386885027,-20.692550822001678
0.068603515625,-21.768478192151854,-13.69798426533773,-20.700403672299355
0.06884765625,-21.394327265995315,-13.68918418467064,-20.707465183159847
0.069091796875,-21.10733757632296,-13.680687452833737,-20.713728289860033
0.0693359375,-20.916867958595475,-13.672501809331619,-20.719186258606367
0.069580078125,-20.83199400517489,-13.664634406633969,-20.723832680607508
0.06982421875,-20.862342822582836,-13.65709179286612,-20.727661466629055
0.070068359375,-21.018959554529076,-13.64987989585978,-20.73066684204335
0.0703125,-21.3153332761008,-13.643004008639059,-20.732843342386825
0.070556640625,-21.76876956240688,-13.63646877641121,-20.734185809437196
0.07080078125,-22.40241526393096,-13.630278185125274,-20.734689387822634
0.071044921875,-23.248481931013142,-13.62443555165511,-20.73434952217501
0.0712890625,-24.35371620547137,-13.6189435156561,-20.733161954839137
0.071533203125,-25.78922168178657,-13.613804033137251,-20.731122724150364
0.07177734375,-27.668770523985042,-13.609018371782359,-20.72822816329272
0.072021484375,-30.180753282471784,-13.604587108045887,-20.724474899750362
0.072265625,-33.5951893341046,-13.600510126040612,-20.719859855365055
0.072509765625,-37.505195977092384,-13.596786618225547,-20.714380247013267
0.07275390625,-37.18884205745573,-13.593415087894119,-20.708033587916326
0.072998046875,-33.352008109471186,-13.590393353453846,-20.70081768959807
0.0732421875,-30.211870890796916,-13.587718554480254,-20.69273066450467
0.073486328125,-27.94894725774101,-13.58538715951936,-20.683770929301875
0.07373046875,-26.29928816898758,-13.583394975604943,-20.673937208865695
0.073974609375,-25.088709017474592,-13.581737159448867,-20.66322854098294
0.07421875,-24.21342415530428,-13.580408230255243,-20.651644281778715
0.074462890625,-23.609865372202812,-13.579402084102147,-20.63918411188873
0.07470703125,-23.237852482747417,-13.578712009827905,-20.625848043394782
0.074951171875,-23.071631113225337,-13.578330706352906,-20.611636427542216
0.0751953125,-23.094938437030173,-13.578250301362363,-20.59654996325934
0.075439453125,-23.29814611198539,-13.578462371270382,-20.58058970649852
0.07568359375,-23.676451779626902,-13.578957962381546,-20.56375708041985
0.075927734375,-24.228441903316636,-13.579727613162369,-20.546053886438436
0.076171875,-24.954308412439325,-13.580761377532022,-20.527482316156718
0.076416015625,-25.85248247428,-13.582048849079449,-20.508044964203588
0.07666015625,-26.912060323744416,-13.583579186112122,-20.487744842002318
0.076904296875,-28.09557893182999,-13.585341137440857,-20.46658539248903
0.0771484375,-29.30395488446731,-13.587323068804537,-20.444570505803807
0.077392578125,-30.327644153057296,-13.589512989838981,-20.42170453597572
0.07763671875,-30.85609594359722,-13.591898581494915,-20.397992318623118
0.077880859375,-30.674809512806384,-13.594467223811487,-20.37343918968926
0.078125,-29.886964928705062,-13.59720602395365,-20.348051005232804
0.078369140625,-28.789631307987847,-13.600101844424227,-20.321834162291104
0.07861328125,-27.62392664611977,-13.603141331364297,-20.29479562083296
0.078857421875,-26.511004341958714,-13.606310942858933,-20.26694292681505
0.0791015625,-25.494644619073124,-13.609596977168849,-20.238284236354325
0.079345703125,-24.58338651017414,-13.612985600812689,-20.208828341025495
0.07958984375,-23.772832086521785,-13.616462876428718,-20.17858469428947
0.079833984375,-23.055348400500428,-13.620014790349392,-20.14756343905459
0.080078125,-22.42382164898156,-13.623627279826687,-20.11577543636815
0.080322265625,-21.87285519738737,-13.627286259851088,-20.083232295230083
0.08056640625,-21.398928545165063,-13.630977649511827,-20.049946403515087
0.080810546875,-21.000180117569528,-13.634687397850957,-20.015930959982455
0.0810546875,-20.676104444188702,-13.638401509168785,-19.981200007345173
0.081298828125,-20.42728864603863,-13.642106067742937,-19.945768466361336
0.08154296875,-20.25523684777102,-13.645787261928364,-19.909652170901147
0.081787109375,-20.162296074388134,-13.649431407610066,-19.872867903932175
0.08203125,-20.15168300243747,-13.653024970985053,-19.835433434353284
0.082275390625,-20.227608186754743,-13.656554590654423,-19.797367554595112
0.08251953125,-20.395498298229416,-13.66000709901072,-19.758690118889504
0.082763671875,-20.662324922744375,-13.663369542909674,-19.719422082095633
0.0830078125,-21.037058849686836,-13.666629203619413,-19.679585538952114
0.083251953125,-21.53127861882534,-13.669773616043697,-19.63920376360654
0.08349609375,-22.159962052499267,-13.672790587219104,-19.598301249252877
0.083740234375,-22.94244702053001,-13.675668214089285,-19.55690374768584
0.083984375,-23.903350050529923,-13.678394900562118,-19.51503830855758
0.084228515625,-25.07248339345208,-13.68095937385828,-19.47273331809726
0.08447265625,-26.480098909266033,-13.68335070016201,-19.430018537027753
0.084716796875,-28.134161193920903,-13.685558299586942,-19.38692513738554
0.0849609375,-29.93643912337575,-13.687571960471644,-19.343485737921114
0.085205078125,-31.459378069310404,-13.68938185302104,-19.299734437726663
0.08544921875,-31.841658504839614,-13.690978542311216,-19.255706847706506
0.085693359375,-30.77403451634425,-13.692353000676095,-19.211440119474037
0.0859375,-29.039204343601863,-13.693496619495278,-19.166972971226294
0.086181640625,-27.313878849286752,-13.694401220402945,-19.122345710115017
0.08642578125,-25.82334732288523,-13.695059065937997,-19.077600250601186
0.086669921875,-24.598064948586483,-13.69546286965577,-19.03278012824885
0.0869140625,-23.617933009584355,-13.695605805721534,-18.987930508384657
0.087158203125,-22.856349267319818,-13.69548151800579,-18.943098189022447
0.08740234375,-22.290985946402206,-13.695084128700763,-18.898331597427624
0.087646484375,-21.90547597521943,-13.69440824647699,-18.853680779676075
0.087890625,-21.688908532064236,-13.693448974197954,-18.809197382546298
0.088134765625,-21.63497610361624,-13.692201916209825,-18.764934627073973
0.08837890625,-21.74118343422137,-13.690663185222181,-18.72094727309465
0.088623046875,-22.00807873883488,-13.688829408794325,-18.67729157410554
0.0888671875,-22.43821579948326,-13.686697735440426,-18.634025221790857
0.089111328125,-23.03417892397022,-13.68426584036514,-18.59120727957978
0.08935546875,-23.794189410885878,-13.681531930839776,-18.54889810464117
0.089599609375,-24.70211081419006,-13.678494751227262,-18.507159257767277
0.08984375,-25.70602786903909,-13.675153587662365,-18.46605340066015
0.090087890625,-26.680443971431473,-13.671508272391682,-18.42564418020975
0.09033203125,-27.393111575676315,-13.667559187775797,-18.385996099443695
0.090576171875,-27.56991834772798,-13.663307269954107,-18.347174374934333
0.0908203125,-27.11303772322712,-13.65875401217039,-18.309244780570538
0.091064453125,-26.205752976570643,-13.653901467755272,-18.27227347773854
0.09130859375,-25.12455668268767,-13.648752252759204,-18.236326832108126
0.091552734375,-24.062433434685452,-13.643309548227446,-18.201471217386324
0.091796875,-23.11220782634363,-13.637577102106151,-18.16777280657876
0.092041015625,-22.30743125246951,-13.631559230766285,-18.13529735148835
0.09228515625,-21.65451669118504,-13.62526082012977,-18.104109951377026
0.092529296875,-21.149257543891515,-13.61868732637985,-18.074274811919295
0.0927734375,-20.78417034028709,-13.611844776235385,-18.045854995779603
0.093017578125,-20.55153550057904,-13.604739766766352,-18.018912166347437
0.09326171875,-20.444578028287744,-13.597379464725648,-17.99350632635919
0.093505859375,-20.457884110528433,-13.589771605370002,-17.96969555331984
0.09375,-20.587532807782928,-13.581924490740594,-17.94753573380604
0.093994140625,-20.83115587849363,-13.57384698737199,-17.92708029887895
0.09423828125,-21.18802842801643,-13.565548523395902,-17.90837996295793
0.094482421875,-21.659252419987375,-13.557039085004522,-17.891482468597136
0.0947265625,-22.248088911393047,-13.548329212236332,-17.876432339665136
0.094970703125,-22.960511419320415,-13.539429994045841,-17.86327064544699
0.09521484375,-23.80609339901994,-13.530353062617218,-17.852034778167287
0.095458984375,-24.799420263866057,-13.521110586880596,-17.842758246368962
0.095703125,-25.962359791701957,-13.511715265188975,-17.835470486475515
0.095947265625,-27.327788006948094,-13.502180317112785,-17.830196694713713
0.09619140625,-28.945817447676884,-13.492519474308809,-17.826957681381522
0.096435546875,-30.894048920717,-13.482746970420092,-17.825769749213954
0.0966796875,-33.29129181358746,-13.472877529963526,-17.826644597332304
0.096923828125,-36.285314632986264,-13.462926356162438,-17.829589251964006
0.09716796875,-39.72015982079483,-13.452909117682426,-17.83460602479694
0.097412109375,-41.30465306099758,-13.44284193423003,-17.841692499490737
0.09765625,-38.94537975745072,-13.432741360975498,-17.85084154651455
0.097900390625,-35.902011670717414,-13.422624371763298,-17.862041366124444
0.09814453125,-33.440159448315804,-13.412508341076562,-17.875275558941198
0.098388671875,-31.50603755978588,-13.402411024724909,-17.89052322324817
0.0986328125,-29.947510095469685,-13.392350539228806,-17.907759077807142
0.098876953125,-28.655016053298784,-13.382345339877817,-17.926953608692855
0.09912109375,-27.55596217073127,-13.372414197444868,-17.948073238381276
0.099365234375,-26.601825097339248,-13.362576173543953,-17.971080515096666
0.099609375,-25.759693414005316,-13.352850594624595,-17.995934320232088
0.099853515625,-25.007240047885123,-13.343257024602618,-18.022590091509333
0.10009765625,-24.329677190627365,-13.333815236133919,-18.051000059439364
0.100341796875,-23.717798284240956,-13.324545180545098,-18.081113494582834
0.1005859375,-23.166617121490958,-13.315466956442874,-18.112876963091015
0.100830078125,-22.67435224441479,-13.306600777032486,-18.146234588029092
0.10107421875,-22.241637244270226,-13.297966936184062,-18.181128314043185
0.101318359375,-21.870906144764646,-13.289585773295038,-18.217498173025525
0.1015625,-21.565933537941508,-13.28147763700623,-18.255282548555467
0.101806640625,-21.33151873876999,-13.273662847838668,-18.29441843704282
0.10205078125,-21.173303599897693,-13.266161659828398,-18.334841703668772
0.102294921875,-21.097711816934645,-13.258994221246162,-18.376487331404544
0.1025390625,-21.111996627384247,-13.252180534498985,-18.419289661583512
0.102783203125,-21.224383619029886,-13.245740415320508,-18.463182624704416
0.10302734375,-21.444292706810298,-13.239693451366573,-18.50809996034693
0.103271484375,-21.78261012537238,-13.23405896034198,-18.55397542528322
0.103515625,-22.251937899252695,-13.228855947793257,-18.600742989065253
0.103759765625,-22.866624430191777,-13.2241030647109,-18.64833701655642
0.10400390625,-23.642042092254147,-13.219818565092154,-18.696692437053667
0.104248046875,-24.591669539974887,-13.21602026362273,-18.745744899811278
0.1044921875,-25.718158052674298,-13.212725493641933,-18.795430915929018
0.104736328125,-26.988999116324372,-13.209951065561086,-18.845687986703375
0.10498046875,-28.279784827949715,-13.20771322590922,-18.896454718661367
0.105224609375,-29.29025709186728,-13.206027617183235,-18.9476709256021
0.10546875,-29.590889762901654,-13.204909238681369,-18.99927771806039
0.105712890625,-29.01658478442331,-13.204372408499472,-19.051217580682383
0.10595703125,-27.88593570051202,-13.204430726868644,-19.103434438063257
0.106201171875,-26.613633936279193,-13.20509704101042,-19.155873709644673
0.1064453125,-25.43400534763034,-13.206383411682097,-19.208482354304394
0.106689453125,-24.434256052219844,-13.20830108157935,-19.261208905294183
0.10693359375,-23.635157807710932,-13.2108604457568,-19.314003496195543
0.107177734375,-23.034424114905953,-13.214071024218843,-19.3668178785672
0.107421875,-22.624228737181905,-13.217941436823669,-19.41960543195495
0.107666015625,-22.397641577891825,-13.222479380632404,-19.47232116692412
0.10791015625,-22.35095015751479,-13.22769160982318,-19.524921721759124
0.108154296875,-22.484636262510026,-13.233583918276624,-19.577365353453857
0.1083984375,-22.804107533283393,-13.240161124924883,-19.629611923592343
0.108642578125,-23.32069095368636,-13.247427061940996,-19.681622879691638
0.10888671875,-24.053225466163862,-13.25538456582937,-19.733361232549427
0.109130859375,-25.03056503969084,-13.26403547146139,-19.784791530107707
0.109375,-26.295130763416566,-13.273380609083134,-19.835879828311917
0.109619140625,-27.90620913396474,-13.28341980430461,-19.886593659412515
0.10986328125,-29.93308250293593,-13.294151881062525,-19.93690199812374
0.110107421875,-32.380580102072024,-13.30557466753101,-19.98677522602196
0.1103515625,-34.78918721263613,-13.317685004937625,-20.036185094535476
0.110595703125,-35.48641993399048,-13.330478759225098,-20.08510468684657
0.11083984375,-33.80236738863847,-13.343950835483087,-20.13350837899818
0.111083984375,-31.527543390210667,-13.358095195058793,-20.181371800469368
0.111328125,-29.58466003729182,-13.372904875240682,-20.228671794457604
0.111572265625,-28.07759267404926,-13.38837201139608,-20.275386378080892
0.11181640625,-26.946211786393302,-13.404487861430962,-20.321494702689495
0.112060546875,-26.12540570168097,-13.421242832429197,-20.36697701445523
0.1123046875,-25.567180350862657,-13.438626509318594,-20.41181461538602
0.112548828125,-25.23949112151655,-13.456627685402808,-20.45598982489469
0.11279296875,-25.122781294445588,-13.475234394591109,-20.49948594203382
0.113037109375,-25.207540300974504,-13.494433945152506,-20.542287208492574
0.11328125,-25.493149668777725,-13.514212954816776,-20.584378772436946
0.113525390625,-25.987896619335686,-13.534557387042256,-20.625746653261995
0.11376953125,-26.710087964488125,-13.555452588269292,-20.666377707312442
0.114013671875,-27.69014231523691,-13.576883325978322,-20.706259594617457
0.1142578125,-28.972615441529754,-13.59883382737334,-20.745380746675917
0.114501953125,-30.611956379242507,-13.62128781851423,-20.783730335319568
0.11474609375,-32.630034993060065,-13.644228563725608,-20.821298242674175
0.114990234375,-34.79424617505075,-13.667638905114824,-20.85807503223171
0.115234375,-36.000664138281515,-13.69150130203803,-20.894051921040834
0.115478515625,-34.95395330512399,-13.7157978703601,-20.929220753017674
0.11572265625,-32.6714444913883,-13.740510421362014,-20.96357397337425
0.115966796875,-30.43056324316176,-13.765620500157766,-20.99710460415817
0.1162109375,-28.55637907860976,-13.791109423491758,-21.029806220893633
0.116455078125,-27.043261386090126,-13.816958316797077,-21.061672930311207
0.11669921875,-25.834849483084486,-13.843148150404774,-21.092699349151136
0.116943359375,-24.88099871058159,-13.86965977480422,-21.12288058402321
0.1171875,-24.14440797010667,-13.896473954864572,-21.152212212304597
0.117431640625,-23.5983934402756,-13.923571402937602,-21.18069026405555
0.11767578125,-23.223893296423572,-13.950932810771977,-21.208311204932304
0.117919921875,-23.006976301514847,-13.978538880179045,-21.235071920075335
0.1181640625,-22.93678419555164,-14.006370352399827,-21.260969698951033
0.118408203125,-23.00358451474375,-14.034408036132067,-21.286002221124395
0.11865234375,-23.196543097996862,-14.06263283418552,-21.310167542940157
0.118896484375,-23.50077691218077,-14.091025768741892,-21.333464085090043
0.119140625,-23.893284005513106,-14.119568005204322,-21.355890621043855
0.119384765625,-24.3377781601437,-14.148240874628804,-21.377446266322366
0.11962890625,-24.779944661339087,-14.17702589473732,-21.39813046859054
0.119873046875,-25.147745928591718,-14.205904789518941,-21.417942998549947
0.1201171875,-25.36416535484683,-14.234859507431654,-21.436883941609743
0.120361328125,-25.374668966610052,-14.263872238222977,-21.45495369031623
0.12060546875,-25.1744458541709,-14.292925428392842,-21.472152937521702
0.120849609375,-24.811180638751686,-14.322001795326704,-21.4884826702737
0.12109375,-24.360544959229156,-14.351084340130909,-21.503944164406676
0.121337890625,-23.89711934919883,-14.38015635920608,-21.518538979818743
0.12158203125,-23.478859169466865,-14.40920145459726,-21.532268956416583
0.121826171875,-23.14513965969176,-14.43820354316232,-21.545136210712666
0.1220703125,-22.92103821741534,-14.46714686460229,-21.55714313305927
0.122314453125,-22.82257798838397,-14.496015988399156,-21.56829238550449
0.12255859375,-22.86098748517782,-14.524795819707952,-21.578586900256155
0.122802734375,-23.045792246319525,-14.55347160425118,-21.588029878740045
0.123046875,-23.387123069859832,-14.58202893226421,-21.5966247912393
0.123291015625,-23.897725650903247,-14.610453741540697,-21.604375377102443
0.12353515625,-24.59518520694045,-14.63873231962724,-21.611285645508058
0.123779296875,-25.505030859897207,-14.666851305216317,-21.61735987677414
0.1240234375,-26.665858804644287,-14.694797688786167,-21.62260262420101
0.124267578125,-28.138898824937204,-14.722558812535674,-21.627018716436414
0.12451171875,-30.02812948043067,-14.750122369661593,-21.630613260352128
0.124755859375,-32.52934002019235,-14.777476403024503,-21.633391644421135
0.125,-36.07945177237007,-14.804609303248757,-21.635359542584713
0.125244140625,-42.035889852474504,-14.831509806300584,-21.636522918598757
0.12548828125,-64.47975692610268,-14.858166990587149,-21.636888030848375
0.125732421875,-43.45561599562906,-14.884570273618023,-21.636461437619733
0.1259765625,-37.548672996237485,-14.910709408269067,-21.635250002817905
0.126220703125,-34.33967365996867,-14.93657447868727,-21.633260902118828
0.12646484375,-32.23910873515565,-14.962155895873481,-21.63050162954316
0.126708984375,-30.758392226802993,-14.987444392978546,-21.62698000443914
0.126953125,-29.679825353680798,-15.012431020346607,-21.62270417886086
0.127197265625,-28.885500515855856,-15.037107140338,-21.617682645327353
0.12744140625,-28.30272345039111,-15.061464421962343,-21.61192424494699
0.127685546875,-27.882060521414537,-15.08549483535113,-21.60543817589069
0.1279296875,-27.58713394783438,-15.109190646097392,-21.59823400219568
0.128173828125,-27.38943962343634,-15.132544409488634,-21.59032166288082
0.12841796875,-27.26562709129488,-15.155548964657742,-21.58171148135217
0.128662109375,-27.196135193799403,-15.178197428675071,-21.57241417507626
0.12890625,-27.16463375729966,-15.200483190603665,-21.56244086549644
0.129150390625,-27.15793448350249,-15.222399905538035,-21.551803088165364
0.12939453125,-27.166109255812167,-15.243941488645818,-21.540512803064882
0.129638671875,-27.182590424032888,-15.265102109230186,-21.528582405081593
0.1298828125,-27.204079619109397,-15.28587618482986,-21.5160247346042
0.130126953125,-27.230177180418423,-15.306258375372261,-21.502853088205576
0.13037109375,-27.262746503566447,-15.326243577394361,-21.489081229369734
0.130615234375,-27.305110910071658,-15.345826918344628,-21.47472339922054
0.130859375,-27.361217051107317,-15.365003750978554,-21.45979432720571
0.131103515625,-27.434885761236373,-15.383769647859214,-21.44430924168602
0.13134765625,-27.529228373040944,-15.40212039597344,-21.428283880376064
0.131591796875,-27.6462593280666,-15.420051991473322,-21.41173450057877
0.1318359375,-27.78670137161949,-15.437560634551932,-21.394677889152135
0.132080078125,-27.949961707887567,-15.454642724461372,-21.377131372142138
0.13232421875,-28.134251182805983,-15.471294854680567,-21.359112824011866
0.132568359375,-28.336815927932722,-15.487513808239473,-21.34064067639195
0.1328125,-28.554245924222545,-15.503296553205763,-21.321733926273584
0.133056640625,-28.782816162950876,-15.518640238339415,-21.302412143560172
0.13330078125,-29.018807178663995,-15.533542188920105,-21.282695477889707
0.133544921875,-29.258749939741953,-15.547999902751632,-21.262604664634942
0.1337890625,-29.499552270453762,-15.562011046347298,-21.24216102998439
0.134033203125,-29.738491631377897,-15.575573451299466,-21.221386495002452
0.13427734375,-29.973095020693066,-15.588685110836217,-21.200303578563073
0.134521484375,-30.20095621991164,-15.601344176567544,-21.178935399047234
0.134765625,-30.419546934197626,-15.613548955423141,-21.157305674690903
0.135009765625,-30.62605075137035,-15.625297906783404,-21.13543872246688
0.13525390625,-30.817189182182567,-15.63658963980501,-21.113359455380966
0.135498046875,-30.988936480934996,-15.647422910942005,-21.091093378060656
0.1357421875,-31.13597194919209,-15.657796621663078,-21.068666580512826
0.135986328125,-31.25074730122822,-15.667709816365312,-21.046105729925742
0.13623046875,-31.322210387401036,-15.67716168048453,-21.023438060390642
0.136474609375,-31.334567859131603,-15.68615153880198,-21.000691360418735
0.13671875,-31.26695487999629,-15.69467885394683,-20.97789395813106
0.136962890625,-31.09525853225748,-15.702743225093787,-20.955074704001678
0.13720703125,-30.79701270918402,-15.710344386854818,-20.932262951038275
0.137451171875,-30.358635932946143,-15.717482208363673,-20.909488532289807
0.1376953125,-29.78188869256614,-15.72415669255183,-20.88678173557746
0.137939453125,-29.085662551114947,-15.730367975614056,-20.864173275353238
0.13818359375,-28.301814138730116,-15.736116326661705,-20.841694261600345
0.138427734375,-27.46762319688286,-15.741402147561502,-20.81937616570089
0.138671875,-26.618819286264262,-15.746225972957511,-20.797250783209407
0.138916015625,-25.785454913346356,-15.750588470473526,-20.775350193485714
0.13916015625,-24.990645481206208,-15.754490441093099,-20.75370671615696
0.139404296875,-24.251106107437405,-15.757932819714057,-20.732352864397217
0.1396484375,-23.57842698077158,-15.760916675874157,-20.711321295032945
0.139892578125,-22.980439341128083,-15.763443214644251,-20.690644755504483
0.14013671875,-22.46239072185947,-15.765513777685145,-20.67035602773695
0.140380859375,-22.02786073148666,-15.767129844463959,-20.65048786899893
0.140625,-21.679441430032465,-15.768293033625634,-20.63107294985325
0.140869140625,-21.419233706275513,-15.769005104514848,-20.61214378933186
0.14111328125,-21.249209903231513,-15.7692679588434,-20.593732687494533
0.141357421875,-21.171481893110897,-15.769083642497709,-20.575871655560626
0.1416015625,-21.188500079086626,-15.768454347480832,-20.558592343831958
0.141845703125,-21.303193382881286,-15.767382413983048,-20.541925967654613
0.14208984375,-21.51904012425566,-15.765870332574657,-20.525903231696297
0.142333984375,-21.840027280181367,-15.763920746514327,-20.51055425284453
0.142578125,-22.270395534760375,-15.76153645416592,-20.49590848205809
0.142822265625,-22.81394896963159,-15.758720411516325,-20.48199462553014
0.14306640625,-23.47247193394894,-15.755475734786355,-20.46884056554528
0.143310546875,-24.242343172286,-15.75180570312643,-20.456473281434437
0.1435546875,-25.10768444348456,-15.747713761388209,-20.444918771050197
0.143798828125,-26.027660792755608,-15.7432035229629,-20.43420197320073
0.14404296875,-26.91721667727895,-15.738278772676477,-20.424346691492616
0.144287109375,-27.63194542135193,-15.732943469731502,-20.415375520040683
0.14453125,-27.993658208780175,-15.727201750684722,-20.407309771506927
0.144775390625,-27.888390316915917,-15.72105793244907,-20.400169407929667
0.14501953125,-27.359367297494263,-15.714516515308073,-20.39397297479872
0.145263671875,-26.568614067658434,-15.707582185930127,-20.38873753882196
0.1455078125,-25.683037296796215,-15.70025982036948,-20.384478629813273
0.145751953125,-24.814039014417183,-15.692554487040093,-20.381210187111808
0.14599609375,-24.019365150842667,-15.684471449647964,-20.37894451091731
0.146240234375,-23.32304234059074,-15.676016170066784,-20.37769221889664
0.146484375,-22.731408008231384,-15.667194311141202,-20.377462208382568
0.146728515625,-22.242388584768836,-15.658011739401157,-20.3782616244479
0.14697265625,-21.850219092103952,-15.648474527670267,-20.38009583409608
0.147216796875,-21.54767881859115,-15.63858895755028,-20.38296840676487
0.1474609375,-21.327075617618988,-15.628361521763207,-20.38688110129227
0.147705078125,-21.180619069638684,-15.617798926331805,-20.39183385944424
0.14794921875,-21.100499225405663,-15.60690809257853,-20.397824806053503
0.148193359375,-21.078824875376295,-15.595696158922381,-20.404850255767197
0.1484375,-21.10749612880752,-15.58417048245234,-20.412904726349694
0.148681640625,-21.17804912245841,-15.572338640255502,-20.4219809584367
0.14892578125,-21.28149598385925,-15.560208430477392,-20.432069941587155
0.149169921875,-21.40818198427366,-15.547787873091279,-20.44316094643247
0.1494140625,-21.547690535918044,-15.535085210352877,-20.455241562678093
0.149658203125,-21.6888428557791,-15.522108906916168,-20.46829774267058
0.14990234375,-21.81985769002327,-15.508867649585724,-20.482313850206296
0.150146484375,-21.92874632023534,-15.495370346680481,-20.497272714223204
0.150390625,-22.004000917368135,-15.481626126983517,-20.513155686988856
0.150634765625,-22.035571269162272,-15.467644338252223,-20.529942706372033
0.15087890625,-22.01601372648387,-15.45343454526301,-20.5476123617667
0.151123046875,-21.941572005681223,-15.439006527364654,-20.56614196322096
0.1513671875,-21.81288480556525,-15.42437027551436,-20.585507613314586
0.151611328125,-21.63507761173742,-15.409535988770786,-20.60568428132294
0.15185546875,-21.41718369385064,-15.394514070218591,-20.626645879205185
0.152099609375,-21.17106081962598,-15.379315122299278,-20.64836533895836
0.15234375,-20.91010723579112,-15.363949941523867,-20.67081469088757
0.152587890625,-20.648077499610054,-15.348429512543449,-20.693965142354553
0.15283203125,-20.398191403922766,-15.33276500155461,-20.717787156582958
0.153076171875,-20.172596434413318,-15.316967749017694,-20.74225053111743
0.1533203125,-19.98214638368551,-15.301049261667107,-20.76732447555546
0.153564453125,-19.83641411711367,-15.285021203794258,-20.792977688195084
0.15380859375,-19.74385333404459,-15.268895387785333,-20.819178431267396
0.154052734375,-19.71204228565559,-15.252683763897805,-20.845894604450216
0.154296875,-19.747966096723477,-15.236398409261792,-20.8730938163879
0.154541015625,-19.858315488095478,-15.220051516094362,-20.900743453971174
0.15478515625,-20.049795919784906,-15.20365537911751,-20.928810749160466
0.155029296875,-20.32945306337784,-15.1872223821731,-20.957262843165175
0.1552734375,-20.705029701376144,-15.170764984030926,-20.986066847820602
0.155517578125,-21.18537724753187,-15.154295703389284,-21.015189904031885
0.15576171875,-21.78095290735362,-15.13782710307052,-21.044599237182116
0.156005859375,-22.50443961175705,-15.12137177341781,-21.074262209427204
0.15625,-23.371521909668132,-15.104942314902871,-21.104146368825305
0.156494140625,-24.401806277987824,-15.088551319958455,-21.134219495271385
0.15673828125,-25.61968312301608,-15.072211354053287,-21.164449643229382
0.156982421875,-27.054224658808486,-15.055934936031598,-21.194805181274077
0.1572265625,-28.734709753980837,-15.039734517743549,-21.22525482847314
0.157470703125,-30.669616724546174,-15.023622462997396,-21.255767687656068
0.15771484375,-32.76990987278652,-15.007611025868858,-21.286313275631347
0.157958984375,-34.64281606920957,-14.991712328407631,-21.31686155042626
0.158203125,-35.46304441187144,-14.975938337785752,-21.34738293563465
0.158447265625,-34.8484226786905,-14.96030084293712,-21.377848341967763
0.15869140625,-33.508031160258085,-14.944811430742016,-21.408229186111182
0.158935546875,-32.13275293701383,-14.92948146181507,-21.43849740699727
0.1591796875,-30.9647927471344,-14.914322045959466,-21.468625479607905
0.159423828125,-30.033632257800594,-14.899344017354375,-21.498586426425828
0.15966796875,-29.307119422808544,-14.884557909546778,-21.528353826655614
0.159912109375,-28.739365117221844,-14.869973930322411,-21.557901823337065
0.16015625,-28.28300838417181,-14.855601936534287,-21.58720512847374
0.160400390625,-27.892468702707816,-14.841451408970256,-21.616239026299667
0.16064453125,-27.52637234732353,-14.827531427343954,-21.644979374805544
0.160888671875,-27.15119863070624,-14.813850645495755,-21.673402605644245
0.1611328125,-26.745462619363536,-14.800417266892477,-21.701485722532667
0.161376953125,-26.30236559202771,-14.787239020515779,-21.729206298264305
0.16162109375,-25.82914341466254,-14.77432313723031,-21.756542470443105
0.161865234375,-25.343172893617876,-14.761676326722935,-21.783472936045683
0.162109375,-24.866668678802903,-14.749304755104188,-21.809976944914737
0.162353515625,-24.422075143810716,-14.73721402326234,-21.83603429228217
0.16259765625,-24.029247505510554,-14.725409146059011,-21.861625310415963
0.162841796875,-23.70438794421533,-14.713894532453276,-21.886730859480338
0.1630859375,-23.460153327743782,-14.702673966638562,-21.91133231769378
0.163330078125,-23.30633099848455,-14.69175059027342,-21.93541157086525
0.16357421875,-23.250676087784008,-14.681126885883323,-21.958951001383728
0.163818359375,-23.29970172524157,-14.670804661506281,-21.98193347673197
0.1640625,-23.459339393643308,-14.660785036650015,-22.004342337590607
0.164306640625,-23.735440999685437,-14.651068429622914,-22.026161385594154
0.16455078125,-24.134091745361538,-14.641654546294893,-22.047374870796578
0.164794921875,-24.66164373530259,-14.63254237033793,-22.067967478899067
0.1650390625,-25.3242325451081,-14.623730154988966,-22.087924318289446
0.165283203125,-26.12621331548612,-14.615215416370738,-22.107230906937957
0.16552734375,-27.066261906310064,-14.606994928398533,-22.12587315919112
0.165771484375,-28.128558758077425,-14.599064719292985,-22.14383737250097
0.166015625,-29.264715534252687,-14.591420069711184,-22.161110214124324
0.166259765625,-30.363725817914332,-14.584055512500191,-22.177678707822967
0.16650390625,-31.227481949743897,-14.576964834069017,-22.193530220592702
0.166748046875,-31.6202658603947,-14.570141077366994,-22.208652449446504
0.1669921875,-31.43641315892293,-14.563576546448473,-22.22303340827388
0.167236328125,-30.804267617942088,-14.557262812595983,-22.236661414796433
0.16748046875,-29.96054593594153,-14.551190721966371,-22.249525077636797
0.167724609375,-29.09200817144901,-14.54535040471707,-22.261613283516134
0.16796875,-28.299065153735032,-14.539731285562782,-22.27291518459325
0.168212890625,-27.623267607873295,-14.534322095706154,-22.283420185956192
0.16845703125,-27.076145674908773,-14.52911088607998,-22.29311793327577
0.168701171875,-26.65591828300989,-14.52408504183282,-22.301998300628362
0.1689453125,-26.355497802386857,-14.519231297984728,-22.31005137849405
0.169189453125,-26.165968421893837,-14.514535756175315,-22.3172674619347
0.16943359375,-26.077941625642573,-14.509983902422379,-22.32363703895497
0.169677734375,-26.081954914794384,-14.505560625805852,-22.32915077904842
0.169921875,-26.168452809929814,-14.501250237989211,-22.333799521929553
0.170166015625,-26.327599995115754,-14.497036493488206,-22.33757426645145
0.17041015625,-26.549047098213883,-14.492902610595277,-22.34046615970799
0.170654296875,-26.821710770113146,-14.488831292867133,-22.342466486318674
0.1708984375,-27.133599410674716,-14.484804751082496,-22.34356665789315
0.171142578125,-27.471695829106935,-14.480804725577448,-22.343758202671996
0.17138671875,-27.821895075219288,-14.47681250886636,-22.343032755339554
0.171630859375,-28.168999245719988,-14.472808968457906,-22.341382047004007
0.171875,-28.496809391262335,-14.468774569777324,-22.338797895339432
0.172119140625,-28.788438349401886,-14.464689399108337,-22.335272194883874
0.17236328125,-29.027068802199288,-14.460533186470927,-22.330796907487308
0.172607421875,-29.197400524825923,-14.456285328354014,-22.325364052902575
0.1728515625,-29.287828899022013,-14.451924910225609,-22.318965699512383
0.173095703125,-29.292927389575496,-14.447430728746667,-22.311593955184836
0.17333984375,-29.215302168806833,-14.442781313618621,-22.30324095824968
0.173583984375,-29.065812267002833,-14.43795494899895,-22.29389886858729
0.173828125,-28.861754571127456,-14.432929694423173,-22.283559858822002
0.174072265625,-28.62353244447067,-14.427683405176207,-22.272216105611218
0.17431640625,-28.370866519404593,-14.422193752060483,-22.2598597810213
0.174560546875,-28.119467037128558,-14.41643824051271,-22.246483043981414
0.1748046875,-27.878577882471912,-14.41039422902573,-22.232078031805806
0.175048828125,-27.649406695403837,-14.40403894683641,-22.21663685177505
0.17529296875,-27.424420711275587,-14.39734951084499,-22.200151572766572
0.175537109375,-27.187774150941586,-14.390302941735605,-22.182614216924485
0.17578125,-26.9174862706326,-14.382876179272031,-22.16401675135854
0.176025390625,-26.589950147109814,-14.375046096746738,-22.144351079861867
0.17626953125,-26.186422556159833,-14.366789514565339,-22.123609034636917
0.176513671875,-25.699466623258083,-14.358083212952286,-22.101782368018746
0.1767578125,-25.136301813349625,-14.348903943767276,-22.07886274418469
0.177001953125,-24.517256707068373,-14.33922844142515,-22.054841730838994
0.17724609375,-23.87040909392823,-14.329033432915391,-22.029710790860978
0.177490234375,-23.22538870926866,-14.318295646920127,-22.00346127390486
0.177734375,-22.608812815808072,-14.30699182203239,-21.97608440793907
0.177978515625,-22.042102695150145,-14.295098714078893,-21.94757129071273
0.17822265625,-21.54115661744441,-14.282593102553802,-21.917912881136466
0.178466796875,-21.11700870051895,-14.269451796172177,-21.887099990564444
0.1787109375,-20.776798452779385,-14.255651637553433,-21.855123273964175
0.178955078125,-20.524680058067926,-14.241169507046955,-21.821973220960125
0.17919921875,-20.36252279943904,-14.22598232571335,-21.78764014673686
0.179443359375,-20.29037305046312,-14.210067057475971,-21.75211418278682
0.1796875,-20.306698643222365,-14.193400710458494,-21.715385267487505
0.179931640625,-20.408453928605667,-14.175960337525042,-21.6774431364921
0.18017578125,-20.591012577049618,-14.157723036040025,-21.63827731291718
0.180419921875,-20.848029589418545,-14.138665946865354,-21.597877097310306
0.1806640625,-21.171322039904176,-14.118766252613016,-21.55623155737988
0.180908203125,-21.550900433403676,-14.098001175171062,-21.513329517468634
0.18115234375,-21.975326822415386,-14.076347972521274,-21.46915954775164
0.181396484375,-22.43258856651989,-14.053783934866395,-21.423709953138548
0.181640625,-22.91160499333895,-14.030286380084858,-21.37696876185918
0.181884765625,-23.404287039496676,-14.005832648530468,-21.328923713710534
0.18212890625,-23.907783101159325,-13.980400097194048,-21.279562247941996
0.182373046875,-24.42632712649052,-13.953966093243586,-21.22887149075484
0.1826171875,-24.97216664381618,-13.926508006958858,-21.17683824239055
0.182861328125,-25.565449909394186,-13.898003204075756,-21.123448963781442
0.18310546875,-26.233487264622216,-13.868429037554852,-21.068689762735563
0.183349609375,-27.010154718879114,-13.837762838788016,-21.012546379626336
0.18359375,-27.93621666429743,-13.805981908256,-20.955004172556066
0.183837890625,-29.061008116914252,-13.773063505649194,-20.896048101960353
0.18408203125,-30.44484048485606,-13.738984839462685,-20.83566271461901
0.184326171875,-32.15676612976264,-13.703723056076152,-20.77383212703672
0.1845703125,-34.23851551796717,-13.667255228328026,-20.710540008155075
0.184814453125,-36.49669787841257,-13.629558343592647,-20.645769561354783
0.18505859375,-37.848040251044885,-13.59060929136809,-20.57950350570483
0.185302734375,-36.83716331134678,-13.550384850381834,-20.511724056412724
0.185546875,-34.45036529024701,-13.508861675220325,-20.442412904426845
0.185791015625,-32.067719053148735,-13.466016282487947,-20.37155119513931
0.18603515625,-30.032143949765903,-13.421825036500222,-20.299119506134268
0.186279296875,-28.328969295855444,-13.376264134515367,-20.225097823923072
0.1865234375,-26.892368423408367,-13.329309591507956,-20.149465519604192
0.186767578125,-25.66522561718534,-13.280937224487815,-20.072201323381496
0.18701171875,-24.605576605728213,-13.231122636367239,-19.993283297870285
0.187255859375,-23.684109819267537,-13.179841199379236,-19.912688810115903
0.1875,-22.881020942214345,-13.127068038049636,-19.83039450224453
0.187744140625,-22.183485525030694,-13.072778011725916,-19.74637626066038
0.18798828125,-21.583753727042726,-13.016945696666253,-19.660609183697957
0.188232421875,-21.077718046112057,-12.959545367692662,-19.57306754763135
0.1884765625,-20.663835443900197,-12.900550979413026,-19.483724770936032
0.188720703125,-20.342321401796003,-12.839936147018193,-19.392553376691367
0.18896484375,-20.114550873834645,-12.777674126661688,-19.299524953003907
0.189208984375,-19.982604093711206,-12.71373779543163,-19.204610111323476
0.189453125,-19.948888563176116,-12.648099630926763,-19.107778442514334
0.189697265625,-20.01575202638273,-12.580731690451755,-19.008998470534635
0.18994140625,-20.184968924199865,-12.511605589850085,-18.908237603565752
0.190185546875,-20.456923664020387,-12.440692481997537,-18.80546208242275
0.1904296875,-20.82921442340283,-12.367963034983811,-18.700636926063645
0.190673828125,-21.294258779662098,-12.293387410016507,-18.59372587400285
0.19091796875,-21.835359399346252,-12.216935239088077,-18.484691325419238
0.191162109375,-22.420867020132967,-12.1385756024548,-18.373494274733567
0.19140625,-22.997361929951637,-12.058277005986724,-18.26009424341412
0.191650390625,-23.486466883400983,-11.976007358458263,-18.144449207750387
0.19189453125,-23.795300006205018,-11.891733948862534,-18.026515522316224
0.192138671875,-23.848509821301565,-11.805423423847285,-17.90624783882223
0.1923828125,-23.627688496688254,-11.717041765388325,-17.783599020035552
0.192626953125,-23.18222840593064,-11.626554268835939,-17.65852004842086
0.19287109375,-22.59973946436088,-11.53392552149404,-17.53095992913074
0.193115234375,-21.96665667293928,-11.439119381918289,-17.400865586946328
0.193359375,-21.347305244923408,-11.34209896015128,-17.26818175673997
0.193603515625,-20.781895224113654,-11.242826599149069,-17.132850867000645
0.19384765625,-20.29252579022649,-11.141263857694835,-16.99481291592974
0.194091796875,-19.889840573638846,-11.037371495144502,-16.854005339581054
0.1943359375,-19.577952932250025,-10.931109458404437,-16.71036287148191
0.194580078125,-19.357578423356085,-10.822436871606143,-16.56381739313537
0.19482421875,-19.22788718941152,-10.711312029017005,-16.414297774764478
0.195068359375,-19.18754993028592,-10.597692391812682,-16.261729705620795
0.1953125,-19.23529510627389,-10.48153458943522,-16.10603551313986
0.195556640625,-19.370163308799828,-10.362794426376315,-15.947133970188407
0.19580078125,-19.591554856196037,-10.241426895356833,-15.7849400896119
0.196044921875,-19.89910589338923,-10.117386198027145,-15.61936490525948
0.1962890625,-20.29238078864221,-9.990625774488985,-15.450315238636922
0.196533203125,-20.770320642049874,-9.861098343143397,-15.27769345032139
0.19677734375,-21.330327730533764,-9.728755952605141,-15.1013971752683
0.197021484375,-21.966787448126798,-9.593550047695539,-14.921319041153732
0.197265625,-22.66874673777771,-9.455431551840034,-14.737346368934876
0.197509765625,-23.4164617461822,-9.314350968558658,-14.549360854881899
0.19775390625,-24.176849434924932,-9.170258505156772,-14.357238233450996
0.197998046875,-24.899071569070404,-9.023104222204955,-14.16084792054198
0.1982421875,-25.51408541335485,-8.872838212953603,-13.960052636936735
0.198486328125,-25.94470734986804,-8.71941081746752,-13.754708012067645
0.19873046875,-26.129590972695816,-8.562772877002908,-13.54466216875502
0.198974609375,-26.050332683716636,-8.402876034994645,-13.329755290214587
0.19921875,-25.739532193086198,-8.2396730919915,-13.10981917153043
0.199462890625,-25.262224226784703,-8.073118422986985,-12.8846767589825
0.19970703125,-24.68834411964209,-7.9031684668586335,-12.654141682203885
0.199951171875,-24.07524586185987,-7.729782299067935,-12.418017786242707
0.2001953125,-23.463352154760454,-7.552922300401405,-12.176098673374865
0.200439453125,-22.878809095291054,-7.372554936368506,-11.92816726816422
0.20068359375,-22.3376462329217,-7.188651663923148,-11.673995424068382
0.200927734375,-21.849068992876717,-7.001189984452296,-11.413343596202544
0.201171875,-21.417474628139267,-6.810154664473269,-11.145960613169883
0.201416015625,-21.043504449531014,-6.6155391481864925,-10.871583591774744
0.20166015625,-20.72458334956556,-6.4173471889042535,-10.589938052773402
0.201904296875,-20.45536570406157,-6.215594729354727,-10.300738314676675
0.2021484375,-20.228451500015122,-6.010312063837144,-10.003688267437465
0.202392578125,-20.035658347294792,-5.801546318013038,-9.698482660520286
0.20263671875,-19.869971541478602,-5.589364284522945,-9.384809082847195
0.202880859375,-19.727999756293855,-5.373855654271975,-9.06235086868742
0.203125,-19.61240048968603,-5.155136683660105,-8.73079123791635
0.203369140625,-19.53350332455029,-4.93335433659359,-8.3898190765991
0.20361328125,-19.50942437096675,-4.708690935948768,-8.039136891338748
0.203857421875,-19.564196883335924,-4.481369351154973,-7.678471636567038
0.2041015625,-19.723239845534245,-4.251658735304554,-7.307589327633524
0.204345703125,-20.003826149359348,-4.019880804951905,-6.926314624625395
0.20458984375,-20.393735460044986,-3.7864166264621337,-6.534556911791029
0.204833984375,-20.804543070500866,-3.5517138320768114,-6.13234481000103
0.205078125,-20.997561670942297,-3.3162941343018777,-5.7198715374051226
0.205322265625,-20.587623351498017,-3.0807609364561834,-5.2975540429114965
0.20556640625,-19.34042280544982,-2.8458067485047205,-4.866109294711399
0.205810546875,-17.466322034370258,-2.612220010209501,-4.426651338193913
0.2060546875,-15.364306396221174,-2.380890800035666,-3.9808124198178048
0.206298828125,-13.300594777718679,-2.1528147736361856,-3.5308900485118233
0.20654296875,-11.386887161603159,-1.9290945406987707,-3.0800184571094964
0.206787109375,-9.654369389096745,-1.7109375706437857,-2.6323563053761094
0.20703125,-8.10253223321179,-1.4996496408468722,-2.193271223143584
0.207275390625,-6.720619872043518,-1.2966228377901916,-1.7694849741716876
0.20751953125,-5.495824194407364,-1.103317228885818,-1.3691216067317613
0.207763671875,-4.416133500970702,-0.9212355773243802,-1.0015803142242528
0.2080078125,-3.4711556277221485,-0.7518909014921039,-0.6771472018023139
0.208251953125,-2.65220885924061,-0.5967672901731036,-0.4062847474571577
0.20849609375,-1.9521736538177994,-0.4572751464643587,-0.19861184393553755
0.208740234375,-1.3652895004507064,-0.33470287449933134,-0.06170798572392468
0.208984375,-0.8869623233370991,-0.23016782596385024,0.0
0.209228515625,-0.5136023208817135,-0.14456993787612038,-0.014042550026648327
0.20947265625,-0.24249524620624524,-0.07855176518191745,-0.10042302406309553
0.209716796875,-0.07170448715103578,-0.032468423487160544,-0.2523228510423721
0.2099609375,0.0,-0.006370267425197035,-0.4605513255563218
0.210205078125,-0.026810449527828534,0.0,-0.7147486508033383
0.21044921875,-0.15219572507592757,-0.012804499960126083,-1.0044743014352457
0.210693359375,-0.37683792728283605,-0.04396019791547876,-1.320009792861283
0.2109375,-0.7020498129898506,-0.09240956959097535,-1.6528329541587892
0.211181640625,-1.1298005105576419,-0.15690544041104593,-1.9958096425886274
0.21142578125,-1.6627590675846438,-0.23605941199210567,-2.3431859633637795
0.211669921875,-2.3043570491787806,-0.3283908248762499,-2.6904634168748878
0.2119140625,-3.0588718980300813,-0.4323731704929215,-3.034220836807639
0.212158203125,-3.931532915166623,-0.5464756138254288,-3.371924983492744
0.21240234375,-4.928651104890195,-0.6691981307690351,-3.7017533204461066
0.212646484375,-6.057771841550687,-0.7990995679762798,-4.022439750373335
0.212890625,-7.327843420554689,-0.9348186074154374,-4.333146314386283
0.213134765625,-8.749380912913642,-1.075088118128644,-4.633359689004519
0.21337890625,-10.334574469282792,-1.2187436977923807,-4.922809439893561
0.213623046875,-12.097225127111813,-1.3647273671930265,-5.201404432528506
0.2138671875,-14.052247781873577,-1.51208741592018,-5.469183919445795
0.214111328125,-16.21417212119364,-1.659975345190868,-5.726280240984933
0.21435546875,-18.59342189165766,-1.8076407481842696,-5.972890582779312
0.214599609375,-21.187872667047102,-1.9544248372939854,-6.209255724809916
0.21484375,-23.965129191338814,-2.099753191337313,-6.435644149140273
0.215087890625,-26.82972692070227,-2.2431281669864047,-6.652340233544461
0.21533203125,-29.57738711349254,-2.3841213047928753,-6.859635548430067
0.215576171875,-31.871776479373622,-2.5223659642714553,-7.057822503394064
0.2158203125,-33.321252746389064,-2.65755034492284,-7.2471897678515536
0.216064453125,-33.69119057604314,-2.7894109894752357,-7.428019027444818
0.21630859375,-33.11431900004769,-2.917726819838588,-7.600582743090129
0.216552734375,-32.01549706543942,-3.0423137228301425,-7.765142659747504
0.216796875,-30.808383796483877,-3.163019679231865,-7.921948873067582
0.217041015625,-29.741744802609908,-3.279720413996957,-8.071239308491222
0.21728515625,-28.92918229608158,-3.3923155355675583,-8.213239502644877
0.217529296875,-28.41234317748931,-3.500725126764404,-8.348162603667697
0.2177734375,-28.19941147236094,-3.604886747334345,-8.476209527463748
0.218017578125,-28.279066928443882,-3.7047528080446943,-8.597569222347166
0.21826171875,-28.615253272175774,-3.800288277468691,-8.712419006314883
0.218505859375,-29.120983177366316,-3.891468684780312,-8.82092495013205
0.21875,-29.611825637852522,-3.978278384577019,-8.923242286223342
0.218994140625,-29.78878944057908,-4.0607090527015615,-9.019515828541246
0.21923828125,-29.383953671376467,-4.13875838504578,-9.109880392516933
0.219482421875,-28.415731577279082,-4.212428974267058,-9.194461207186169
0.2197265625,-27.15821294507686,-4.281727342149425,-9.27337431384591
0.219970703125,-25.87930449111301,-4.346663107951089,-9.346726947305157
0.22021484375,-24.727326424754658,-4.407248275476822,-9.414617897080959
0.220458984375,-23.76037667780277,-4.463496623788641,-9.477137846851837
0.220703125,-22.992225227794066,-4.515423188428304,-9.53436969119606
0.220947265625,-22.418903235870175,-4.563043821779276,-9.586388829168017
0.22119140625,-22.030764604917437,-4.606374822760899,-9.633263434647432
0.221435546875,-21.81743843518186,-4.645432627439561,-9.675054703668232
0.2216796875,-21.76972130399001,-4.680233553379552,-9.711817079123259
0.221923828125,-21.880222555313406,-4.710793591657172,-9.743598453367465
0.22216796875,-22.143522370039847,-4.737128241443742,-9.770440349323191
0.222412109375,-22.55613859855376,-4.759252382942228,-9.79237808073793
0.22265625,-23.116375960449666,-4.777180185253601,-9.80944089226804
0.222900390625,-23.82397514779616,-4.790925046467686,-9.821652080068986
0.22314453125,-24.679272186125832,-4.800499563931583,-9.829029093570432
0.223388671875,-25.681175480206345,-4.805915533259336,-9.831583619107926
0.2236328125,-26.822423387664816,-4.807183975220918,-9.829321646077219
0.223876953125,-28.07897993110761,-4.804315190196872,-9.822243516275918
0.22412109375,-29.388517438708487,-4.797318840417565,-9.810343957105843
0.224365234375,-30.61641171868732,-4.786204060732006,-9.793612099329989
0.224609375,-31.536643989390043,-4.770979599179786,-9.772031480118176
0.224853515625,-31.91205869456825,-4.751653989179271,-9.74558003217704
0.22509765625,-31.68619666984712,-4.728235755704422,-9.714230059852003
0.225341796875,-31.041318442782895,-4.700733658409096,-9.677948203216303
0.2255859375,-30.22624479637916,-4.66915697527967,-9.636695391335094
0.225830078125,-29.415027073325643,-4.6335158310611,-9.590426786120949
0.22607421875,-28.695761123063427,-4.593821575415419,-9.539091718494385
0.226318359375,-28.104591852770092,-4.5500872165409225,-9.482633618945142
0.2265625,-27.652618641066752,-4.502327916809463,-9.420989945077629
0.226806640625,-27.339522547332567,-4.450561557872127,-9.354092109341599
0.22705078125,-27.158646389617303,-4.394809383639683,-9.281865410928667
0.227294921875,-27.0972378871584,-4.335096730561737,-9.204228976795836
0.2275390625,-27.13368845597822,-4.271453855698378,-9.12109571800704
0.227783203125,-27.232995637141947,-4.203916874186405,-9.032372309124579
0.22802734375,-27.342841121640824,-4.132528818825305,-8.93795920031091
0.228271484375,-27.395687120313134,-4.057340835609056,-8.837750674212419
0.228515625,-27.324253239529956,-3.9784135300581442,-8.731634962711853
0.228759765625,-27.09059829693681,-3.895818480087927,-8.619494442403806
0.22900390625,-26.711328272056644,-3.8096399317870833,-8.501205932357834
0.229248046875,-26.25657630223366,-3.7199766947389206,-8.376641123618958
0.2294921875,-25.825255657577003,-3.626944253226821,-8.245667177250336
0.229736328125,-25.52084326238778,-3.5306771085961843,-8.10814753691029
0.22998046875,-25.443747805024653,-3.431331365915191,-7.963943013426958
0.230224609375,-25.69999525999637,-3.329087574529005,-7.812913213141374
0.23046875,-26.42097187399575,-3.224153826702572,-7.654918399609643
0.230712890625,-27.78219718593579,-3.1167691107797726,-7.489821900400439
0.23095703125,-29.89644765824178,-3.007206904550472,-7.317493198155614
0.231201171875,-31.568628637191175,-2.8957789801463885,-7.137811878911271
0.2314453125,-29.08552603006308,-2.782839373074016,-6.950672652131528
0.231689453125,-24.673602538947023,-2.6687884442516916,-6.7559917072693025
0.23193359375,-20.858920521845743,-2.554076934564975,-6.553714732105135
0.232177734375,-17.752958317558456,-2.439209876155014,-6.343826989410203
0.232421875,-15.176491752392964,-2.3247501835031943,-6.126365930507164
0.232666015625,-12.994577170182499,-2.21132170115525,-5.901436915196268
0.23291015625,-11.119371582147696,-2.099611435408543,-5.6692327022773625
0.233154296875,-9.492892718049935,-1.9903706475725258,-5.430057463280101
0.2333984375,-8.075477415461023,-1.8844144412695927,-5.184356135295215
0.233642578125,-6.839029405854024,-1.7826194423354726,-4.93274993521318
0.23388671875,-5.763049416825794,-1.6859191557972808,-4.67607875631805
0.234130859375,-4.832226524458749,-1.5952966003233262,-4.415450881675745
0.234375,-4.034924335627823,-1.5117738773238119,-4.152299866219973
0.234619140625,-3.3621977511418706,-1.4363984395373492,-3.8884474134707125
0.23486328125,-2.807135758657911,-1.370225989330104,-3.626169428326781
0.235107421875,-2.36441154599598,-1.3143001609565872,-3.36825999578482
0.2353515625,-2.029968752623158,-1.269629415689622,-3.1180847341361058
0.235595703125,-1.8007998431697982,-1.237161884870722,-2.879610948954042
0.23583984375,-1.6747885876131314,-1.217759202640116,-2.6573978676623784
0.236083984375,-1.6505982947499254,-1.212170636682407,-2.4565272486742997
0.236328125,-1.7275933612896428,-1.221009006465951,-2.28245492280722
0.236572265625,-1.9057852735620857,-1.2447299323048724,-2.1407699432642966
0.23681640625,-2.1857961660760297,-1.2836158562752575,-2.0368621091112966
0.237060546875,-2.568833706556965,-1.3377660103965405,-1.9755205349658709
0.2373046875,-3.0566704047747284,-1.4070930981009269,-1.96051138676226
0.237548828125,-3.6516180255003268,-1.4913269473904922,-1.9942031153301698
0.23779296875,-4.3564826934022545,-1.5900248525651088,-2.077312000497028
0.238037109375,-5.174476730776728,-1.7025878170059527,-2.2088230717593724
0.23828125,-6.109046059862928,-1.8282815059306494,-2.3861043733828806
0.238525390625,-7.163541567893084,-1.9662604597413134,-2.6051887429598803
0.23876953125,-8.340610102622545,-2.1155940238524122,-2.8611630501083765
0.239013671875,-9.641092891412848,-2.275292511387689,-3.14859132520876
0.2392578125,-11.06208500738418,-2.4443323012064937,-3.4619063041190095
0.239501953125,-12.593647100817464,-2.6216788431400455,-3.795725903882671
0.23974609375,-14.213610200156344,-2.80630684983449,-4.145076479735964
0.239990234375,-15.880466100802824,-2.997217259881368,-4.505525352430085
0.240234375,-17.52659004818183,-3.193450829565882,-4.873237621388533
0.240478515625,-19.058862393975865,-3.394098431974375,-5.244977117641289
0.24072265625,-20.37712023507478,-3.598308304850578,-5.618070821696854
0.240966796875,-21.409746896169754,-3.805290593710743,-5.9903527361653435
0.2412109375,-22.13923126641732,-4.014319591389994,-6.360099005885544
0.241455078125,-22.589756795187633,-4.224734089482757,-6.725962161420464
0.24169921875,-22.792239936436268,-4.435936241928994,-7.086909219965762
0.241943359375,-22.765919213791324,-4.647389306394531,-7.442166102405656
0.2421875,-22.528556924186205,-4.858614583607691,-7.791169309117883
0.242431640625,-22.11517028664035,-5.069187825016362,-8.133524866046058
0.24267578125,-21.582273405768582,-5.278735329705371,-8.468974034976418
0.242919921875,-20.995199404745975,-5.486929905495625,-8.797365037075668
0.2431640625,-20.41222044934823,-5.693486828252339,-9.118629962321451
0.243408203125,-19.876030514628923,-5.898159898404618,-9.432766057600428
0.24365234375,-19.413045150750325,-6.100737664592389,-9.739820656120626
0.243896484375,-19.03653908289405,-6.301039860858447,-10.039879101462919
0.244140625,-18.750435898932142,-6.498914085302431,-10.333055114226221
0.244384765625,-18.55240198676343,-6.694232733922686,-10.619483138736252
0.24462890625,-18.436017750929416,-6.886890192781584,-10.899312287403317
0.244873046875,-18.392217419315664,-7.076800283978607,-11.172701569575247
0.2451171875,-18.410262581701776,-7.26389395560502,-11.439816150229241
0.245361328125,-18.47847146581256,-7.448117202373301,-11.70082443246848
0.24560546875,-18.584857682580896,-7.629429201531202,-11.95589579774063
0.245849609375,-18.717764338915977,-7.807800647632241,-12.205198870254236
0.24609375,-18.866516342817807,-7.983212269460634,-12.448900198449785
0.246337890625,-19.022058787785234,-8.155653512674522,-12.68716326766443
0.24658203125,-19.177510826631725,-8.325121372366517,-12.920147775250534
0.246826171875,-19.328552670686495,-8.491619360611402,-13.148009113150882
0.2470703125,-19.473582781489604,-8.655156595082554,-13.370898013953873
0.247314453125,-19.613625727513643,-8.815746995896166,-13.588960325278379
0.24755859375,-19.752021062487223,-8.973408578936139,-13.80233688440782
0.247802734375,-19.893961111302076,-9.128162834985464,-14.011163470752185
0.248046875,-20.045960269135136,-9.280034185019307,-14.215570818250004
0.248291015625,-20.215331630987258,-9.429049502984798,-14.415684673452606
0.24853515625,-20.40972753123389,-9.57523769829358,-14.61162588794082
0.248779296875,-20.6367790189417,-9.718629351084132,-14.803510536055903
0.2490234375,-20.90385219548355,-9.85925639406761,-14.99145005079435
0.249267578125,-21.217929294535086,-9.997151835458846,-15.175551372214615
0.24951171875,-21.5856191222051,-10.132349518112937,-15.35591710390422
0.249755859375,-22.01330337989822,-10.264883910545135,-15.532645674018944
0.25,-22.507430323378582,-10.394789926009008,-15.705831498177016
0.250244140625,-23.074972584715354,-10.522102766252486,-15.875565142109494
0.25048828125,-23.724068163317817,-10.646857786965862,-16.041933482461708
0.250732421875,-24.4648558084981,-10.769090382287354,-16.205019864536354
0.2509765625,-25.310481365662753,-10.888835886042614,-16.364904256083822
0.251220703125,-26.278139454940458,-11.006129487669543,-16.521663396495498
0.25146484375,-27.389661340127528,-11.121006161023772,-16.67537094095541
0.251708984375,-28.670022453335342,-11.233500604474639,-16.82609759926225
0.251953125,-30.138435515230366,-11.343647190891668,-16.973911269157767
0.252197265625,-31.775139684717626,-11.451479926288625,-17.118877164093533
0.25244140625,-33.4202651998707,-11.557032416039943,-17.261057935443283
0.252685546875,-34.58319426236651,-11.660337837714357,-17.400513789225265
0.2529296875,-34.56292592136294,-11.761428919685383,-17.537302597442235
0.253173828125,-33.353324206111395,-11.860337924778744,-17.671480004178825
0.25341796875,-31.662834552288118,-11.957096638306153,-17.80309952661908
0.253662109375,-30.002709795662064,-12.051736359913274,-17.932212651163443
0.25390625,-28.548654952191033,-12.144287898738057,-18.058868924834044
0.254150390625,-27.331530530382565,-12.23478157143708,-18.18311604216364
0.25439453125,-26.340834467673524,-12.323247202690382,-18.30499992776589
0.254638671875,-25.55910001182702,-12.409714127842975,-18.42456481478427
0.2548828125,-24.971541939499943,-12.494211197382102,-18.54185331941452
0.255126953125,-24.568278763144342,-12.57676678298627,-18.65690651169175
0.25537109375,-24.34460502658382,-12.657408784913999,-18.769763982728183
0.255615234375,-24.300991409396815,-12.736164640528873,-18.880463908581632
0.255859375,-24.443360627318718,-12.813061333781967,-18.989043110928137
0.256103515625,-24.78389058757358,-12.888125405495057,-19.09553711470536
0.25634765625,-25.34257509348238,-12.961382964307402,-19.199980202886678
0.256591796875,-26.14983443583407,-13.032859698165538,-19.30240546853778
0.2568359375,-27.250382382393244,-13.102580886250914,-19.40284486430147
0.257080078125,-28.707260176349966,-13.17057141125318,-19.501329249448553
0.25732421875,-30.5965187408652,-13.236855771908688,-19.5978884346262
0.257568359375,-32.93401899845724,-13.301458095733675,-19.69255122442822
0.2578125,-35.25490543501147,-13.364402151890973,-19.78534545790521
0.258056640625,-35.7826833646591,-13.425711364136546,-19.87629804712635
0.25830078125,-33.84971541420699,-13.485408823799492,-19.965435013898777
0.258544921875,-31.378096837275308,-13.543517302754669,-20.052781524744226
0.2587890625,-29.284444715219628,-13.600059266352847,-20.138361924227763
0.259033203125,-27.651902349698144,-13.65505688627779,-20.222199766727936
0.25927734375,-26.41206675039672,-13.708532053303479,-20.30431784673266
0.259521484375,-25.496854820683915,-13.760506389928505,-20.38473822774079
0.259765625,-24.85696103196436,-13.811001262867482,-20.46348226984459
0.260009765625,-24.459283453055754,-13.860037795382178,-20.540570656064467
0.26025390625,-24.282773639663546,-13.907636879437,-20.616023417503058
0.260498046875,-24.315474761639425,-13.953819187665779,-20.689859957382417
0.2607421875,-24.5527997979379,-13.998605185138185,-20.76209907402407
0.260986328125,-24.996816817128284,-14.042015140915723,-20.832758982829183
0.26123046875,-25.656435956131993,-14.084069139388207,-20.90185733731203
0.261474609375,-26.54860804742396,-14.124787091382792,-20.969411249237872
0.26171875,-27.700965825335714,-14.164188745038384,-21.035437307913188
0.261962890625,-29.156930786677293,-14.202293696438817,-21.09995159867376
0.26220703125,-30.985584002096857,-14.239121399998817,-21.162969720613614
0.262451171875,-33.30153322496181,-14.274691178597095,-21.22450680359584
0.2626953125,-36.30588108302597,-14.3090222334512,-21.284577524583725
0.262939453125,-40.34869273919419,-14.342133653728947,-21.343196123329218
0.26318359375,-45.47022794745362,-14.37404442589136,-21.400376417453334
0.263427734375,-46.329621849009406,-14.404773442762028,-21.456131816951757
0.263671875,-42.44294738139017,-14.43433951231791,-21.51047533815719
0.263916015625,-39.486585510027076,-14.462761366196288,-21.56341961718827
0.26416015625,-37.468419692008005,-14.490057667912662,-21.614976922913726
0.264404296875,-35.9642889408193,-14.5162470207841,-21.665159169458978
0.2646484375,-34.70285542170349,-14.541347975552345,-21.71397792828114
0.264892578125,-33.525037500739664,-14.565379037700843,-21.761444439837256
0.26513671875,-32.35859204849954,-14.588358674459451,-21.807569624869533
0.265380859375,-31.19649720590113,-14.610305321490586,-21.85236409533036
0.265625,-30.0678833037567,-14.631237389249964,-21.895838164968808
0.265869140625,-29.011123654032176,-14.651173269015143,-21.93800185959971
0.26611328125,-28.058417347698224,-14.67013133857461,-21.978864927075396
0.266357421875,-27.231290997602716,-14.688129967569958,-22.01843684697951
0.2666015625,-26.54182849330737,-14.705187522483474,-22.056726840061643
0.266845703125,-25.995517664032842,-14.721322371263197,-22.093743877430896
0.26708984375,-25.59384575439352,-14.736552887577332,-22.129496689525936
0.267333984375,-25.33616109440405,-14.75089745468972,-22.16399377487854
0.267578125,-25.220861974001664,-14.764374468947887,-22.197243408687072
0.267822265625,-25.24609898308527,-14.777002342875136,-22.229253651216187
0.26806640625,-25.410157374648175,-14.788799507858062,-22.26003235603835
0.268310546875,-25.711636292874015,-14.79978441642084,-22.289587178132525
0.2685546875,-26.149497109238165,-14.809975544077636,-22.317925581855178
0.268798828125,-26.723017312257976,-14.819391390754667,-22.345054848798483
0.26904296875,-27.431649364822658,-14.828050481773458,-22.370982085550054
0.269287109375,-28.274720533071243,-14.83597136838712,-22.395714231368867
0.26953125,-29.250760391311022,-14.843172627861772,-22.4192580657915
0.269775390625,-30.355864760200557,-14.849672863095476,-22.441620216182756
0.27001953125,-31.57957485232973,-14.85549070176754,-22.462807165244826
0.270263671875,-32.894677913193945,-14.86064479501156,-22.482825258498877
0.2705078125,-34.23392449633966,-14.865153815606062,-22.50168071175309
0.270751953125,-35.4474649442479,-14.869036455677369,-22.519379618571
0.27099609375,-36.26815447869029,-14.872311423909979,-22.535927957754332
0.271240234375,-36.40175550323056,-14.87499744226061,-22.55133160085423
0.271484375,-35.78496038249475,-14.87711324217308,-22.565596319725117
0.271728515625,-34.66030177190977,-14.878677560291973,-22.578727794135563
0.27197265625,-33.333266204302994,-14.879709133674496,-22.590731619450395
0.272216796875,-32.00090653009053,-14.880226694500795,-22.601613314398943
0.2724609375,-30.756010841110303,-14.880248964284563,-22.611378328944056
0.272705078125,-29.634427232174055,-14.879794647586957,-22.62003205226702
0.27294921875,-28.64651616323365,-14.878882425238489,-22.62757982088372
0.273193359375,-27.792155763951207,-14.877530947074957,-22.634026926907566
0.2734375,-27.0671549456671,-14.875758824195264,-22.6393786264752
0.273681640625,-26.46587949987886,-14.873584620750574,-22.643640148351025
0.27392578125,-25.98229124268724,-14.871026845276106,-22.64681670272732
0.274169921875,-25.610326897843294,-14.86810394157872,-22.648913490236666
0.2744140625,-25.343999377429675,-14.86483427919534,-22.649935711194125
0.274658203125,-25.17738117495414,-14.861236143439147,-22.649888575086838
0.27490234375,-25.104539848981148,-14.857327725052674,-22.648777310329002
0.275146484375,-25.119460802575073,-14.853127109488646,-22.64660717430099
0.275390625,-25.215981071961295,-14.84865226584179,-22.643383463691325
0.275634765625,-25.387756657159066,-14.843921035456543,-22.63911152516105
0.27587890625,-25.628289184919765,-14.838951120237914,-22.633796766350184
0.276123046875,-25.931041706107166,-14.83376007069455,-22.627444667246625
0.2763671875,-26.289674646715643,-14.828365273745153,-22.62006079193807
0.276611328125,-26.698427523434383,-14.822783940321196,-22.61165080076811
0.27685546875,-27.152656998729622,-14.8170330928009,-22.602220462918005
0.277099609375,-27.649517599936473,-14.811129552311009,-22.591775669435904
0.27734375,-28.188744858371173,-14.805089925934684,-22.580322446735973
0.277587890625,-28.773486273222275,-14.798930593865364,-22.567866970589613
0.27783203125,-29.411142340892226,-14.79266769654777,-22.55441558063197
0.278076171875,-30.114244640680553,-14.786317121848619,-22.539974795406515
0.2783203125,-30.901521877554575,-14.779894492300592,-22.5245513279709
0.278564453125,-31.79950521025988,-14.773415152464079,-22.5081521020875
0.27880859375,-32.8453646223242,-14.7668941564519,-22.490784269021653
0.279052734375,-34.09235699839086,-14.760346255662773,-22.47245522497096
0.279296875,-35.62093948181767,-14.753785886769515,-22.453172629148384
0.279541015625,-37.56333340377612,-14.747227160008086,-22.432944422541652
0.27978515625,-40.16503742755763,-14.740683847813346,-22.411778847371085
0.280029296875,-43.970082007330966,-14.734169373847084,-22.389684467266953
0.2802734375,-50.44388089308434,-14.727696802463019,-22.366670188186966
0.280517578125,-53.586067503933094,-14.721278828652725,-22.342745280092814
0.28076171875,-45.84927175963379,-14.714927768515079,-22.317919399403998
0.281005859375,-41.4179978858443,-14.70865555029054,-22.29220261224484
0.28125,-38.55856207721712,-14.70247370599973,-22.265605418499117
0.281494140625,-36.52220606433426,-14.696393363723836,-22.238138776684107
0.28173828125,-35.00060777924013,-14.690425240562302,-22.209814129653328
0.281982421875,-33.84020959677518,-14.684579636300672,-22.18064343113399
0.2822265625,-32.95392953214774,-14.678866427818882,-22.150639173101805
0.282470703125,-32.28763175395881,-14.673295064267414,-22.119814413991396
0.28271484375,-31.80523609631274,-14.667874563035738,-22.0881828077362
0.282958984375,-31.48128704822048,-14.662613506534093,-22.055758633626418
0.283203125,-31.296845950968667,-14.65752003980647,-22.022556826967552
0.283447265625,-31.23689926178319,-14.652601868988963,-21.988593010515668
0.28369140625,-31.288297585762955,-14.647866260624223,-21.953883526658046
0.283935546875,-31.437475339207715,-14.643320041838814,-21.918445470299783
0.2841796875,-31.66716345728753,-14.638969601386718,-21.882296722407794
0.284423828125,-31.951215623120373,-14.6348208915583,-21.845455984153894
0.28466796875,-32.24702556692865,-14.630879430950243,-21.80794281158753
0.284912109375,-32.48712822419775,-14.627150308088197,-21.76977765075682
0.28515625,-32.57731858378153,-14.623638185890064,-21.730981873183815
0.285400390625,-32.41543894528646,-14.620347306954248,-21.691577811585496
0.28564453125,-31.936404170233853,-14.617281499653432,-21.651588795716737
0.285888671875,-31.15343300118806,-14.614444185011148,-21.6110391881954
0.2861328125,-30.151274656519828,-14.611838384334852,-21.56995442015188
0.286376953125,-29.038999771811046,-14.609466727576217,-21.528361026526532
0.28662109375,-27.909344697790004,-14.607331462386187,-21.486286680818925
0.286865234375,-26.825536543229497,-14.605434463829576,-21.443760229071206
0.287109375,-25.825504394311064,-14.603777244721465,-21.40081172284645
0.287353515625,-24.93036115823312,-14.602360966545087,-21.35747245093906
0.28759765625,-24.151432082760863,-14.601186450908958,-21.31377496953092
0.287841796875,-23.494893160570744,-14.600254191499001,-21.269753130481934
0.2880859375,-22.96459037113155,-14.599564366479775,-21.225442107418647
0.288330078125,-22.563742765360928,-14.599116851297634,-21.180878419259116
0.28857421875,-22.296042710604947,-14.598911231837429,-21.13609995078654
0.288818359375,-22.166488837148798,-14.598946817883627,-21.09114596985931
0.2890625,-22.18218350981262,-14.599222656836071,-21.046057140820366
0.289306640625,-22.353294201982948,-14.599737547630333,-21.00087553364572
0.28955078125,-22.694416575230246,-14.600490054812568,-20.955644628349937
0.289794921875,-23.226714759698787,-14.601478522718894,-20.91040931414735
0.2900390625,-23.981545237425486,-14.60270108970992,-20.865215882850695
0.290283203125,-25.007061500120876,-14.604155702411505,-20.820112015975724
0.29052734375,-26.381352737042324,-14.605840129913892,-20.77514676501174
0.290771484375,-28.24178893684961,-14.607751977882394,-20.730370524313287
0.291015625,-30.862365864740514,-14.609888702534077,-20.685834996070756
0.291259765625,-34.91839246326879,-14.612247624436389,-20.641593146825397
0.29150390625,-42.92628128049584,-14.614825942085332,-20.5976991550108
0.291748046875,-44.78142416529142,-14.617620745222517,-20.554208349026446
0.2919921875,-35.58487147204024,-14.620629027852424,-20.511177135382876
0.292236328125,-31.146375283714054,-14.62384770092316,-20.46866291650081
0.29248046875,-28.303051283436957,-14.62727360463624,-20.42672399780085
0.292724609375,-26.26636932494051,-14.630903520353026,-20.38541948378509
0.29296875,-24.726813846209936,-14.634734182067943,-20.344809162888666
0.293212890625,-23.530466552195357,-14.638762287420723,-20.304953380967817
0.29345703125,-22.58897173409876,-14.642984508222568,-20.265912903391204
0.293701171875,-21.846343477152423,-14.647397500473376,-20.227748765813246
0.2939453125,-21.26440210345524,-14.651997913849769,-20.190522113831207
0.294189453125,-20.81559046346099,-14.656782400645954,-20.154294031861287
0.29443359375,-20.479135033294,-14.661747624152124,-20.119125361711262
0.294677734375,-20.23888716996254,-14.666890266457312,-20.085076511477457
0.294921875,-20.082079339006384,-14.67220703566616,-20.05220725554938
0.295166015625,-19.998609891095505,-14.677694672521419,-20.02057652666481
0.29541015625,-19.98064214635622,-14.68334995642623,-19.99024220111797
0.295654296875,-20.022387173974398,-14.689169710862668,-19.961260878381125
0.2958984375,-20.119984257875924,-14.69515080820507,-19.933687656553012
0.296142578125,-20.271421221130254,-14.701290173928982,-19.90757590519059
0.29638671875,-20.476458900803518,-14.707584790218496,-19.882977037212747
0.296630859375,-20.73654395067981,-14.714031698976891,-19.859940281679645
0.296875,-21.0547119964783,-14.72062800424732,-19.838512459347825
0.297119140625,-21.435497666726164,-14.727370874052177,-19.818737762974227
0.29736328125,-21.884878054397035,-14.734257541661556,-19.80065754438979
0.297607421875,-22.410281765712977,-14.741285306302858,-19.78431011038174
0.2978515625,-23.020698017383392,-14.748451533325264,-19.769730529411966
0.298095703125,-23.726920313868742,-14.755753653834171,-19.756950451154257
0.29833984375,-24.541955323554312,-14.76318916381228,-19.74599794075569
0.298583984375,-25.481608371840533,-14.770755622745176,-19.736897329617154
0.298828125,-26.565181747307562,-14.778450651770596,-19.729669084344845
0.299072265625,-27.815956144050237,-14.786271931371688,-19.724329695350995
0.29931640625,-29.260222231321976,-14.794217198635591,-19.720891586380905
0.299560546875,-30.920590266823602,-14.802284244099651,-19.71936304601648
0.2998046875,-32.789395791582024,-14.810470908208499,-19.719748181959904
0.300048828125,-34.7415999732744,-14.818775077405943,-19.72204689863744
0.30029296875,-36.33877889917918,-14.827194679886302,-19.726254898390053
0.300537109375,-36.823446137694944,-14.835727681030527,-19.73236370623741
0.30078125,-36.00322417433896,-14.844372078552848,-19.740360717923355
0.301025390625,-34.570259355795294,-14.853125897384183,-19.750229270677433
0.30126953125,-33.11338620734459,-14.861987184318853,-19.76194873586528
0.301513671875,-31.843043891667765,-14.870954002451434,-19.77549463245544
0.3017578125,-30.794746453107255,-14.880024425430719,-19.790838760005972
0.302001953125,-29.953571867337125,-14.88919653155788,-19.807949349675052
0.30224609375,-29.295627639025117,-14.898468397755886,-19.82679123158922
0.302490234375,-28.79917636559255,-14.907838093437151,-19.84732601676271
0.302734375,-28.446614716776754,-14.917303674296292,-19.869512291654264
0.302978515625,-28.223825942926904,-14.926863176054542,-19.893305823372835
0.30322265625,-28.118724644985367,-14.936514608182115,-19.918659773503105
0.303466796875,-28.119362141305828,-14.946255947624325,-19.945524918511897
0.3037109375,-28.21148403828838,-14.956085132556984,-19.973849874718592
0.303955078125,-28.375297444229215,-14.96600005619576,-20.003581325862246
0.30419921875,-28.58137954508421,-14.975998560683866,-20.03466425137377
0.304443359375,-28.786459436737637,-14.986078431081504,-20.067042153559633
0.3046875,-28.931675921129564,-14.996237389479951,-20.100657282020652
0.304931640625,-28.94832164723728,-15.006473089262169,-20.13545085376229
0.30517578125,-28.77530447049811,-15.016783109531026,-20.171363267597687
0.305419921875,-28.38331635164643,-15.027164949725355,-20.20833431159772
0.3056640625,-27.78860780013565,-15.037616024442887,-20.246303362500772
0.305908203125,-27.04376312065957,-15.048133658488261,-20.28520957615482
0.30615234375,-26.214021654569024,-15.058715082163072,-20.32499206822335
0.306396484375,-25.35727841792687,-15.069357426813884,-20.365590084542333
0.306640625,-24.51578257287928,-15.080057720652881,-20.406943160664262
0.306884765625,-23.716514597260584,-15.09081288486475,-20.448991270267683
0.30712890625,-22.974901807822437,-15.101619730011969,-20.491674962242502
0.307373046875,-22.298695473581645,-15.112474952749633,-20.534935486383805
0.3076171875,-21.690940522859567,-15.12337513285952,-20.57871490773755
0.307861328125,-21.15197567574897,-15.13431673061188,-20.622956209740817
0.30810546875,-20.680697159883053,-15.14529608446211,-20.667603386386677
0.308349609375,-20.275330581740256,-15.156309409088227,-20.712601523719144
0.30859375,-19.933893720271342,-15.167352793773677,-20.757896871027665
0.308837890625,-19.65447120628257,-15.178422201138806,-20.803436902163615
0.30908203125,-19.435376936777672,-15.189513466223053,-20.849170367443367
0.309326171875,-19.275250677440024,-15.200622295918528,-20.895047336635095
0.3095703125,-19.173117132250052,-15.211744268754654,-20.94101923354995
0.309814453125,-19.12842483408126,-15.222874835032092,-20.98703886277327
0.31005859375,-19.141075776890954,-15.234009317303219,-21.03306042907939
0.310302734375,-19.211453029609665,-15.245142911195106,-21.079039550074853
0.310546875,-19.340451603981702,-15.256270686570037,-21.12493326261006
0.310791015625,-19.52951700240092,-15.267387589017396,-21.170700023490493
0.31103515625,-19.780695842632515,-15.278488441669921,-21.216299705004552
0.311279296875,-20.096703631665132,-15.289567947336229,-21.26169358576856
0.3115234375,-20.48101617378226,-15.300620690940745,-21.306844337369405
0.311767578125,-20.93799341380366,-15.311641142261323,-21.351716007263878
0.31201171875,-21.473048042660714,-15.32262365895404,-21.396273998369864
0.312255859375,-22.092876390967415,-15.333562489853971,-21.440485045760408
0.3125,-22.805776582780787,-15.34445177854014,-21.484317190846266
0.312744140625,-23.62208901795558,-15.355285567152272,-21.527739753407367
0.31298828125,-24.554806032957835,-15.366057800446399,-21.57072330180773
0.313232421875,-25.62040437580532,-15.376762330076039,-21.61323962170369
0.3134765625,-26.839928040829225,-15.387392919085263,-21.655261683530686
0.313720703125,-28.24018488537785,-15.3979432465996,-21.696763609029716
0.31396484375,-29.854225049434085,-15.408406912700606,-21.73772063705185
0.314208984375,-31.717541382723965,-15.418777443469674,-21.77810908885732
0.314453125,-33.84596130528524,-15.42904829618659,-21.81790633310442
0.314697265625,-36.145053913327516,-15.439212864668297,-21.857090750704145
0.31494140625,-38.14407799432009,-15.449264484733291,-21.895641699697403
0.315185546875,-38.84558268394499,-15.459196439777259,-21.93353948029472
0.3154296875,-37.94393578151369,-15.469001966445576,-21.970765300201688
0.315673828125,-36.37627428410927,-15.47867426038854,-22.007301240338553
0.31591796875,-34.84043060175588,-15.4882064820854,-22.043130221048276
0.316162109375,-33.52377078000402,-15.497591762723584,-22.07823596887476
0.31640625,-32.42414517071,-15.506823210119743,-22.112602983980963
0.316650390625,-31.49664007162474,-15.51589391466971,-22.146216508265866
0.31689453125,-30.69360328695692,-15.524796955314773,-22.17906249422972
0.317138671875,-29.973881190193957,-15.533525405512112,-22.211127574627948
0.3173828125,-29.304676281919406,-15.542072339197809,-22.242399032946018
0.317626953125,-28.66183207538279,-15.550430836731115,-22.272864774720567
0.31787109375,-28.02962297716673,-15.558593990809413,-22.302513299725646
0.318115234375,-27.400017143143973,-15.566554912343655,-22.331333675037044
0.318359375,-26.771346043837166,-15.574306736284694,-22.359315508982625
0.318603515625,-26.146556059205935,-15.581842627391445,-22.386448925982442
0.31884765625,-25.53138747275137,-15.589155785932427,-22.41272454227783
0.319091796875,-24.932810133942542,-15.596239453312723,-22.438133442545958
0.3193359375,-24.35789749265474,-15.603086917619107,-22.462667157392914
0.319580078125,-23.81315547100432,-15.609691519076502,-22.486317641715942
0.31982421875,-23.30421557385049,-15.616046655409688,-22.50907725392355
0.320068359375,-22.835765784550823,-15.622145787104563,-22.530938736000024
0.3203125,-22.411604676465746,-15.627982442564043,-22.551895194399787
0.320556640625,-22.03473515672463,-15.633550223154039,-22.571940081755585
0.32080078125,-21.70744547965129,-15.638842808135623,-22.59106717938365
0.321044921875,-21.43134865054289,-15.643853959480019,-22.609270580568307
0.3212890625,-21.20736600993483,-15.648577526563543,-22.62654467460799
0.321533203125,-21.03564866361852,-15.653007450740136,-22.64288413160425
0.32177734375,-20.915434503667694,-15.657137769789625,-22.658283887975177
0.322021484375,-20.84484211987247,-15.660962622240387,-22.672739132675016
0.322265625,-20.820609522123313,-15.664476251565368,-22.686245294101134
0.322509765625,-20.837799400076044,-15.667673010251114,-22.698798027670712
0.32275390625,-20.889517893492233,-15.67054736373958,-22.710393204048867
0.322998046875,-20.966732828730752,-15.67309389424316,-22.7210268980113
0.3232421875,-21.058325223407486,-15.675307304433563,-22.73069537792434
0.323486328125,-21.151544210813388,-15.67718242100559,-22.73939509582621
0.32373046875,-21.233018565942036,-15.678714198117184,-22.74712267809395
0.323974609375,-21.29035595226486,-15.679897720707467,-22.753874916681013
0.32421875,-21.31411791722806,-15.680728207694676,-22.759648760911414
0.324462890625,-21.299679149344485,-15.681201015056285,-22.764441309817034
0.32470703125,-21.248353610421063,-15.681311638793789,-22.768249805005407
0.324951171875,-21.167360336935452,-15.68105571778483,-22.77107162404651
0.3251953125,-21.068654368308977,-15.680429036525593,-22.772904274367413
0.325439453125,-20.967085145696828,-15.679427527766588,-22.773745387645103
0.32568359375,-20.87850189817438,-15.678047275045008,-22.773592714688323
0.325927734375,-20.818275694448722,-15.67628451511716,-22.772444120800376
0.326171875,-20.800425372888686,-15.674135640294416,-22.770297581615853
0.326416015625,-20.837302798160643,-15.67159720068635,-22.767151179405083
0.32666015625,-20.93968468970097,-15.6686659063548,-22.76300309984117
0.326904296875,-21.11711145568682,-15.665338629382644,-22.75785162922557
0.3271484375,-21.37835619674377,-15.661612405861142,-22.7516951521691
0.327392578125,-21.73196001496835,-15.657484437799758,-22.74453214972615
0.32763671875,-22.186815099837123,-15.652952094962378,-22.736361197981463
0.327880859375,-22.752811423127856,-15.648012916633862,-22.727180967089215
0.328125,-23.441588595239246,-15.642664613320903,-22.716990220765766
0.328369140625,-24.267452060852236,-15.636905068391076,-22.705787816238335
0.32861328125,-25.248510095139043,-15.630732339653981,-22.693572704652972
0.328857421875,-26.408007228454938,-15.624144660888387,-22.68034393194645
0.3291015625,-27.775448012122375,-15.617140443319137,-22.66610064018772
0.329345703125,-29.3855743016797,-15.609718277047584,-22.650842069395935
0.32958984375,-31.26731138109163,-15.60187693243925,-22.634567559843084
0.329833984375,-33.392713282864655,-15.593615361472295,-22.61727655485071
0.330078125,-35.496317195372775,-15.584932699050293,-22.598968604091137
0.330322265625,-36.756472439880895,-15.575828264282777,-22.579643367405346
0.33056640625,-36.3516463862254,-15.566301561736752,-22.559300619150463
0.330810546875,-34.844603519302105,-15.556352282662507,-22.537940253091616
0.3310546875,-33.17449843346604,-15.545980306196611,-22.51556228785384
0.331298828125,-31.710377792654477,-15.535185700545176,-22.49216687295155
0.33154296875,-30.510188633886102,-15.523968724150068,-22.46775429541404
0.331787109375,-29.549522505551234,-15.512329826840752,-22.442324987027277
0.33203125,-28.792443377187745,-15.500269650974188,-22.415879532213584
0.332275390625,-28.208012119673953,-15.487789032565203,-22.388418676572236
0.33251953125,-27.772782389024776,-15.474889002409347,-22.359943336105527
0.332763671875,-27.47015958780746,-15.46157078720027,-22.33045460715644
0.3330078125,-27.289350248124112,-15.447835810643422,-22.299953777085637
0.333251953125,-27.224525561216808,-15.433685694567545,-22.2684423357167
0.33349609375,-27.274301835409315,-15.419122260035467,-22.23592198758062
0.333740234375,-27.441536562312585,-15.404147528455265,-22.202394664991672
0.333984375,-27.73344616323619,-15.38876372269277,-22.16786254198835
0.334228515625,-28.16208859367423,-15.37297326818619,-22.132328049174937
0.33447265625,-28.745293274887317,-15.356778794063233,-22.09579388950028
0.334716796875,-29.508121843444588,-15.340183134261046,-22.058263055012016
0.3349609375,-30.48474333668254,-15.323189328648976,-22.019738844625962
0.335205078125,-31.71950139212802,-15.305800624153758,-21.980224882951354
0.33544921875,-33.260820515924664,-15.288020475886725,-21.939725140214193
0.335693359375,-35.118773665035036,-15.269852548272127,-21.898243953321746
0.3359375,-37.07233098590232,-15.251300716175411,-21.855786048112247
0.336181640625,-38.18388266507401,-15.232369066030149,-21.812356562834793
0.33642578125,-37.29707249086398,-15.213061896961733,-21.767961072904537
0.336669921875,-35.12412089740893,-15.193383721905837,-21.72260561697906
0.3369140625,-32.85443759969953,-15.173339268719296,-21.67629672440148
0.337158203125,-30.873597703417115,-15.152933481280526,-21.629041444055584
0.33740234375,-29.20928415316162,-15.13217152057644,-21.580847374677518
0.337646484375,-27.815932660898497,-15.111058765772432,-21.531722696667668
0.337890625,-26.64494385077807,-15.08960081526142,-21.481676205444135
0.338134765625,-25.65668733121438,-15.067803487687772,-21.430717346377342
0.33837890625,-24.820304145071013,-15.04567282294147,-21.37885625134233
0.338623046875,-24.111621098249056,-15.02321508311725,-21.326103776921308
0.3388671875,-23.511275630485457,-15.000436753433416,-21.272471544284883
0.339111328125,-23.003350877881275,-14.977344543104111,-21.217971980774518
0.33935546875,-22.574460745230674,-14.953945386158747,-21.162618363202288
0.339599609375,-22.21318283442838,-14.930246442201678,-21.106424862876707
0.33984375,-21.909754625878023,-14.906255097104655,-21.049406592353456
0.340087890625,-21.655966789036576,-14.881978963624194,-20.99157965390011
0.34033203125,-21.445196517367474,-14.857425881935587,-20.932961189651763
0.340576171875,-21.272525346360453,-14.832603920074483,-20.87356943341998
0.3408203125,-21.13488559315339,-14.807521374276751,-20.81342376410251
0.341064453125,-21.03118337652984,-14.782186769206735,-20.752544760623223
0.34130859375,-20.9623581785643,-14.756608858063275,-20.690954258311006
0.341552734375,-20.931359141487626,-14.730796622552734,-20.62867540660506
0.341796875,-20.943042373384113,-14.704759272717347,-20.565732727947964
0.342041015625,-21.004014423355205,-14.678506246606899,-20.502152177700523
0.34228515625,-21.122458069528637,-14.652047209781298,-20.43796120488235
0.342529296875,-21.307973257604907,-14.625392054630755,-20.37318881350723
0.3427734375,-21.57144535472229,-14.598550899500147,-20.307865624246894
0.343017578125,-21.92490785384952,-14.571534087603483,-20.24202393611608
0.34326171875,-22.381275219708854,-14.544352185713855,-20.175697787828707
0.343505859375,-22.953623497239306,-14.517015982613886,-20.10892301842858
0.34375,-23.6532432707757,-14.489536487291366,-20.041737326748702
0.343994140625,-24.484649998246987,-14.46192492686404,-19.97418032919972
0.34423828125,-25.433541966086004,-14.434192744217588,-19.906293615333674
0.344482421875,-26.440441268182703,-14.406351595340073,-19.838120800569822
0.3447265625,-27.355551124181446,-14.378413346336155,-19.769707575410187
0.344970703125,-27.9103714307487,-14.350390070104105,-19.701101750410178
0.34521484375,-27.82931384853395,-14.322294042658283,-19.63235329610672
0.345458984375,-27.086271745813878,-14.294137739079805,-19.563514377044175
0.345703125,-25.936090985508223,-14.26593382907817,-19.494639378976387
0.345947265625,-24.664768626668057,-14.237695172146335,-19.425784928263386
0.34619140625,-23.44444233520859,-14.209434812292127,-19.357009902425677
0.346435546875,-22.349169328377712,-14.18116597232908,-19.288375430768646
0.3466796875,-21.40187627754407,-14.152902047709794,-19.219944883944958
0.346923828125,-20.603878996745983,-14.124656599885693,-19.15178385128928
0.34716796875,-19.94871772048291,-14.096443349177374,-19.083960104735837
0.347412109375,-19.427947400106987,-14.068276167140283,-19.016543548119344
0.34765625,-19.033382327788473,-14.040169068411515,-18.949606150666767
0.347900390625,-18.757862300380218,-14.012136202024019,-18.883221863511995
0.34814453125,-18.59542356954642,-13.984191842175832,-18.81746651811225
0.348388671875,-18.541242868028228,-13.956350378443007,-18.75241770551546
0.3486328125,-18.59150493225733,-13.9286263054261,-18.688154635524345
0.348876953125,-18.743251528323935,-13.901034211821662,-18.624757974928283
0.34912109375,-18.99422988007261,-13.87358876891182,-18.562309664130506
0.349365234375,-19.34273970492359,-13.846304718466559,-18.500892711684585
0.349609375,-19.78746737299622,-13.819196860055456,-18.440590966475586
0.349853515625,-20.327286749079448,-13.792280037767643,-18.38148886753361
0.35009765625,-20.960995700469862,-13.765569126340791,-18.323671171751887
0.350341796875,-21.686943120059546,-13.73907901670263,-18.267222660096934
0.3505859375,-22.502483365936552,-13.712824600930666,-18.212227823238642
0.350830078125,-23.40317720742307,-13.686820756638644,-18.158770527893108
0.35107421875,-24.38165553672104,-13.661082330801133,-18.106933665551793
0.351318359375,-25.426113460754344,-13.635624123030256,-18.056798785662227
0.3515625,-26.518589926531227,-13.610460868321915,-18.0084457157192
0.351806640625,-27.633634039513897,-13.585607219291893,-17.96195217111359
0.35205078125,-28.738713747622576,-13.56107772792531,-17.91739335795519
0.352294921875,-29.798407561928727,-13.53688682686641,-17.87484157243043
0.3525390625,-30.78382289072072,-13.513048810278885,-17.83436580056022
0.352783203125,-31.68552707773005,-13.489577814310273,-17.79603132247802
0.35302734375,-32.524146163384195,-13.466487797197551,-17.759899325544573
0.353271484375,-33.353031275023056,-13.443792519054124,-17.726026530740018
0.353515625,-34.25417997447943,-13.421505521382056,-17.694464836821417
0.353759765625,-35.33571489090888,-13.399640106356486,-17.66526098669635
0.35400390625,-36.741210334663776,-13.378209315932354,-17.638456260334625
0.354248046875,-38.68110743724,-13.357225910826692,-17.61408619832201
0.3544921875,-41.483015409044455,-13.33670234943269,-17.592180359850435
0.354736328125,-45.27247740790034,-13.316650766724326,-17.57276211854191
0.35498046875,-45.910567943504034,-13.297082953212998,-17.555848499028052
0.355224609375,-41.23649633824159,-13.278010334019996,-17.54145005665918
0.35546875,-37.088403416942256,-13.259443948130308,-17.5295708021119
0.355712890625,-33.94958111547967,-13.241394427895496,-17.520208172014346
0.35595703125,-31.482730227701232,-13.223871978854344,-17.513353046030144
0.356201171875,-29.47250363103774,-13.206886359941294,-17.508989810153423
0.3564453125,-27.794479803026157,-13.19044686415337,-17.507096465284178
0.356689453125,-26.37314735563568,-13.174562299746498,-17.507644779494115
0.35693359375,-25.160085069833265,-13.159240972032096,-17.510600481773892
0.357177734375,-24.122825892268956,-13.144490665844412,-17.515923494487687
0.357421875,-23.23887874087071,-13.130318628747887,-17.52356820126411
0.357666015625,-22.492341284404503,-13.116731555052644,-17.533483746632644
0.35791015625,-21.871892114438257,-13.10373557070443,-17.545614363380608
0.358154296875,-21.369561934871456,-13.09133621911277,-17.55989972336132
0.3583984375,-20.9799717569047,-13.079538447978805,-17.576275307330963
0.358642578125,-20.69987030448852,-13.068346597180794,-17.594672789329135
0.35888671875,-20.527879978906075,-13.057764387771996,-17.615020431141968
0.359130859375,-20.46440587097056,-13.047794912141587,-17.637243482490714
0.359375,-20.51169277617877,-13.038440625384952,-17.661264582765586
0.359619140625,-20.674040937372247,-13.02970333792518,-17.687004160364257
0.35986328125,-20.958220045733317,-13.021584209422482,-17.714380825986137
0.360107421875,-21.374161952024885,-13.01408374400313,-17.74331175656796
0.3603515625,-21.93608039684642,-13.007201786833999,-17.77371306690962
0.360595703125,-22.664289590967496,-13.000937522063094,-17.805500166423208
0.36083984375,-23.588233102437858,-12.995289472140644,-17.83858809883146
0.361083984375,-24.751722079632174,-12.99025549852942,-17.87289186303466
0.361328125,-26.222395631400936,-12.985832803806794,-17.908326713750093
0.361572265625,-28.10935512547948,-12.982017935155202,-17.944808440897653
0.36181640625,-30.593944921617265,-12.978806789231456,-17.98225362705332
0.362060546875,-33.9390428841002,-12.976194618399584,-18.020579882614914
0.3623046875,-37.807641786160225,-12.974176038305892,-18.0597060586176
0.362548828125,-37.67660968858604,-12.972745036769442,-18.09955243739869
0.36279296875,-33.781375109729616,-12.97189498395549,-18.140040901540825
0.363037109375,-30.47449115557098,-12.971618643794404,-18.18109508171927
0.36328125,-28.013997451215825,-12.971908186603505,-18.222640484243588
0.363525390625,-26.136558563518722,-12.972755202864729,-18.264604599218156
0.36376953125,-24.663317916248833,-12.974150718106742,-18.306916990349947
0.364013671875,-23.486289376463787,-12.976085208836189,-18.34950936751016
0.3642578125,-22.538121190865354,-12.97854861945935,-18.392315643208935
0.364501953125,-21.774917169935254,-12.981530380132327,-18.43527197417319
0.36474609375,-21.167010638203205,-12.985019425475276,-18.47831678922949
0.364990234375,-20.69383900615683,-12.989004214083952,-18.521390804687993
0.365234375,-20.340965509145295,-12.993472748770143,-18.56443702840392
0.365478515625,-20.09827839511359,-12.998412597461142,-18.607400753661633
0.36572265625,-19.958870437595117,-13.003810914687692,-18.650229543984924
0.365966796875,-19.918333363756943,-13.009654463589197,-18.692873209928088
0.3662109375,-19.974319776671308,-13.015929638365215,-18.73528377884854
0.366455078125,-20.126287045198392,-13.022622487102423,-18.777415458602167
0.36669921875,-20.375369491175547,-13.029718734907213,-18.819224596042428
0.366943359375,-20.72433767055742,-13.037203807275201,-18.860669631141143
0.3671875,-21.17759743395944,-13.045062853630311,-18.90171104748645
0.367431640625,-21.74114663580792,-13.053280770968192,-18.942311319851502
0.36767578125,-22.422313659286925,-13.061842227540659,-18.98243485946663
0.367919921875,-23.228874584434507,-13.070731686520332,-19.022047957569328
0.3681640625,-24.16661023402849,-13.079933429587307,-19.061118727749918
0.368408203125,-25.23315396690089,-13.0894315803826,-19.09961704755784
0.36865234375,-26.403588428579514,-13.099210127775978,-19.13751449978229
0.368896484375,-27.60058443463274,-13.109252948899254,-19.17478431377479
0.369140625,-28.649657426574077,-13.119543831899186,-19.211401307136054
0.369384765625,-29.272248566177517,-13.130066498367658,-19.24734182804995
0.36962890625,-29.237608647051175,-13.140804625410361,-19.28258369850885
0.369873046875,-28.593176073184864,-13.15174186731843,-19.31710615864089
0.3701171875,-27.61431063478437,-13.162861876811405,-19.35088981231811
0.370361328125,-26.56193276915571,-13.174148325823044,-19.383916574196046
0.37060546875,-25.58420299848958,-13.185584925805179,-19.416169618309624
0.370849609375,-24.74498236970017,-13.197155447528182,-19.447633328327257
0.37109375,-24.06632982110605,-13.208843740359939,-19.47829324954444
0.371337890625,-23.55347316618845,-13.220633751008444,-19.50813604267958
0.37158203125,-23.206480053468145,-13.232509541716395,-19.53714943951902
0.371826171875,-23.025354991143598,-13.244455307898962,-19.56532220044331
0.3720703125,-23.012331768330473,-13.256455395219078,-19.592644073854903
0.372314453125,-23.173119583846365,-13.268494316097073,-19.619105757516145
0.37255859375,-23.517911329017238,-13.280556765654229,-19.644698861797053
0.372802734375,-24.062555474001787,-13.292627637092203,-19.669415874824516
0.373046875,-24.83007955393758,-13.304692036512595,-19.69325012951756
0.373291015625,-25.85240178579763,-13.316735297182884,-19.716195772487207
0.37353515625,-27.17071739005345,-13.328742993257139,-19.73824773477529
0.373779296875,-28.827268105276463,-13.340700952961457,-19.75940170440188
0.3740234375,-30.81689487965962,-13.352595271255744,-19.77965410068809
0.374267578125,-32.88541510362896,-13.364412321984984,-19.79900205031847
0.37451171875,-34.09251616237382,-13.376138769534187,-19.817443365105
0.374755859375,-33.43261404290283,-13.387761580002564,-19.83497652141326
0.375,-31.64770286276181,-13.399268031913177,-19.851600641210315
0.375244140625,-29.829511811700332,-13.410645726475254,-19.867315474692933
0.37548828125,-28.341114895044154,-13.421882597416914,-19.882121384454518
0.375732421875,-27.220530031926288,-13.432966920406555,-19.89601933114884
0.3759765625,-26.43743659041773,-13.443887322081483,-19.909010860608557
0.376220703125,-25.960272344994163,-13.454632788702606,-19.92109809237696
0.37646484375,-25.76982123726026,-13.465192674454041,-19.932283709611227
0.376708984375,-25.86161595900903,-13.47555670940646,-19.942570950316206
0.376953125,-26.247683499860017,-13.485715007162828,-19.951963599867852
0.377197265625,-26.961105758732437,-13.495658072204913,-19.96046598478587
0.37744140625,-28.066771880506856,-13.505376806958528,-19.968082967715656
0.377685546875,-29.68578873777772,-13.514862518595024,-19.974819943579647
0.3779296875,-32.053604415297215,-13.524106925585805,-19.980682836858637
0.378173828125,-35.65755144634962,-13.533102164026216,-19.98567809996375
0.37841796875,-41.00621185352704,-13.541840793744067,-19.98981271265959
0.378662109375,-40.457595731763696,-13.550315804207377,-19.993094182499267
0.37890625,-34.82582316415871,-13.558520620244963,-19.99553054623146
0.379150390625,-30.96389447970342,-13.566449107592334,-19.997130372139402
0.37939453125,-28.272843795548187,-13.57409557827439,-19.99790276327098
0.379638671875,-26.278918139016824,-13.581454795835155,-19.997857361518253
0.3798828125,-24.746720782352444,-13.588521980423549,-19.99700435250379
0.380126953125,-23.547617103923116,-13.595292813742859,-19.995354471229657
0.38037109375,-22.6042323439273,-13.601763443870214,-19.992919008443643
0.380615234375,-21.866334514514072,-13.607930489950862,-19.98970981767534
0.380859375,-21.299256233383154,-13.613791046770604,-19.98573932289253
0.381103515625,-20.877813123193928,-13.619342689208064,-19.98102052672624
0.38134765625,-20.58285750274868,-13.624583476566922,-19.97556701920985
0.381591796875,-20.39919366854616,-13.629511956786518,-19.96939298697498
0.3818359375,-20.314241719943414,-13.63412717052745,-19.962513222843427
0.382080078125,-20.317136716499242,-13.638428655127024,-19.95494313575092
0.38232421875,-20.398098143866328,-13.642416448417556,-19.946698760934616
0.382568359375,-20.547985320765246,-13.646091092398574,-19.93779677031211
0.3828125,-20.758003699356102,-13.649453636752114,-19.928254482975028
0.383056640625,-21.019560648598645,-13.652505642188205,-19.918089875715857
0.38330078125,-21.324292385456015,-13.655249183605642,-19.907321593501205
0.383544921875,-21.664294628018688,-13.657686853051136,-19.89596895979965
0.3837890625,-22.032582513604485,-13.659821762457717,-19.8840519866665
0.384033203125,-22.423774730828022,-13.66165754614123,-19.871591384482123
0.38427734375,-22.834944395523266,-13.663198363031594,-19.85860857123446
0.384521484375,-23.266521263708746,-13.664448898613317,-19.84512568122994
0.384765625,-23.723096871526156,-13.665414366547592,-19.831165573111203
0.385009765625,-24.214005833999174,-13.666100509946247,-19.816751837052976
0.38525390625,-24.753637039457924,-13.66651360226545,-19.801908801001822
0.385498046875,-25.361529473285742,-13.666660447785294,-19.786661535818602
0.3857421875,-26.062348049766335,-13.666548381638925,-19.771035859176525
0.385986328125,-26.885677674515964,-13.666185269353255,-19.755058338061943
0.38623046875,-27.864890320437127,-13.66557950586097,-19.738756289718992
0.386474609375,-29.03207514718084,-13.664740013942014,-19.722157780874376
0.38671875,-30.39872263502501,-13.663676242050734,-19.70529162507371
0.386962890625,-31.89096981434026,-13.662398161483363,-19.688187377957057
0.38720703125,-33.18319569242255,-13.660916262839017,-19.670875330297875
0.387451171875,-33.57168380606754,-13.659241551726016,-19.653386498627732
0.3876953125,-32.61726017319984,-13.657385543664308,-19.6357526132675
0.387939453125,-30.849708277160417,-13.655360258133747,-19.618006103586584
0.38818359375,-28.950045530959706,-13.653178211717496,-19.600180080312565
0.388427734375,-27.213319568460005,-13.650852410289279,-19.58230831471725
0.388671875,-25.70645199598635,-13.648396340193242,-19.564425214510052
0.388916015625,-24.422523421371615,-13.645823958365426,-19.546565796275935
0.38916015625,-23.338001385195923,-13.643149681346404,-19.52876565430484
0.389404296875,-22.429294364271186,-13.6403883731358,-19.51106092566979
0.3896484375,-21.676630108209896,-13.637555331840662,-19.493488251425134
0.389892578125,-21.064359480808704,-13.63466627507176,-19.476084733811916
0.39013671875,-20.58039878878352,-13.631737324044062,-19.45888788937607
0.390380859375,-20.21558495420259,-13.628784986340644,-19.44193559792647
0.390625,-19.963138125668817,-13.625826137302708,-19.425266047283888
0.390869140625,-19.81825537197865,-13.622878000012212,-19.408917673798452
0.39111328125,-19.777810645086532,-13.619958123838366,-19.39292909864276
0.391357421875,-19.840121040372726,-13.617084361524148,-19.37733905991981
0.3916015625,-20.00472669450811,-13.614274844794902,-19.36218634065934
0.391845703125,-20.27210577655488,-13.611547958477237,-19.347509692813006
0.39208984375,-20.64319010568791,-13.608922313123479,-19.333347757397803
0.392333984375,-21.118432813381098,-13.606416716144379,-19.319738980977437
0.392578125,-21.695958957913575,-13.604050141460835,-19.306721528713844
0.392822265625,-22.367940244560074,-13.601841697694088,-19.294333194263483
0.39306640625,-23.113790553952917,-13.599810594922905,-19.282611306836888
0.393310546875,-23.888611476730894,-13.597976110046,-19.271592635783197
0.3935546875,-24.60788712642406,-13.59635755079787,-19.261313293104035
0.393798828125,-25.14009693961944,-13.5949742184768,-19.251808634342712
0.39404296875,-25.33636768872426,-13.593845369454394,-19.243113158334207
0.394287109375,-25.111559349764022,-13.592990175547012,-19.235260406337936
0.39453125,-24.509406748377913,-13.59242768334061,-19.228282861109307
0.394775390625,-23.667666307801557,-13.592176772571495,-19.222211846495092
0.39501953125,-22.730371604792747,-13.592256113676804,-19.21707742816235
0.395263671875,-21.798778196892897,-13.592684124639154,-19.212908316090143
0.3955078125,-20.92972538067003,-13.59347892726074,-19.20973176946648
0.395751953125,-20.150364282199753,-13.594658303012254,-19.207573504639562
0.39599609375,-19.47140740642402,-13.596239648611654,-19.206457606772474
0.396240234375,-18.895410303309763,-13.59823993149686,-19.2064064458427
0.396484375,-18.42128594262853,-13.600675645364591,-19.207440597613072
0.396728515625,-18.046614841545598,-13.603562765954822,-19.209578770177725
0.39697265625,-17.768784834809754,-13.606916707266627,-19.212837736656653
0.397216796875,-17.585536129586444,-13.610752278396106,-19.2172322745744
0.3974609375,-17.49521209577432,-13.615083641190926,-19.222775112413704
0.397705078125,-17.496868070952758,-13.619924268918446,-19.229476883783093
0.39794921875,-17.590312997440133,-13.625286906145146,-19.23734608957993
0.398193359375,-17.776117046491052,-13.63118353002463,-19.246389068467117
0.3984375,-18.05559275473436,-13.637625313189174,-19.25660997591409
0.398681640625,-18.430735356961385,-13.644622588435865,-19.2680107719815
0.39892578125,-18.904079535633585,-13.65218481539301,-19.28059121795495
0.399169921875,-19.478381120559195,-13.660320549345165,-19.294348881857797
0.3994140625,-20.155940438442983,-13.669037412386409,-19.30927915279731
0.399658203125,-20.93720882163941,-13.678342067061052,-19.325375264022696
0.39990234375,-21.818000454717534,-13.688240192639077,-19.34262832450095
0.400146484375,-22.784129066580512,-13.69873646416018,-19.361027358744842
0.400390625,-23.80183902096768,-13.70983453436573,-19.380559354561406
0.400634765625,-24.803429600788544,-13.721537018621891,-19.401209318326703
0.40087890625,-25.67428999804006,-13.733845482920394,-19.42296033733612
0.401123046875,-26.264173597107103,-13.746760435025596,-19.445793648729474
0.4013671875,-26.45082339762905,-13.760281318817809,-19.46968871444626
0.401611328125,-26.22429904513612,-13.774406511864035,-19.494623301630337
0.40185546875,-25.693767939815277,-13.789133326227764,-19.520573567874504
0.402099609375,-25.00744346486541,-13.80445801250997,-19.547514150674083
0.40234375,-24.28262796244512,-13.820375767094147,-19.575418260445318
0.402587890625,-23.589061694752154,-13.836880742549049,-19.60425777645829
0.40283203125,-22.9605221259437,-13.853966061124094,-19.63400334503514
0.403076171875,-22.40960151707608,-13.87162383125457,-19.664624479372723
0.4033203125,-21.93789185170271,-13.889845166976535,-19.696089660363285
0.403564453125,-21.541770843065656,-13.908620210135252,-19.728366437806795
0.40380859375,-21.215421680375922,-13.927938155256157,-19.761421531435023
0.404052734375,-20.95233302084754,-13.947787276933532,-19.7952209311967
0.404296875,-20.746005618004666,-13.968154959580106,-19.82972999628807
0.404541015625,-20.590251682837014,-13.989027729369894,-19.864913552450286
0.40478515625,-20.47928624360591,-14.010391288197539,-19.900735987094652
0.405029296875,-20.407714336816362,-14.032230549469988,-19.937161341858943
0.4052734375,-20.370471245169085,-14.054529675540444,-19.974153402240628
0.405517578125,-20.362751199874552,-14.077272116590255,-20.011675783996008
0.40576171875,-20.379950078990944,-14.10044065076214,-20.049692016037977
0.406005859375,-20.417642573779293,-14.12401742534698,-20.088165619607686
0.40625,-20.471609930377483,-14.147983998827085,-20.127060183536784
0.406494140625,-20.537928224441497,-14.172321383581114,-20.16633943545766
0.40673828125,-20.613118004364566,-14.197010089059258,-20.20596730885699
0.406982421875,-20.694344316649516,-14.222030165241916,-20.24590800590429
0.4072265625,-20.779643587147763,-14.247361246201642,-20.28612605602128
0.407470703125,-20.868144062407428,-14.272982593594536,-20.326586370188874
0.40771484375,-20.960243434545724,-14.298873139915987,-20.367254291017698
0.407958984375,-21.057713394291497,-14.325011531364067,-20.40809563863393
0.408203125,-21.16371556693359,-14.351376170163611,-20.44907675245539
0.408447265625,-21.28273245179991,-14.377945256214286,-20.4901645289537
0.40869140625,-21.42043447088492,-14.404696827936313,-20.531326455516044
0.408935546875,-21.583514569274783,-14.431608802198559,-20.572530640535284
0.4091796875,-21.779522355430778,-14.458659013224736,-20.613745839870376
0.409423828125,-22.016720998987033,-14.485825250384794,-20.654941479829013
0.40966796875,-22.30397394972861,-14.513085294789372,-20.696087676833116
0.409912109375,-22.650645606968467,-14.540416954616784,-20.737155253933945
0.41015625,-23.066466378432544,-14.567798099112313,-20.77811575434744
0.410400390625,-23.561255349306684,-14.59520669121054,-20.818941452183694
0.41064453125,-24.14428428464326,-14.622620818741442,-20.85960536054502
0.410888671875,-24.822847566182556,-14.650018724190776,-20.90008123716659
0.4111328125,-25.5991742305682,-14.67737883299473,-20.940343587772347
0.411376953125,-26.46407277141843,-14.704679780357528,-20.980367667316063
0.41162109375,-27.384851506985974,-14.731900436588877,-21.020129479273297
0.411865234375,-28.286091447128246,-14.759019930966073,-21.05960577314643
0.412109375,-29.03176745214949,-14.786017674132523,-21.098774040339062
0.412353515625,-29.44339255675139,-14.812873379050934,-21.137612508550646
0.41259765625,-29.39375236749406,-14.839567080535652,-21.17610013483648
0.412841796875,-28.91238957230728,-14.866079153393487,-21.214216597471175
0.4130859375,-28.162229566867474,-14.892390329207704,-21.25194228674761
0.413330078125,-27.321984862069723,-14.91848171180353,-21.289258294836365
0.41357421875,-26.515749843664082,-14.94433479143748,-21.326146404823632
0.413818359375,-25.811229292718288,-14.969931457755823,-21.362589079039125
0.4140625,-25.240336846189958,-14.995254011570111,-21.39856944677835
0.414306640625,-24.816551752530003,-15.020285175499772,-21.434071291516943
0.41455078125,-24.545133656922072,-15.04500810353355,-21.469079037708365
0.414794921875,-24.42839781394772,-15.069406389562712,-21.5035777372497
0.4150390625,-24.468256980587565,-15.093464074939815,-21.53755305569403
0.415283203125,-24.667287398268883,-15.117165655117395,-21.570991258282138
0.41552734375,-25.028815299221534,-15.140496085420892,-21.60387919586018
0.415771484375,-25.55590745575397,-15.163440786010277,-21.636204290744914
0.416015625,-26.248392684790506,-15.185985646084113,-21.667954522592478
0.416259765625,-27.095736747189044,-15.208117027379231,-21.699118414321894
0.41650390625,-28.061469988481477,-15.229821767018407,-21.72968501813999
0.416748046875,-29.05387439942536,-15.251087179757166,-21.75964390170971
0.4169921875,-29.890043415098692,-15.271901059679553,-21.788985134499743
0.417236328125,-30.31143607758303,-15.292251681391598,-21.817699274349827
0.41748046875,-30.139094199510783,-15.312127800759232,-21.84577735428196
0.417724609375,-29.44650490534775,-15.331518655236106,-21.873210869584774
0.41796875,-28.480637092568077,-15.350413963824892,-21.899991765195203
0.418212890625,-27.4632277612056,-15.368803926713777,-21.926112423398315
0.41845703125,-26.519017732195937,-15.386679224628224,-21.95156565186413
0.418701171875,-25.70042612252029,-15.404031017935884,-21.976344672037236
0.4189453125,-25.02253896013821,-15.420850945540801,-22.000443107893016
0.419189453125,-24.484256650255634,-15.437131123601057,-22.023854975072375
0.41943359375,-24.078499782304128,-15.452864144102037,-22.0465746704048
0.419677734375,-23.79672773357973,-15.468043073315425,-22.06859696182779
0.419921875,-23.63086591056277,-15.4826614501723,-22.089916978709585
0.420166015625,-23.574125698094853,-15.496713284576522,-22.11053020258023
0.42041015625,-23.621386340061644,-15.510193055682766,-22.130432458275124
0.420654296875,-23.769436578933526,-15.52309571016172,-22.149619905493925
0.4208984375,-24.017209570662086,-15.53541666047285,-22.168089030776635
0.421142578125,-24.366072263819017,-15.547151783163503,-22.1858366398981
0.42138671875,-24.820197321033838,-15.558297417211142,-22.202859850680902
0.421630859375,-25.38702366670143,-15.568850362423628,-22.219156086226334
0.421875,-26.077772597027206,-15.578807877910883,-22.234723068562396
0.422119140625,-26.907869011208206,-15.588167680639259,-22.249558812707214
0.42236328125,-27.896745920020418,-15.596927944078324,-22.26366162114565
0.422607421875,-29.06534452267865,-15.605087296948039,-22.277030078717047
0.4228515625,-30.4260089000892,-15.612644822072586,-22.28966304791088
0.423095703125,-31.949049920855703,-15.619600055345362,-22.301559664567534
0.42333984375,-33.46964107581886,-15.625952984808176,-22.31271933398077
0.423583984375,-34.53166680132697,-15.631704049845737,-22.32314172739839
0.423828125,-34.51754410944127,-15.636854140495197,-22.332826778917237
0.424072265625,-33.40697319463268,-15.641404596868664,-22.341774682768992
0.42431640625,-31.812034890008505,-15.645357208685065,-22.34998589099241
0.424560546875,-30.2099927372752,-15.648714214906112,-22.35746111148812
0.4248046875,-28.78051981091234,-15.651478303469526,-22.364201306451772
0.425048828125,-27.560518012320006,-15.653652611111008,-22.370207691181122
0.42529296875,-26.541316864633938,-15.655240723264894,-22.37548173325286
0.425537109375,-25.703969720805823,-15.656246674031792,-22.380025152064547
0.42578125,-25.02992644400143,-15.656674946199821,-22.38383991873723
0.426025390625,-24.503655225650615,-15.656530471304615,-22.38692825637397
0.42626953125,-24.112832027634244,-15.655818629711352,-22.389292640669673
0.426513671875,-23.847885282167653,-15.654545250700755,-22.390935800867098
0.4267578125,-23.701441144476973,-15.652716612539095,-22.3918607210543
0.427001953125,-23.66781459206013,-15.65033944251077,-22.39207064179793
0.42724609375,-23.742562422728824,-15.647420916890304,-22.39156906210727
0.427490234375,-23.92207104403593,-15.643968660829003,-22.39035974172321
0.427734375,-24.203133218649437,-15.639990748129867,-22.38844670372626
0.427978515625,-24.582451348775635,-15.635495700882737,-22.385834237457374
0.42822265625,-25.055980865642752,-15.63049248893006,-22.38252690174501
0.428466796875,-25.61799140631305,-15.62499052913206,-22.378529528431486
0.4287109375,-26.259678447354837,-15.61899968439855,-22.37384722619116
0.428955078125,-26.967127690569743,-15.612530262453124,-22.368485384632585
0.42919921875,-27.718499024022016,-15.605593014293976,-22.36244967867612
0.429443359375,-28.480654450687652,-15.59819913231422,-22.35574607319792
0.4296875,-29.20644068301638,-15.590360248043178,-22.34838082793061
0.429931640625,-29.835593547442446,-15.58208842946897,-22.340360502610093
0.43017578125,-30.303512548084193,-15.573396177901394,-22.331691962357056
0.430419921875,-30.559253171792072,-15.564296424333257,-22.322382383281226
0.4306640625,-30.584937343690516,-15.554802525257237,-22.312439258294848
0.430908203125,-30.402249742462338,-15.544928257894577,-22.301870403121427
0.43115234375,-30.060528077514633,-15.534687814791507,-22.290683962484188
0.431396484375,-29.61685740451941,-15.524095797738536,-22.278888416457654
0.431640625,-29.12141420401432,-15.51316721096786,-22.266492586964517
0.431884765625,-28.612092573105695,-15.501917453583927,-22.253505644398366
0.43212890625,-28.115269981531462,-15.490362311182489,-22.239937114351438
0.432373046875,-27.648714266590247,-15.478517946614057,-22.225796884425083
0.4326171875,-27.22441318771969,-15.466400889848426,-22.21109521109871
0.432861328125,-26.850632662879434,-15.45402802689803,-22.195842726631305
0.43310546875,-26.53322239243633,-15.44141658775942,-22.180050445967794
0.433349609375,-26.276389033580752,-15.42858413333391,-22.16372977362044
0.43359375,-26.083151211388284,-15.415548541290597,-22.146892510493444
0.433837890625,-25.955632293105594,-15.402327990837675,-22.12955086061674
0.43408203125,-25.895293252249814,-15.388940946370697,-22.111717437752738
0.434326171875,-25.90317285097797,-15.375406139970176,-22.093405271837504
0.4345703125,-25.980184199231907,-15.361742552724492,-22.07462781521537
0.434814453125,-26.127510288089532,-15.34796939485849,-22.055398948623445
0.43505859375,-26.347141842775663,-15.334106084652994,-22.035732986880486
0.435302734375,-26.642607034784113,-15.320172226145461,-22.01564468423113
0.435546875,-27.019957357312045,-15.306187585607855,-21.99514923929489
0.435791015625,-27.489109151390206,-15.292172066803833,-21.97426229956603
0.43603515625,-28.06572407342742,-15.278145685033929,-21.95299996540816
0.436279296875,-28.774006381234116,-15.26412853998426,-21.931378793484882
0.4365234375,-29.651245346141085,-15.250140787401879,-21.90941579956505
0.436767578125,-30.756021977712393,-15.236202609627213,-21.887128460639143
0.43701171875,-32.18492164170348,-15.222334185022525,-21.864534716280588
0.437255859375,-34.111762291582124,-15.208555656343162,-21.84165296918399
0.4375,-36.89957990863152,-15.19488709810728,-21.81850208480999
0.437744140625,-41.542782854168394,-15.181348483028215,-21.79510139006476
0.43798828125,-52.99385701324623,-15.167959647582514,-21.77147067094063
0.438232421875,-45.26300570569829,-15.154740256795481,-21.747630169042896
0.4384765625,-37.81945916169352,-15.141709768334968,-21.72360057692722
0.438720703125,-33.66053267827043,-15.128887396012647,-21.699403032171087
0.43896484375,-30.7531782362383,-15.116292072800581,-21.675059110102836
0.439208984375,-28.52187481474705,-15.103942413479084,-21.650590815112253
0.439453125,-26.724416334371803,-15.091856677039386,-21.626020570467194
0.439697265625,-25.236412792806778,-15.08005272897229,-21.601371206562398
0.43994140625,-23.985703671774235,-15.068548003580197,-21.57666594752865
0.440185546875,-22.926806178858364,-15.05735946645628,-21.55192839613302
0.4404296875,-22.029268415380518,-15.046503577279536,-21.527182516904602
0.440673828125,-21.271742768728338,-15.035996253078931,-21.50245261742399
0.44091796875,-20.638709373667396,-15.02585283212311,-21.477763327720176
0.441162109375,-20.11853849594855,-15.016088038594726,-21.453139577724016
0.44140625,-19.702272725444594,-15.006715948209449,-21.428606572734527
0.441650390625,-19.382810679471202,-14.99774995493999,-21.40418976686137
0.44189453125,-19.154314434500872,-14.98920273900444,-21.379914834416205
0.442138671875,-19.01173136701113,-14.981086236275598,-21.355807639234335
0.4423828125,-18.950354407541617,-14.973411609264755,-21.331894201918992
0.442626953125,-18.965359874946877,-14.966189219828188,-21.30820066501181
0.44287109375,-19.051268491067347,-14.959428603738676,-21.2847532561052
0.443115234375,-19.201281020694655,-14.953138447256933,-21.26157824892565
0.443359375,-19.406456882079635,-14.947326565829202,-21.238701922430664
0.443603515625,-19.654751871159107,-14.941999885027633,-21.21615051797683
0.44384765625,-19.93004001705851,-14.937164423839214,-21.193950194631867
0.444091796875,-20.211444084258883,-14.932825280397173,-21.172126982719192
0.4443359375,-20.473572088265954,-14.928986620236227,-21.150706735699814
0.444580078125,-20.688443967683586,-14.92565166713942,-21.129715080513343
0.44482421875,-20.82962509468327,-14.922822696630295,-21.109177366515922
0.445068359375,-20.878007799621333,-14.920501032149435,-21.089118613170378
0.4453125,-20.827135254311084,-14.9186870439394,-21.069563456659814
0.445556640625,-20.685338543789765,-14.917380150646807,-21.05053609561228
0.44580078125,-20.473430782187467,-14.916578823634975,-21.032060236139728
0.446044921875,-20.21930869287199,-14.916280593985235,-21.014159036409083
0.4462890625,-19.952203888506162,-14.91648206214995,-20.996855050976976
0.446533203125,-19.698634838258332,-14.917178910205596,-20.980170175132557
0.44677734375,-19.480561024073502,-14.91836591664,-20.964125589503357
0.447021484375,-19.315197361084067,-14.920036973594348,-20.948741705189047
0.447265625,-19.215705052345474,-14.922185106467655,-20.9340381096955
0.447509765625,-19.192169535349805,-14.924802495779588,-20.920033513946812
0.44775390625,-19.252545469025662,-14.927880501176434,-20.906745700656874
0.447998046875,-19.40344020957632,-14.931409687455314,-20.894191474342673
0.4482421875,-19.650705498811153,-14.935379852472764,-20.882386613260472
0.448486328125,-19.9998393274521,-14.93978005679642,-20.871345823541787
0.44873046875,-20.456190289352282,-14.944598654952213,-20.861082695799993
0.448974609375,-21.024913620321506,-14.949823328114235,-20.851609664468693
0.44921875,-21.710541754361326,-14.955441118080948,-20.842937970121767
0.449462890625,-22.51587182459542,-14.961438462378563,-20.835077625010484
0.44970703125,-23.43958498002832,-14.967801230331405,-20.828037382036094
0.449951171875,-24.4715537195416,-14.974514759938787,-20.821824707357845
0.4501953125,-25.584323367452527,-14.981563895399127,-20.816445756814286
0.450439453125,-26.71986746346053,-14.988933025124208,-20.811905356313247
0.45068359375,-27.775993265859995,-14.996606120089663,-20.808206986320315
0.450927734375,-28.611305915962717,-15.004566772372012,-20.805352770549746
0.451171875,-29.097633370948593,-15.012798233727551,-20.803343468933512
0.451416015625,-29.204042648446155,-15.021283454074341,-20.80217847491642
0.45166015625,-29.021860732589833,-15.030005119744986,-20.80185581709545
0.451904296875,-28.696707026664722,-15.038945691385111,-20.802372165192917
0.4521484375,-28.352448612649713,-15.048087441379959,-20.803722840323353
0.452392578125,-28.065051258732453,-15.057412490699773,-20.805901829485762
0.45263671875,-27.869532285837906,-15.066902845062733,-20.808901804184888
0.452880859375,-27.77300519454053,-15.076540430323027,-20.812714143058177
0.453125,-27.763516585990402,-15.086307127000149,-20.81732895836015
0.453369140625,-27.814273790018106,-15.096184803874433,-20.82273512613177
0.45361328125,-27.88579936961976,-15.106155350582455,-20.82892031986098
0.453857421875,-27.92933225056324,-15.116200709154583,-20.835871047420483
0.4541015625,-27.894582027063315,-15.126302904445472,-20.84357269105197
0.454345703125,-27.742325838648803,-15.13644407341648,-20.852009550150584
0.45458984375,-27.457000771513083,-15.146606493236959,-20.861164886591265
0.454833984375,-27.051207529116724,-15.156772608179041,-20.87102097232879
0.455078125,-26.558724123161483,-15.16692505528782,-20.881559138995986
0.455322265625,-26.021320323426824,-15.17704668881562,-20.89275982922024
0.45556640625,-25.477441042487243,-15.187120603415723,-20.904602649376113
0.455810546875,-24.956558026613216,-15.19713015609669,-20.917066423492535
0.4560546875,-24.478304473914065,-15.207058986944265,-20.93012924803595
0.456298828125,-24.054001937022676,-15.216891038622753,-20.9437685472954
0.45654296875,-23.68878938058178,-15.226610574672556,-20.957961129103175
0.456787109375,-23.383514917680102,-15.236202196624717,-20.972683240633256
0.45703125,-23.136158725827226,-15.245650859957063,-20.987910624030746
0.457275390625,-22.942820087844858,-15.25494188891981,-21.003618571637418
0.45751953125,-22.798377304307216,-15.264060990261417,-21.019781980592175
0.457763671875,-22.696929458170793,-15.272994265887895,-21.036375406599653
0.4580078125,-22.632108506535538,-15.28172822449074,-21.053373116675548
0.458251953125,-22.597329101530704,-15.290249792180465,-21.07074914069331
0.45849609375,-22.586026226450798,-15.298546322163824,-21.08847732157324
0.458740234375,-22.591915361268683,-15.306605603503943,-21.10653136397186
0.458984375,-22.60929308146105,-15.314415869003003,-21.124884881346006
0.459228515625,-22.633375449721996,-15.321965802247615,-21.143511441282776
0.45947265625,-22.66064809435674,-15.329244543856934,-21.162384609003013
0.459716796875,-22.689180435620283,-15.33624169697349,-21.181477988961845
0.4599609375,-22.71884506942154,-15.342947332036061,-21.200765264485263
0.460205078125,-22.751388907648153,-15.34935199087352,-21.220220235396635
0.46044921875,-22.790326481668814,-15.355446690157486,-21.239816853601194
0.460693359375,-22.8406605746927,-15.361222924250743,-21.259529256609852
0.4609375,-22.908467983159863,-15.366672667487178,-21.279331798996072
0.461181640625,-23.00040651931014,-15.371788375917628,-21.299199081791407
0.46142578125,-23.123198156450417,-15.376562988554728,-21.319105979835776
0.461669921875,-23.283125756703104,-15.380989928148157,-21.339027667108414
0.4619140625,-23.48555562312789,-15.38506310152022,-21.358939640074222
0.462158203125,-23.734474335930198,-15.38877689948994,-21.3788177390882
0.46240234375,-24.03201313521443,-15.392126196412123,-21.398638167907663
0.462646484375,-24.377932146709576,-15.395106349356077,-21.41837751136788
0.462890625,-24.769056549681324,-15.397713196946823,-21.438012751282255
0.463134765625,-25.198706647632157,-15.399943057889903,-21.457521280632452
0.46337890625,-25.65625297582929,-15.401792729198814,-21.476880916117572
0.463623046875,-26.12705145781296,-15.40325948414255,-21.496069909134434
0.4638671875,-26.593124059998527,-15.404341069928588,-21.51506695526317
0.464111328125,-27.03492478983496,-15.405035705135013,-21.53385120233414
0.46435546875,-27.434202154366897,-15.405342076903555,-21.552402257152906
0.464599609375,-27.777300292175042,-15.405259337903559,-21.57070019096086
0.46484375,-28.05757022162983,-15.40478710307511,-21.58872554370868
0.465087890625,-28.275533028557383,-15.403925446157817,-21.60645932721984
0.46533203125,-28.43636017785437,-15.402674896010069,-21.62388302732015
0.465576171875,-28.545563305222075,-15.40103643272194,-21.64097860500844
0.4658203125,-28.604603381672092,-15.399011483523267,-21.657728496741964
0.466064453125,-28.608127674633433,-15.396601918486985,-21.674115613908352
0.46630859375,-28.544074782596596,-15.393810046026175,-21.69012334155415
0.466552734375,-28.39717258587411,-15.39063860818203,-21.705735536437718
0.466796875,-28.155138007914537,-15.387090775698404,-21.720936524472215
0.467041015625,-27.815214553205692,-15.383170142877455,-21.735711097621998
0.46728515625,-27.387783051749956,-15.378880722209642,-21.750044510313135
0.467529296875,-26.8951247587204,-15.374226938770141,-21.763922475416674
0.4677734375,-26.36635764225284,-15.369213624372794,-21.777331159860335
0.468017578125,-25.831483764056347,-15.363846011471637,-21.790257179922058
0.46826171875,-25.31700536559608,-15.358129726799234,-21.802687596256295
0.468505859375,-24.843866882616588,-15.352070784730259,-21.814609908701257
0.46875,-24.427217988286777,-15.345675580358025,-21.82601205091313
0.468994140625,-24.077147243875547,-15.338950882271167,-21.836882384870627
0.46923828125,-23.79972873723796,-15.331903825017136,-21.847209695291127
0.469482421875,-23.598026552620315,-15.32454190123885,-21.85698318399714
0.4697265625,-23.472923771032228,-15.316872953470558,-21.86619246426989
0.469970703125,-23.42376121711688,-15.308905165578937,-21.87482755522445
0.47021484375,-23.448818592931765,-15.30064705383535,-21.88287887623913
0.470458984375,-23.545679143835827,-15.292107457605397,-21.89033724146953
0.470703125,-23.71150746592443,-15.283295529642178,-21.897193854476242
0.470947265625,-23.943246121805863,-15.274220725970036,-21.90344030299301
0.47119140625,-24.23770127793903,-15.264892795346183,-21.909068553860944
0.471435546875,-24.591438222276448,-15.255321768288326,-21.914070948152474
0.4716796875,-25.00034126258663,-15.245517945657173,-21.91844019650752
0.471923828125,-25.458609474338935,-15.235491886783858,-21.922169374702815
0.47216796875,-25.95687686581614,-15.225254397133394,-21.925251919474192
0.472412109375,-26.47913584173432,-15.214816515496635,-21.92768162461036
0.47265625,-26.99842939960817,-15.204189500704759,-21.92945263733566
0.472900390625,-27.47235273093034,-15.193384817861816,-21.93055945499814
0.47314453125,-27.841817132738676,-15.182414124092832,-21.93099692207861
0.473388671875,-28.039300020281726,-15.171289253806862,-21.930760227535167
0.4736328125,-28.010645380465718,-15.160022203476423,-21.92984490249701
0.473876953125,-27.741672388163362,-15.148625115937167,-21.928246818320737
0.47412109375,-27.26836408994867,-15.137110264213877,-21.92596218502144
0.474365234375,-26.66064792966047,-15.12549003488152,-21.922987550090415
0.474609375,-25.994977993619727,-15.113776910972662,-21.919319797710692
0.474853515625,-25.335425528965615,-15.10198345444544,-21.91495614838103
0.47509765625,-24.728149608660974,-15.090122288228926,-21.909894158958636
0.475341796875,-24.203816352642022,-15.078206077865989,-21.90413172313029
0.4755859375,-23.78227643593215,-15.066247512776453,-21.897667072321113
0.475830078125,-23.476770746072596,-15.05425928716665,-21.89049877704996
0.47607421875,-23.29698799137344,-15.04225408061452,-21.882625748739866
0.476318359375,-23.251092246671504,-15.030244538362483,-21.8740472419916
0.4765625,-23.34697430280859,-15.01824325135345,-21.864762857328095
0.476806640625,-23.59285955013298,-15.006262736048498,-21.85477254441703
0.47705078125,-23.997140393608053,-14.99431541406766,-21.844076605778426
0.477294921875,-24.566795232922956,-14.982413591698256,-21.8326757009837
0.4775390625,-25.30268247041711,-14.970569439318142,-21.82057085135236
0.477783203125,-26.187762972604677,-14.958794970783803,-21.80776344515156
0.47802734375,-27.160888257086167,-14.947102022835955,-21.794255243303713
0.478271484375,-28.070986548263708,-14.935502234577491,-21.780048385606396
0.478515625,-28.645708983924287,-14.92400702708098,-21.76514539746835
0.478759765625,-28.600006631937145,-14.912627583184694,-21.74954919716445
0.47900390625,-27.89909586246918,-14.90137482753788,-21.73326310361185
0.479248046875,-26.79838235586186,-14.890259406957318,-21.716290844668457
0.4794921875,-25.588685498748177,-14.879291671158361,-21.69863656595411
0.479736328125,-24.445237246620234,-14.868481653924277,-21.680304840193262
0.47998046875,-23.443371232353478,-14.85783905477815,-21.66130067707718
0.480224609375,-22.606789253911725,-14.847373221221712,-21.641629533641925
0.48046875,-21.937846448124976,-14.837093131604933,-21.621297325156903
0.480712890625,-21.431726981454577,-14.827007378689672,-21.60031043651701
0.48095703125,-21.082427770640805,-14.81712415396939,-21.578675734129575
0.481201171875,-20.88518433478654,-14.807451232805477,-21.55640057828488
0.4814453125,-20.83746377015313,-14.79799596043883,-21.533492835997066
0.481689453125,-20.939439628941408,-14.788765238932935,-21.509960894299386
0.48193359375,-21.194340034125116,-14.779765515102026,-21.485813673974896
0.482177734375,-21.608830259585957,-14.771002769474872,-21.461060643700897
0.482421875,-22.193452617244198,-14.762482506341163,-21.435711834581774
0.482666015625,-22.96294704542054,-14.754209744923813,-21.40977785504125
0.48291015625,-23.935739364812562,-14.746189011716345,-21.383269906041416
0.483154296875,-25.130220215042907,-14.738424334020122,-21.35619979659102
0.4833984375,-26.550240996385565,-14.730919234711553,-21.32857995950169
0.483642578125,-28.13762067824662,-14.7236767282645,-21.300423467345002
0.48388671875,-29.647395963227194,-14.716699318048057,-21.27174404855849
0.484130859375,-30.50058645658321,-14.709988994914633,-21.242556103643068
0.484375,-30.145487717812415,-14.703547237087896,-21.21287472138789
0.484619140625,-28.842016286670212,-14.697375011354687,-21.18271569505266
0.48486328125,-27.252180936980945,-14.691472775559616,-21.152095538430636
0.485107421875,-25.751097945502917,-14.685840482395465,-21.12103150170818
0.4853515625,-24.451160696394286,-14.680477584477211,-21.089541587029593
0.485595703125,-23.362015821809642,-14.675383040682064,-21.05764456366806
0.48583984375,-22.464748627551813,-14.670555323732703,-21.025359982695385
0.486083984375,-21.736142137776536,-14.66599242899591,-20.992708191035074
0.486328125,-21.155399910698858,-14.66169188446383,-20.959710344774564
0.486572265625,-20.705451710930053,-14.657650761880559,-20.926388421603754
0.48681640625,-20.372729184100567,-14.6538656889724,-20.892765232238226
0.487060546875,-20.14660555332022,-14.65033286273593,-20.858864430676395
0.4873046875,-20.01884352657058,-14.647048063734474,-20.824710523131145
0.487548828125,-19.98312813668528,-14.644006671350002,-20.79032887546791
0.48779296875,-20.034677474950886,-14.641203679934485,-20.755745718972097
0.488037109375,-20.169896845692556,-14.638633715802026,-20.720988154261256
0.48828125,-20.38602807696021,-14.63629105500084,-20.686084153149253
0.488525390625,-20.680729332992904,-14.634169641802124,-20.651062558262765
0.48876953125,-21.05149334638331,-14.632263107841448,-20.615953080204363
0.489013671875,-21.494767587669447,-14.630564791847045,-20.58078629205072
0.4892578125,-22.004577497891304,-14.629067759888708,-20.545593620970894
0.489501953125,-22.57039223171762,-14.62776482608054,-20.51040733674646
0.48974609375,-23.173992135001335,-14.626648573670817,-20.47526053697417
0.489990234375,-23.78542862225714,-14.62571137645253,-20.440187128732468
0.490234375,-24.35926900109285,-14.62494542042885,-20.405221806495874
0.490478515625,-24.83456965533922,-14.62434272566866,-20.37040002608577
0.49072265625,-25.144155863793088,-14.623895168288655,-20.33575797445385
0.490966796875,-25.235826848068367,-14.623594502499909,-20.30133253510439
0.4912109375,-25.096135314665013,-14.623432382658716,-20.26716124897421
0.491455078125,-24.757881690178188,-14.623400385263349,-20.233282270605706
0.49169921875,-24.284247844469377,-14.623490030840633,-20.199734319467364
0.491943359375,-23.743966248244867,-14.62369280566863,-20.16655662629902
0.4921875,-23.194466772882294,-14.62400018328401,-20.133788874385772
0.492431640625,-22.676887596504077,-14.624403645725524,-20.101471135694045
0.49267578125,-22.218149103180217,-14.624894704467428,-20.06964380183742
0.492919921875,-21.83510130008196,-14.625464920999669,-20.03834750987684
0.4931640625,-21.538303499542806,-14.626105927014164,-20.007623063000803
0.493408203125,-21.334805778835324,-14.62680944415955,-19.97751134617529
0.49365234375,-21.230040637725814,-14.62756730332931,-19.948053236900638
0.493896484375,-21.229106600152967,-14.628371463451144,-19.919289511262367
0.494140625,-21.337704932877344,-14.629214029747942,-19.891260745515925
0.494384765625,-21.56293789860062,-14.630087271443506,-19.86400721349922
0.49462890625,-21.914146270901075,-14.630983638888654,-19.837568780222643
0.494873046875,-22.403974193146787,-14.631895780085749,-19.811984792042715
0.4951171875,-23.049921012128006,-14.6328165565921,-19.787293963881126
0.495361328125,-23.876821163882266,-14.633739058784931,-19.76353426400664
0.49560546875,-24.921112624362962,-14.634656620472569,-19.740742796950027
0.495849609375,-26.23876723970699,-14.635562832838687,-19.71895568517326
0.49609375,-27.921457474606612,-14.63645155770805,-19.6982079501603
0.496337890625,-30.13385646520301,-14.637316940124057,-19.67853339363954
0.49658203125,-33.216380364055944,-14.63815342022983,-19.65996447968343
0.496826171875,-38.05603596460536,-14.638955744446012,-19.642532218461245
0.4970703125,-47.50015394724794,-14.639718975939715,-19.62626605244261
0.497314453125,-42.365313304391,-14.640438504380173,-19.611193745863424
0.49755859375,-35.80021210709863,-14.641110054977563,-19.59734127827071
0.497802734375,-32.154603331754586,-14.641729696802422,-19.584732742958117
0.498046875,-29.7304696366978,-14.642293850383677,-19.573390251089148
0.498291015625,-27.98164929863558,-14.64279929458401,-19.563333842280578
0.49853515625,-26.6711563407015,-14.643243172751676,-19.55458140238282
0.498779296875,-25.67609944579567,-14.643622998148357,-19.547148589149607
0.4990234375,-24.925543978094456,-14.643936658652823,-19.54104876643369
0.499267578125,-24.37590732039976,-14.64418242074047,-19.536292947481552
0.49951171875,-23.999743722753017,-14.644358932738879,-19.53288974782736
0.499755859375,-23.78016152394085,-14.644465227359573,-19.53084534820642
0.5,-23.707945055279755,-14.644500723506237,-19.53016346782179
