frequency_cycles_per_sample,periodogram_db,levinson_ar_db,burg_ar_db
0.0,-59.74531944152689,-24.936163047813995,-25.45198196661989
0.000244140625,-51.993576141544935,-24.93628460103498,-25.45218956321335
0.00048828125,-46.642915060318316,-24.936649078734288,-25.452812063876372
0.000732421875,-43.383165776383585,-24.937255935319136,-25.453848601846055
0.0009765625,-41.12051600872033,-24.938104262461238,-25.45529773447871
0.001220703125,-39.43663240533603,-24.939192790582766,-25.457157446182684
0.00146484375,-38.128831932839226,-24.940519890929764,-25.45942515250667
0.001708984375,-37.081330607467436,-24.942083578225912,-25.462097705365807
0.001953125,-36.22068749877285,-24.94388151389792,-25.46517139938328
0.002197265625,-35.49792517154033,-24.945911009861742,-25.46864197932052
0.00244140625,-34.880826774229526,-24.948169032857017,-25.47250464856445
0.002685546875,-34.350557789257714,-24.950652209315606,-25.476754078636258
0.0029296875,-33.90012903014488,-24.95335683074822,-25.48138441968218
0.003173828125,-33.533520361132695,-24.956278859631723,-25.486389311902997
0.00341796875,-33.264960875073854,-24.95941393577818,-25.49176189787575
0.003662109375,-33.118335463748785,-24.962757383165407,-25.497494835718033
0.00390625,-33.12704451441534,-24.966304217207504,-25.503580313042654
0.004150390625,-33.33485867483648,-24.970049152442932,-25.510010061647957
0.00439453125,-33.798282022063255,-24.97398661061625,-25.516775372887256
0.004638671875,-34.590028797478816,-24.978110729129344,-25.52386711365916
0.0048828125,-35.797540211504064,-24.982415369836804,-25.531275742959426
0.005126953125,-37.47738675761901,-24.986894128159733,-25.538991328933747
0.00537109375,-39.359266759624695,-24.991540342491643,-25.547003566371046
0.005615234375,-39.96096981696162,-24.996347103869972,-25.555301794575872
0.005859375,-37.93936258666011,-25.00130726588617,-25.56387501555934
0.006103515625,-34.98261488905543,-25.00641345480769,-25.572711912488263
0.00634765625,-32.34469484005918,-25.01165807988486,-25.581800868332913
0.006591796875,-30.209480878569067,-25.01703334381591,-25.59112998465521
0.0068359375,-28.519157734013618,-25.022531253343768,-25.600687100480254
0.007080078125,-27.20125648046438,-25.028143629958507,-25.610459811196073
0.00732421875,-26.200570974557667,-25.03386212067983,-25.62043548742811
0.007568359375,-25.478192251259898,-25.039678208894678,-25.630601293837177
0.0078125,-25.00700898234509,-25.045583225225435,-25.640944207791957
0.008056640625,-24.768062068002614,-25.051568358405383,-25.651451037869528
0.00830078125,-24.74797975189219,-25.057624666138466,-25.662108442139882
0.008544921875,-24.937152106068005,-25.0637430859216,-25.67290294619349
0.0087890625,-25.328323989075066,-25.069914445808674,-25.683820960873152
0.009033203125,-25.915366797229524,-25.076129475096323,-25.694848799675004
0.00927734375,-26.69205498514971,-25.08237881491269,-25.705972695785743
0.009521484375,-27.650733130272474,-25.088653028691557,-25.717178818726666
0.009765625,-28.780842337628503,-25.0949426125152,-25.728453290577665
0.010009765625,-30.06740910647054,-25.101238005310705,-25.739782201757535
0.01025390625,-31.489773364461747,-25.107529598885368,-25.751151626339585
0.010498046875,-33.02091480100857,-25.11380774778842,-25.76254763688479
0.0107421875,-34.62744707535616,-25.120062778986988,-25.77395631877711
0.010986328125,-36.26958856623163,-25.126285001345895,-25.785363784048503
0.01123046875,-37.90019903824878,-25.13246471490179,-25.796756184683996
0.011474609375,-39.46441099205545,-25.1385922199233,-25.808119725399305
0.01171875,-40.90373148656085,-25.144657825750258,-25.819440675886305
0.011962890625,-42.15080921132013,-25.15065185940585,-25.830705382523732
0.01220703125,-43.041824265553885,-25.15656467397712,-25.84190027955288
0.012451171875,-43.096525574424334,-25.162386656759757,-25.853011899719988
0.0126953125,-41.69657504228277,-25.168108237164702,-25.864026884389038
0.012939453125,-39.07710208479392,-25.173719894384732,-25.874931993130602
0.01318359375,-36.08541944874423,-25.17921216482041,-25.88571411279385
0.013427734375,-33.23192123014688,-25.1845756492655,-25.896360266070634
0.013671875,-30.674584132619206,-25.189801019853025,-25.90685761956189
0.013916015625,-28.43349887314751,-25.194879026763935,-25.91719349135786
0.01416015625,-26.489577575754588,-25.199800504701088,-25.927355358145043
0.014404296875,-24.81614794739528,-25.20455637913214,-25.937330861853543
0.0146484375,-23.38790295815423,-25.209137672305527,-25.947107815859756
0.014892578125,-22.182963589416804,-25.213535509044462,-25.956674210759928
0.01513671875,-21.18292235789426,-25.217741122324547,-25.966018219731023
0.015380859375,-20.372354175274072,-25.22174585864104,-25.975128203495856
0.015625,-19.73824432973591,-25.22554118317247,-25.983992714910123
0.015869140625,-19.269458291182037,-25.229118684747792,-25.99260050318911
0.01611328125,-18.95627507362935,-25.232470080624573,-26.000940517792728
0.016357421875,-18.7899743695499,-25.23558722108648,-26.009001911987212
0.0166015625,-18.762459280310583,-25.238462093868126,-26.01677404610247
0.016845703125,-18.865895145583952,-25.241086828416282,-26.02424649050405
0.01708984375,-19.09234532898602,-25.243453699996397,-26.031409028298647
0.017333984375,-19.43338526117364,-25.24555513365369,-26.038251657792273
0.017578125,-19.879676792907986,-25.24738370803833,-26.044764594720217
0.017822265625,-20.420487897192146,-25.248932159104562,-26.050938274267406
0.01806640625,-21.043152524469942,-25.250193383693485,-26.056763352898386
0.018310546875,-21.732490317421394,-25.25116044300963,-26.062230710015243
0.0185546875,-22.470257731920306,-25.251826566001533,-26.067331449461992
0.018798828125,-23.234789630956193,-25.25218515265636,-26.072056900893852
0.01904296875,-24.001099871270917,-25.25222977721908,-26.076398621029018
0.019287109375,-24.741772189017837,-25.251954191346368,-26.08034839480105
0.01953125,-25.428851714387118,-25.25135232720573,-26.083898236429025
0.019775390625,-26.03652182936727,-25.250418300530086,-26.0870403904227
0.02001953125,-26.54374098132593,-25.24914641363821,-26.08976733253954
0.020263671875,-26.93573035722434,-25.24753115843137,-26.092071770710113
0.0205078125,-27.203789847154344,-25.245567219376337,-26.093946645948005
0.020751953125,-27.344178925164968,-25.24324947648493,-26.095385133260294
0.02099609375,-27.35762312085697,-25.240573008300355,-26.09638064257396
0.021240234375,-27.250406256311383,-25.23753309490012,-26.09692681969372
0.021484375,-27.036300832639682,-25.23412522092551,-26.097017547306002
0.021728515625,-26.73733803074164,-25.23034507864746,-26.096646946043883
0.02197265625,-26.381938157344877,-25.226188571078275,-26.095809375627205
0.022216796875,-26.00074743705263,-25.221651815138834,-26.094499436092
0.0224609375,-25.62188675519643,-25.21673114489046,-26.09271196912291
0.022705078125,-25.267215966619773,-25.211423114840628,-26.09044205950207
0.02294921875,-24.950255106688083,-25.205724503331485,-26.087685036687684
0.023193359375,-24.675624922471027,-25.199632316019823,-26.084436476535224
0.0234375,-24.43967806135162,-25.193143789457135,-26.080692203173797
0.023681640625,-24.232180179861395,-25.18625639477786,-26.076448291050298
0.02392578125,-24.039080386325516,-25.178967841504026,-26.071701067153207
0.024169921875,-23.84627532411396,-25.17127608147389,-26.066447113428236
0.0244140625,-23.64374674702721,-25.16317931290214,-26.060683269397245
0.024658203125,-23.42886014716663,-25.154675984578724,-26.054406634991963
0.02490234375,-23.20756810061241,-25.145764800213193,-26.04761457361365
0.025146484375,-22.993077473790052,-25.136444722931024,-26.040304715429574
0.025390625,-22.80270561098741,-25.126714979927907,-26.032474960917025
0.025634765625,-22.654274580662353,-25.11657506728784,-26.024123484665243
0.02587890625,-22.563146314557212,-25.10602475497005,-26.01524873944532
0.026123046875,-22.54031660426194,-25.095064091969693,-26.00584946055802
0.0263671875,-22.591431634249602,-25.08369341165647,-25.995924670468966
0.026611328125,-22.716392557458285,-25.071913337294788,-25.985473683740437
0.02685546875,-22.909296776110995,-25.059724787748788,-25.974496112268564
0.027099609375,-23.158679848360073,-25.047128983374414,-25.962991870834536
0.02734375,-23.44825208940467,-25.034127452100545,-25.950961182977675
0.027587890625,-23.758458408216075,-25.02072203570002,-25.93840458719816
0.02783203125,-24.06908103052,-25.006914896250958,-25.92532294349638
0.028076171875,-24.362630522968622,-24.992708522787574,-25.9117174402555
0.0283203125,-24.627549945025184,-24.978105738139085,-25.897589601473243
0.028564453125,-24.85979919695152,-24.963109705954054,-25.882941294347983
0.02880859375,-25.0617615217853,-24.947723937906584,-25.867774737223893
0.029052734375,-25.238560821988383,-24.931952301079612,-25.852092507898725
0.029296875,-25.393007969218296,-24.915799025519267,-25.835897552296988
0.029541015625,-25.52085971406545,-24.899268711953006,-25.819193193510444
0.02978515625,-25.60803778255334,-24.882366339662802,-25.80198314120655
0.030029296875,-25.63138318378607,-24.865097274503132,-25.78427150140429
0.0302734375,-25.564159104496987,-24.84746727705192,-25.766062786615652
0.030517578125,-25.385766078535518,-24.829482510880982,-25.747361926349306
0.03076171875,-25.09181165812084,-24.81114955093043,-25.72817427797173
0.031005859375,-24.698687006124945,-24.79247539196993,-25.708505637918826
0.03125,-24.23972165626338,-24.77346745712736,-25.688362253249757
0.031494140625,-23.7558723404668,-24.754133606463363,-25.66775083353206
0.03173828125,-23.28661304915063,-24.734482145568137,-25.646678563045118
0.031982421875,-22.864495308475213,-24.714521834154045,-25.6251531132866
0.0322265625,-22.5134565874899,-24.694261894615654,-25.60318265576372
0.032470703125,-22.249337914324627,-24.673712020525556,-25.580775875048243
0.03271484375,-22.08113980397333,-24.65288238503208,-25.55794198207114
0.032958984375,-22.012167518051946,-24.63178364912189,-25.534690727629425
0.033203125,-22.040741234860356,-24.61042696970736,-25.511032416074002
0.033447265625,-22.16046317310337,-24.588824007495948,-25.486977919143637
0.03369140625,-22.360237632957066,-24.566986934595192,-25.4625386899059
0.033935546875,-22.62443231561467,-24.544928441803826,-25.437726776761767
0.0341796875,-22.933771397770624,-24.522661745536325,-25.412554837465564
0.034423828125,-23.267641816461886,-24.500200594324617,-25.38703615310743
0.03466796875,-23.608200292924856,-24.47755927483732,-25.36118464200006
0.034912109375,-23.945776609660246,-24.45475261735342,-25.335014873405854
0.03515625,-24.283915062020572,-24.43179600062389,-25.308542081035377
0.035400390625,-24.642039148126614,-24.408705356051264,-25.28178217624159
0.03564453125,-25.054976445958488,-24.38549717111392,-25.25475176082842
0.035888671875,-25.570740168307577,-24.362188491958424,-25.22746813938557
0.0361328125,-26.24942950067755,-24.338796925080356,-25.199949331055404
0.036376953125,-27.166461848113794,-24.31534063801088,-25.172214080630123
0.03662109375,-28.424151140780243,-24.291838358923723,-25.144281868871584
0.036865234375,-30.180202135955298,-24.268309375074665,-25.11617292193844
0.037109375,-32.71770577669662,-24.244773529983604,-25.08790821979877
0.037353515625,-36.61986571442707,-24.221251219267273,-25.059509503499232
0.03759765625,-42.39411453208334,-24.197763385029667,-25.030999281155083
0.037841796875,-40.4551242502978,-24.174331508715888,-25.002400832518955
0.0380859375,-34.82024169284954,-24.150977602335416,-24.973738211979757
0.038330078125,-31.157884246943514,-24.12772419796064,-24.9450362498373
0.03857421875,-28.648557515381615,-24.104594335407803,-24.916320551692827
0.038818359375,-26.83146310159068,-24.081611548009143,-24.887617495790796
0.0390625,-25.47995028637397,-24.05879984638777,-24.858954228143194
0.039306640625,-24.46641837314054,-24.036183700150286,-24.830358655264554
0.03955078125,-23.70880658556343,-24.013788017416505,-24.801859434343605
0.039794921875,-23.147290968738886,-23.991638122111418,-24.77348596067648
0.0400390625,-22.733087905997387,-23.9697597289509,-24.745268352187068
0.040283203125,-22.42308298842194,-23.948178916060677,-24.717237430861445
0.04052734375,-22.178044239101794,-23.92692209517657,-24.68942470092742
0.040771484375,-21.96348290971134,-23.90601597938462,-24.66186232361522
0.041015625,-21.752251593520725,-23.88548754837078,-24.634583088342858
0.041259765625,-21.527424592645023,-23.8653640111626,-24.607620380179426
0.04150390625,-21.283723647894618,-23.845672766359115,-24.58100814345101
0.041748046875,-21.02642316082466,-23.82644135986019,-24.554780841368796
0.0419921875,-20.768069099838655,-23.807697440122965,-24.52897341157515
0.042236328125,-20.524419644185304,-23.78946871099014,-24.5036212175236
0.04248046875,-20.31104055175296,-23.771782882153456,-24.478759995630355
0.042724609375,-20.141257044093873,-23.75466761733485,-24.454425798160237
0.04296875,-20.025410528984892,-23.73815048028789,-24.430654931837733
0.043212890625,-19.970995122139417,-23.72225887874288,-24.407483892203796
0.04345703125,-19.98321888332476,-23.70702000644019,-24.38494929377269
0.043701171875,-20.06565736973815,-23.692460783417676,-24.363087796077995
0.0439453125,-20.22080446774027,-23.678607794739953,-24.34193602573497
0.044189453125,-20.45042587021229,-23.665487227878078,-24.32153049468591
0.04443359375,-20.755681637118833,-23.65312480896955,-24.30190751483645
0.044677734375,-21.137018938971003,-23.641545738208357,-24.283103109333272
0.044921875,-21.593858264202193,-23.63077462463425,-24.265152920777062
0.045166015625,-22.124119413762095,-23.620835420607833,-24.248092116707973
0.04541015625,-22.723672800465803,-23.611751356274937,-24.231955292744484
0.045654296875,-23.385874427871475,-23.603544874337523,-24.216776373798506
0.0458984375,-24.101460566605745,-23.59623756546103,-24.202588513831117
0.046142578125,-24.859220360533637,-23.589850104657643,-24.1894239946512
0.04638671875,-25.64794139354119,-23.58440218899212,-24.17731412429575
0.046630859375,-26.459966751898115,-23.579912476961027,-24.166289135562053
0.046875,-27.296187628636716,-23.576398529897332,-24.156378085290157
0.047119140625,-28.171623996461037,-23.573876755749943,-24.14760875501651
0.04736328125,-29.120597822841944,-23.572362355582626,-24.14000755363672
0.047607421875,-30.20160579943753,-23.57186927312712,-24.133599422726476
0.0478515625,-31.50440792726887,-23.572410147713327,-24.128407745173277
0.048095703125,-33.164991112352936,-23.573996270883168,-24.124454257769226
0.04833984375,-35.39523522277815,-23.576637546975444,-24.121758968403952
0.048583984375,-38.48804606906649,-23.580342457946642,-24.120340078479153
0.048828125,-42.01739972545235,-23.585118032666767,-24.120213911139995
0.049072265625,-41.144480480319785,-23.590969820901332,-24.121394845885526
0.04931640625,-36.83351194879458,-23.597901872159333,-24.12389526007903
0.049560546875,-33.25176139622687,-23.605916719554365,-24.127725477831817
0.0498046875,-30.540161326724057,-23.615015368791077,-24.132893726679278
0.050048828125,-28.43493818528613,-23.625197292353107,-24.139406102407865
0.05029296875,-26.765077381012663,-23.636460428931404,-24.14726654232659
0.050537109375,-25.429353472168565,-23.648801188094424,-24.156476807206708
0.05078125,-24.36600658702115,-23.66221446016402,-24.167036472040788
0.051025390625,-23.536029651160998,-23.676693631223653,-24.178942925697275
0.05126953125,-22.91428634289408,-23.692230603149408,-24.192191379470426
0.051513671875,-22.48461988794829,-23.708815818519255,-24.206774884449658
0.0517578125,-22.237041305525594,-23.726438290222873,-24.222684357557107
0.052001953125,-22.166042172128876,-23.745085635563385,-24.239908616029382
0.05224609375,-22.269516013688303,-23.76474411461356,-24.258434420050307
0.052490234375,-22.54795340751569,-23.78539867256339,-24.27824652317557
0.052734375,-23.0035951067562,-23.807032985773176,-24.299327730130315
0.052978515625,-23.639077754524024,-23.829629511226365,-24.32165896150629
0.05322265625,-24.454678489269387,-23.853169539060666,-24.345219324837124
0.053466796875,-25.442321380175855,-23.877633247842414,-24.369986191489463
0.0537109375,-26.572833884650272,-23.902999762240764,-24.395935278774402
0.053955078125,-27.771691594162817,-23.929247212751537,-24.423040736657416
0.05419921875,-28.885816836369273,-23.956352797118676,-24.451275238427257
0.054443359375,-29.680861519240334,-23.984292843101798,-24.48061007467321
0.0546875,-29.951833396057182,-24.013042872242355,-24.511015249917442
0.054931640625,-29.701229953002233,-24.04257766428779,-24.542459581253127
0.05517578125,-29.133543199369964,-24.072871321942507,-24.574910798349517
0.055419921875,-28.475127709270645,-24.10389733562674,-24.60833564420268
0.0556640625,-27.86919733127792,-24.13562864793835,-24.642699976032816
0.055908203125,-27.38137962229728,-24.168037717528918,-24.677968865757123
0.05615234375,-27.032932340722816,-24.201096582123128,-24.71410669949906
0.056396484375,-26.824505932670817,-24.234776920429418,-24.751077275630543
0.056640625,-26.74861619515368,-24.269050112710218,-24.788843900882483
0.056884765625,-26.795585069402566,-24.303887299800486,-24.827369484099513
0.05712890625,-26.956329199995466,-24.339259440385028,-24.866616627257688
0.057373046875,-27.223692169588894,-24.375137366366204,-24.90654771340679
0.0576171875,-27.593059288317257,-24.411491836175333,-24.94712499124276
0.057861328125,-28.062533891134684,-24.448293585902213,-24.988310656059017
0.05810546875,-28.632747256777968,-24.485513378137934,-25.03006692686772
0.058349609375,-29.306279632357864,-24.523122048446524,-25.072356119523803
0.05859375,-30.08660711535457,-24.561090549399907,-25.115140715723584
0.058837890625,-30.97640985000031,-24.599389992129687,-25.1583834277881
0.05908203125,-31.974965789825,-24.637991685366003,-25.202047259176155
0.059326171875,-33.07426968720406,-24.676867171950832,-25.24609556070555
0.0595703125,-34.253704010973664,-24.71598826282747,-25.29049208249106
0.059814453125,-35.47415623935916,-24.755327068522547,-25.335201021635605
0.06005859375,-36.675233673468384,-24.794856028149358,-25.380187065736052
0.060302734375,-37.782713415361506,-24.834547935972502,-25.425415432287135
0.060546875,-38.730701780799095,-24.874375965584832,-25.470851904086814
0.060791015625,-39.48565159675736,-24.91431369175581,-25.516462860762907
0.06103515625,-40.04176844871768,-24.95433511001895,-25.562215306555444
0.061279296875,-40.37419512080831,-24.994414654072315,-25.608076894500865
0.0615234375,-40.384351921968545,-25.034527211071847,-25.654015947173733
0.061767578125,-39.91530375622786,-25.0746481349018,-25.700001474149218
0.06201171875,-38.886068814006336,-25.114753257510113,-25.746003186354738
0.062255859375,-37.40611898419873,-25.15481889839952,-25.791991507482827
0.0625,-35.69660234950969,-25.19482187236663,-25.837937582639224
0.062744140625,-33.94624221317393,-25.234739495582744,-25.883813284400393
0.06298828125,-32.262837400012145,-25.274549590110272,-25.929591216453822
0.063232421875,-30.693072693120428,-25.314230486948517,-25.975244714992336
0.0634765625,-29.25068237031215,-25.3537610277018,-26.020747848030275
0.063720703125,-27.934540073539726,-25.3931205649615,-26.06607541280562
0.06396484375,-26.73795608935456,-25.432288961491967,-26.11120293142705
0.064208984375,-25.653007770247562,-25.471246588308144,-26.156106644919774
0.064453125,-24.672415400799892,-25.50997432173017,-26.200763505817815
0.064697265625,-23.790274464604938,-25.548453539497743,-26.24515116944441
0.06494140625,-23.002283139190443,-25.586666116023913,-26.289247984015255
0.065185546875,-22.30576861947382,-25.62459441686506,-26.333032979692952
0.0654296875,-21.699651913228408,-25.662221292480393,-26.376485856713792
0.065673828125,-21.184410286531623,-25.699530071351134,-26.419586972701225
0.06591796875,-20.76205841006506,-25.736504552526167,-26.462317329273453
0.066162109375,-20.436154363992067,-25.77312899765737,-26.504658558045662
0.06640625,-20.211835390857303,-25.809388122584576,-26.546592906120754
0.066650390625,-20.09589517661185,-25.845267088526715,-26.588103221155755
0.06689453125,-20.09692641264059,-25.88075149293217,-26.629172936084796
0.067138671875,-20.22556867892209,-25.915827360038264,-26.66978605357326
0.0673828125,-20.49492459627439,-25.950481131186528,-26.709927130271936
0.067626953125,-20.921243769344468,-25.984699654937053,-26.749581260933958
0.06787109375,-21.525039871518725,-26.018470177022564,-26.78873406245237
0.068115234375,-22.332935071991237,-26.051780330179607,-26.8273716578705
0.068359375,-23.380795693563947,-26.084618123891467,-26.865480660412754
0.068603515625,-24.719329968025804,-26.116971934074897,-26.903048157578656
0.06884765625,-26.42481526708989,-26.14883049273987,-26.940061695338624
0.069091796875,-28.621775750956644,-26.18018287764945,-26.976509262465992
0.0693359375,-31.537899923688695,-26.21101850200414,-27.012379275035837
0.069580078125,-35.66482009510252,-26.24132710417326,-27.047660561117624
0.06982421875,-42.32722332871589,-26.271098737493347,-27.082342345685426
0.070068359375,-48.53377506976961,-26.300323760152175,-27.116414235766413
0.0703125,-41.30727960190911,-26.328992825174513,-27.149866205845363
0.070556640625,-37.6038759574966,-26.357096870524494,-27.182688583540376
0.07080078125,-35.85147723053688,-26.384627109337657,-27.214872035562657
0.071044921875,-35.2073927200549,-26.411575020294062,-27.24640755397081
0.0712890625,-35.33787575221153,-26.437932338142815,-27.277286442728283
0.071533203125,-36.00029362191631,-26.463691044386678,-27.307500304570667
0.07177734375,-36.743681980835625,-26.48884335813452,-27.337041028187805
0.072021484375,-36.700992326789176,-26.513381727127996,-27.365900775724295
0.072265625,-35.36294316048108,-26.53729881894806,-27.394071970600553
0.072509765625,-33.36794562849739,-26.56058751240574,-27.42154728565531
0.07275390625,-31.435729189920117,-26.583240889120976,-27.44831963160939
0.072998046875,-29.832891129117346,-26.605252225292332,-27.474382145849642
0.0732421875,-28.60075136713577,-26.626614983659763,-27.499728181531
0.073486328125,-27.719664430373328,-26.64732280566211,-27.52435129699386
0.07373046875,-27.162721623546354,-26.667369503790056,-27.548245245493447
0.073974609375,-26.909946155152575,-26.68674905413522,-27.57140396523695
0.07421875,-26.95175268523622,-26.705455589135237,-27.59382156972417
0.074462890625,-27.290365227805754,-26.723483390514357,-27.61549233838653
0.07470703125,-27.94202648784529,-26.74082688241889,-27.636410707519282
0.074951171875,-28.941611346619098,-26.757480624746336,-27.656571261501245
0.0751953125,-30.35177606596475,-26.77343930666675,-27.675968724296474
0.075439453125,-32.28027694095106,-26.788697740334868,-27.694597951231543
0.07568359375,-34.9073048986412,-26.803250854791116,-27.7124539210427
0.075927734375,-38.45895410029232,-26.817093690049564,-27.729531728186437
0.076171875,-42.2480387486564,-26.830221391370763,-27.74582657540735
0.076416015625,-41.74811474089808,-26.842629203717326,-27.761333766557108
0.07666015625,-38.44345288940792,-26.854312466390006,-27.776048699658155
0.076904296875,-35.89142696018569,-26.865266607842003,-27.789966860206174
0.0771484375,-34.24898539751397,-26.875487140669335,-27.803083814705104
0.077392578125,-33.30882841529955,-26.884969656774874,-27.81539520442887
0.07763671875,-32.9488972634817,-26.893709822704047,-27.82689673940395
0.077880859375,-33.12986618499748,-26.9017033751499,-27.83758419260712
0.078125,-33.88784377123984,-26.908946116625533,-27.847453394372952
0.078369140625,-35.362737013988806,-26.915433911302028,-27.856500227005746
0.07861328125,-37.917496902126125,-26.921162681009946,-27.86472061959083
0.078857421875,-42.67483270397531,-26.926128401402764,-27.87211054300048
0.0791015625,-58.250948752823916,-26.930327098280703,-27.878666005089716
0.079345703125,-45.12151743361411,-26.93375484407365,-27.884383046077808
0.07958984375,-38.0320442315452,-26.93640775448195,-27.889257734111442
0.079833984375,-34.17269745925158,-26.938281985274216,-27.893286161005634
0.080078125,-31.591485883502322,-26.93937372924131,-27.896464438159153
0.080322265625,-29.73485357495442,-26.93967921330618,-27.898788692641197
0.08056640625,-28.36595428966718,-26.939194695789183,-27.900255063446536
0.080810546875,-27.361216194857846,-26.93791646382905,-27.90085969791674
0.0810546875,-26.64800313830758,-26.935840830959854,-27.900598748325294
0.081298828125,-26.180093353783175,-26.93296413484458,-27.89946836862502
0.08154296875,-25.926378071715824,-26.929282735166286,-27.897464711356363
0.081787109375,-25.865042224731177,-26.924793011678354,-27.89458392471569
0.08203125,-25.98031712273405,-26.919491362415258,-27.890822149783073
0.082275390625,-26.260565492988995,-26.91337420206625,-27.886175517909603
0.08251953125,-26.6971189525909,-26.906437960514218,-27.880640148264533
0.082763671875,-27.283565745000683,-26.898679081542802,-27.874212145543197
0.0830078125,-28.015280623125438,-26.89009402171507,-27.866887597837177
0.083251953125,-28.88893281837635,-26.880679249427665,-27.858662574668564
0.08349609375,-29.901414006702247,-26.870431244144836,-27.84953312519091
0.083740234375,-31.04681213003545,-26.859346495817054,-27.83949527655985
0.083984375,-32.30805630883711,-26.84742150448999,-27.828545032477212
0.084228515625,-33.63569838351025,-26.8346527801096,-27.81667837191288
0.08447265625,-34.90219031203205,-26.821036842530262,-27.803891248009556
0.084716796875,-35.840817934430255,-26.806570221733097,-27.79017958717605
0.0849609375,-36.08634671209343,-26.791249458262605,-27.775539288375715
0.085205078125,-35.46938260113797,-26.77507110389051,-27.759966222617454
0.08544921875,-34.21724160205579,-26.758031722516094,-27.743456232657316
0.085693359375,-32.69151437533445,-26.740127891313676,-27.72600513291991
0.0859375,-31.132364152317862,-26.721356202138352,-27.707608709649804
0.086181640625,-29.65021239134799,-26.701713263202183,-27.68826272130378
0.08642578125,-28.287963898404442,-26.681195701034042,-27.66796289919649
0.086669921875,-27.06163945917543,-26.65980016273725,-27.64670494841253
0.0869140625,-25.978347940791817,-26.637523318560277,-27.624484548999888
0.087158203125,-25.043130152482817,-26.614361864797026,-27.60129735746045
0.08740234375,-24.26136404067403,-26.59031252703428,-27.577139008555058
0.087646484375,-23.639635747535372,-26.565372063765288,-27.552005117441965
0.087890625,-23.186235511013873,-26.539537270389907,-27.52589128216912
0.088134765625,-22.91174321897425,-26.512804983622928,-27.498793086542438
0.08837890625,-22.829935305293667,-26.485172086334106,-27.470706103394242
0.088623046875,-22.959224225819273,-26.45663551284467,-27.441625898277596
0.0888671875,-23.324955389084167,-26.42719225470713,-27.41154803361489
0.089111328125,-23.96314592543103,-26.39683936699674,-27.380468073330665
0.08935546875,-24.92671493525366,-26.36557397514521,-27.348381588001757
0.089599609375,-26.295820024472786,-26.333393282348844,-27.31528416055965
0.08984375,-28.192409338799816,-26.30029457758603,-27.281171392583285
0.090087890625,-30.774193798094522,-26.26627524428061,-27.246038911223135
0.09033203125,-33.94296443456938,-26.231332769650592,-27.20988237680053
0.090576171875,-35.537268837314386,-26.195464754783778,-27.172697491129675
0.0908203125,-33.14473439969494,-26.158668925484825,-27.13448000661327
0.091064453125,-30.037794904899027,-26.12094314394078,-27.095225736166263
0.09130859375,-27.627976864627918,-26.082285421255165,-27.054930564026808
0.091552734375,-25.876340669562595,-26.042693930903784,-27.013590457517125
0.091796875,-24.63313290609648,-26.002167023168422,-26.97120147982226
0.092041015625,-23.7943191086628,-25.960703240608215,-26.92775980385903
0.09228515625,-23.29621573325241,-25.91830133463159,-26.883261727313112
0.092529296875,-23.10249554730293,-25.874960283235673,-26.837703688927448
0.0927734375,-23.19641509043378,-25.83067930998339,-26.791082286131154
0.093017578125,-23.577502718277707,-25.785457904292784,-26.743394294104373
0.09326171875,-24.26179640426141,-25.739295843116615,-26.694636686380946
0.093505859375,-25.28586971212427,-25.6921932140948,-26.644806657097924
0.09375,-26.7164116350421,-25.644150440266106,-26.593901645008152
0.093994140625,-28.669035238755562,-25.595168306430022,-26.54191935937994
0.09423828125,-31.335934388615133,-25.545247987253752,-26.48885780791597
0.094482421875,-34.91855791137446,-25.494391077223874,-26.43471532683209
0.0947265625,-38.22277308704822,-25.442599622546243,-26.37949061324552
0.094970703125,-36.60302206648963,-25.389876155102055,-26.323182760031237
0.09521484375,-33.045887094976955,-25.33622372857211,-26.26579129331502
0.095458984375,-30.313834623458117,-25.28164595684503,-26.20731621278135
0.095703125,-28.365637347319684,-25.226147054829156,-26.14775803498477
0.095947265625,-26.97291326811905,-25.16973188179079,-26.087117839863396
0.09619140625,-25.98653860030394,-25.11240598734465,-26.025397320664204
0.096435546875,-25.31507899837711,-25.05417566022437,-25.96259883749983
0.0966796875,-24.90107094767602,-24.995047979962877,-25.898725474767517
0.096923828125,-24.707452079915523,-24.935030871612767,-25.83378110267088
0.09716796875,-24.709820081236117,-24.874133163636962,-25.767770443095145
0.097412109375,-24.891344349317592,-24.812364649098143,-25.70069914009586
0.09765625,-25.238310552631948,-24.749736150272636,-25.63257383526961
0.097900390625,-25.734624260481723,-24.68625958680976,-25.563402248282422
0.09814453125,-26.353496089337185,-24.62194804755095,-25.493193262837753
0.098388671875,-27.044887550769204,-24.55681586611401,-25.42195701836973
0.0986328125,-27.72089625362959,-24.490878700336275,-25.349705007749044
0.098876953125,-28.25297680500595,-24.42415361565567,-25.27645018128784
0.09912109375,-28.509038519194775,-24.356659172490353,-25.20220705732489
0.099365234375,-28.433305924116013,-24.28841551765583,-25.126991839663795
0.099609375,-28.094897011616315,-24.219444479830997,-25.050822542122365
0.099853515625,-27.642092529497955,-24.14976966905353,-24.97371912043167
0.10009765625,-27.222300739295765,-24.0794165801872,-24.89570361169593
0.100341796875,-26.94371046638031,-24.00841270025999,-24.816800281588716
0.1005859375,-26.877583245989104,-23.936787619521258,-24.737035779416367
0.100830078125,-27.07255455511362,-23.864573146007793,-24.656439301122653
0.10107421875,-27.564821695034304,-23.791803423341896,-24.575042760240613
0.101318359375,-28.375956531837527,-23.71851505140866,-24.492880966713297
0.1015625,-29.480654952273248,-23.644747209474435,-24.409991813406215
0.101806640625,-30.696122715620323,-23.57054178121196,-24.326416470015488
0.10205078125,-31.47434441188864,-23.495943480991315,-24.242199583937527
0.102294921875,-31.079040315612943,-23.420999980677056,-24.157389487504606
0.1025390625,-29.584547721307484,-23.345762036042036,-24.072038410804662
0.102783203125,-27.747466674722624,-23.27028361176638,-23.986202699090633
0.10302734375,-26.051548122901167,-23.194622003836397,-23.899943033542655
0.103271484375,-24.642615860332683,-23.118837957993094,-23.81332465387424
0.103515625,-23.53343901030419,-23.04299578270472,-23.7264175809687
0.103759765625,-22.701474679045752,-22.96716345495277,-23.639296837395708
0.10400390625,-22.11909264935771,-22.89141271692921,-23.552042663287803
0.104248046875,-21.761012336529344,-22.81581916154545,-23.464740724656245
0.1044921875,-21.605004582500335,-22.74046230445558,-23.377482310794875
0.104736328125,-21.630681888817836,-22.66542564009969,-23.290364516965496
0.10498046875,-21.81777378694131,-22.590796679084658,-23.203490408083493
0.105224609375,-22.14435836152333,-22.51666696404375,-23.116969158635467
0.10546875,-22.585433789961744,-22.44313206096081,-23.030916163573835
0.105712890625,-23.11247106952443,-22.37029152281651,-22.945453114458484
0.10595703125,-23.694900616397696,-22.298248822323103,-22.860708034669898
0.106201171875,-24.304365617701897,-22.227111250468496,-22.77681526712199
0.1064453125,-24.92141197816337,-22.156989777602444,-22.693915407579517
0.106689453125,-25.542170836824095,-22.087998873875975,-22.612155176460135
0.10693359375,-26.181165339351203,-22.020256286003274,-22.531687221906786
0.107177734375,-26.86745320197491,-21.9538827675615,-22.452669846981777
0.107421875,-27.633715460095345,-21.889001760390453,-22.375266654095526
0.107666015625,-28.49756847496011,-21.825739025107897,-22.299646100273115
0.10791015625,-29.429177086118994,-21.764222219325408,-22.225980957612343
0.108154296875,-30.29678058684762,-21.704580422836763,-22.154447674328367
0.1083984375,-30.820532181801244,-21.646943609857537,-22.085225633132314
0.108642578125,-30.68308874956876,-21.59144206931534,-22.01849630536969
0.10888671875,-29.844037389681546,-21.53820577521771,-21.954442301349157
0.109130859375,-28.597851538734844,-21.48736371024262,-21.89324631961087
0.109375,-27.269127011206052,-21.439043146885822,-21.835090000484012
0.109619140625,-26.0433157847889,-21.393368891731605,-21.780152692115145
0.10986328125,-24.994653052090182,-21.3504624996574,-21.728610140140198
0.110107421875,-24.143491198987487,-21.3104414659989,-21.680633115231174
0.1103515625,-23.4894124659127,-21.273418405849096,-21.63638599576076
0.110595703125,-23.025794864661723,-21.23950023069564,-21.596025325666556
0.11083984375,-22.7454917046491,-21.208787333470298,-21.559698370121176
0.111083984375,-22.642640018013594,-21.18137279374594,-21.52754169368301
0.111328125,-22.712587505310125,-21.15734161522861,-21.49967978707479
0.111572265625,-22.950408663048222,-21.136770007818587,-21.476223769489536
0.11181640625,-23.347551556542484,-21.119724726328837,-21.457270193254672
0.112060546875,-23.8853223282495,-21.106262477433546,-21.442899976727674
0.1123046875,-24.523328378812607,-21.09642940557179,-21.43317748942375
0.112548828125,-25.1826130522236,-21.090260667360848,-21.428149810608794
0.11279296875,-25.732820974675036,-21.08778010260538,-21.42784617899721
0.113037109375,-26.01351210434851,-21.089000008260182,-21.43227764689245
0.11328125,-25.916654656768113,-21.093921019768096,-21.441436947257642
0.113525390625,-25.471347687719593,-21.102532102110175,-21.455298576998185
0.11376953125,-24.821930229856783,-21.11481065074242,-21.473819094394422
0.114013671875,-24.130323304120367,-21.13072270042498,-21.496937623366094
0.1142578125,-23.51447833174071,-21.15022323784818,-21.52457655229993
0.114501953125,-23.043745431920506,-21.173256611994834,-21.55664241072879
0.11474609375,-22.75553297181666,-21.19975703441332,-21.59302690338306
0.114990234375,-22.670947237982308,-21.229649160062806,-21.633608078170298
0.115234375,-22.804957948287186,-21.262848738171783,-21.678251602557992
0.115478515625,-23.1726318044297,-21.29926332165043,-21.726812121667585
0.11572265625,-23.79355941120691,-21.33879302302862,-21.779134671120314
0.115966796875,-24.696200676447994,-21.38133130465361,-21.835056118247316
0.1162109375,-25.92380932229951,-21.426765790959305,-21.89440660659464
0.116455078125,-27.54420163843227,-21.474979090987713,-21.95701098059676
0.11669921875,-29.666768323046206,-21.525849619967463,-22.022690169725895
0.116943359375,-32.46644401769459,-21.579252409593515,-22.091262514202825
0.1171875,-36.13638390767925,-21.63505989766007,-22.162545017339454
0.117431640625,-39.847536120430625,-21.693142688830378,-22.236354512641515
0.11767578125,-39.26991853327665,-21.753370279535066,-22.312508736815282
0.117919921875,-36.09829816703081,-21.81561174123255,-22.39082730269758
0.1181640625,-33.56367045036265,-21.879736357502,-22.471132568787784
0.118408203125,-31.788035593064926,-21.945614211637036,-22.553250404446036
0.11865234375,-30.534900978553804,-22.01311672253977,-22.63701085190148
0.118896484375,-29.62660329898691,-22.082117127757336,-22.72224868796681
0.119140625,-28.940136534470273,-22.15249091344247,-22.808803889782943
0.119384765625,-28.387256686407156,-22.224116191844168,-22.896522010027027
0.11962890625,-27.904175313364547,-22.29687402764174,-22.98525446783327
0.119873046875,-27.446706397916284,-22.370648715022444,-23.074858762222075
0.1201171875,-26.986649695000974,-22.445328007875602,-23.16519861514465
0.120361328125,-26.50755090858962,-22.52080330583883,-23.256144051357648
0.12060546875,-26.000233033111076,-22.59696979919368,-23.34757142228133
0.120849609375,-25.459531625806832,-22.67372657577967,-23.439363380797996
0.12109375,-24.883182408505693,-22.750976693185866,-23.531408813643214
0.121337890625,-24.272542338495647,-22.828627219501172,-23.623602737661386
0.12158203125,-23.633828716886462,-22.906589245867266,-23.715846165760475
0.121826171875,-22.97848070582688,-22.984777873993757,-23.808045947931294
0.1220703125,-22.32202809588458,-23.06311218167219,-23.900114592211224
0.122314453125,-21.681843332856438,-23.141515169173648,-23.991970069984113
0.12255859375,-21.074663190527495,-23.219913689241757,-24.083535609530124
0.122802734375,-20.51462835635174,-23.298238363205442,-24.174739481278635
0.123046875,-20.01213835747377,-23.376423485540798,-24.265514777780844
0.123291015625,-19.573445163086724,-23.454406919012676,-24.355799191010817
0.12353515625,-19.200761677086355,-23.5321299823295,-24.44553478922706
0.123779296875,-18.892689264944053,-23.6095373320515,-24.534667795281816
0.1240234375,-18.644864630777587,-23.68657684030699,-24.623148367953892
0.124267578125,-18.45081124735325,-23.763199469693916,-24.710930387600833
0.12451171875,-18.30301156956997,-23.83935914657731,-24.797971247177845
0.124755859375,-18.1941772067223,-23.915012633837577,-24.88423164945067
0.125,-18.11859582605332,-23.990119403980824,-24.96967541103856
0.125244140625,-18.073322308697676,-24.064641513390267,-25.05426927375568
0.12548828125,-18.058931579148595,-24.13854347837775,-25.13798272357643
0.125732421875,-18.07961953151297,-24.21179215358546,-25.22078781742711
0.1259765625,-18.14261395312915,-24.284356613190266,-25.30265901790259
0.126220703125,-18.257049453470955,-24.35620803527613,-25.383573035920044
0.12646484375,-18.432566161350632,-24.427319589662446,-25.463508681249174
0.126708984375,-18.677872921792833,-24.497666329408094,-25.542446720799976
0.126953125,-18.999416104582632,-24.56722508615137,-25.62036974450106
0.127197265625,-19.400198281137374,-24.63597436939404,-25.69726203856444
0.12744140625,-19.878770426209286,-24.703894269792738,-25.773109465903307
0.127685546875,-20.428521689851312,-24.770966366482906,-25.84789935344808
0.1279296875,-21.037619681982754,-24.837173638427373,-25.921620386090165
0.128173828125,-21.690237376752187,-24.902500379754482,-25.9942625069732
0.12841796875,-22.36979642947763,-24.966932119027618,-26.06581682384572
0.128662109375,-23.06445388862448,-25.0304555423692,-26.136275521186963
0.12890625,-23.773774782337593,-25.093058420346914,-26.205631777819136
0.129150390625,-24.51418735264211,-25.154729538517742,-26.27387968972226
0.12939453125,-25.320892332313644,-25.215458631516302,-26.341014197773962
0.129638671875,-26.245816406961634,-25.275236320566286,-26.407031020142796
0.1298828125,-27.3528934153097,-25.334054054289766,-26.471926589072737
0.130126953125,-28.709842191624713,-25.391904052684904,-26.535697991804845
0.13037109375,-30.363569136654927,-25.448779254141694,-26.598342915392568
0.130615234375,-32.245219107042786,-25.504673265364282,-26.659859595176606
0.130859375,-33.87951018172264,-25.559580314069446,-26.720246766696544
0.131103515625,-34.20803167445872,-25.613495204331866,-26.77950362082609
0.13134765625,-32.953473115235624,-25.666413274449248,-26.83762976192999
0.131591796875,-31.16076663955027,-25.71833035720307,-26.894625168850688
0.1318359375,-29.55426810481861,-25.769242742393814,-26.950490158543104
0.132080078125,-28.323982544822965,-25.81914714153321,-27.005225352185885
0.13232421875,-27.480229779129775,-25.868040654579822,-27.058831643606975
0.132568359375,-27.00048729595847,-25.915920738608346,-27.11131016987086
0.1328125,-26.867612630702812,-25.9627851783072,-27.162662283883535
0.133056640625,-27.079349663276126,-26.00863205820302,-27.212889528879995
0.13330078125,-27.65295316986562,-26.053459736515237,-27.26199361466709
0.133544921875,-28.63262241262824,-26.097266820547883,-27.30997639550244
0.1337890625,-30.105756851947014,-26.1400521435302,-27.35683984949736
0.134033203125,-32.239955856450486,-26.181814742821587,-27.402586059438974
0.13427734375,-35.3669612733254,-26.22255383940061,-27.447217194932993
0.134521484375,-40.03129024416025,-26.262268818561733,-27.490735495775187
0.134765625,-43.430013743660105,-26.300959211747088,-27.533143256465287
0.135009765625,-38.880017736774406,-26.338624679444642,-27.574442811782575
0.13525390625,-34.78350263410951,-26.375264995087285,-27.61463652334786
0.135498046875,-32.067782498182254,-26.41088002989119,-27.653726767101045
0.1357421875,-30.198943024494042,-26.445469738574715,-27.69171592162854
0.135986328125,-28.883622098308635,-26.479034145902617,-27.72860635727866
0.13623046875,-27.964044997522862,-26.511573334002925,-27.764400426007395
0.136474609375,-27.34844225180744,-26.54308743040727,-27.799100451900827
0.13671875,-26.980352345681307,-26.573576596767452,-27.832708722323538
0.136962890625,-26.824413086759282,-26.603041018204348,-27.865227479646215
0.13720703125,-26.859298691381994,-26.631480893247033,-27.896658913508283
0.137451171875,-27.07394997301359,-26.658896424323014,-27.92700515357454
0.1376953125,-27.465369085062612,-26.685287808761835,-27.956268262747187
0.137939453125,-28.037110456111915,-26.710655230277244,-27.984450230797478
0.13818359375,-28.797915425464975,-26.734998850894396,-28.011552968383153
0.138427734375,-29.759900749384826,-26.758318803290784,-28.037578301420222
0.138671875,-30.93524794326867,-26.78061518352113,-28.062527965779633
0.138916015625,-32.329160564373545,-26.801888044098227,-28.086403602281163
0.13916015625,-33.9246773463219,-26.822137387403213,-28.1092067519586
0.139404296875,-35.65349679864163,-26.841363159400053,-28.130938851571948
0.1396484375,-37.35852798986139,-26.859565243630705,-28.15160122934394
0.139892578125,-38.806646863155635,-26.876743455468194,-28.1711951008992
0.14013671875,-39.8492939380397,-26.892897536606558,-28.189721565386176
0.140380859375,-40.61073543330893,-26.90802714976728,-28.2071816017627
0.140625,-41.3983076418413,-26.922131873603025,-28.22357606522738
0.140869140625,-42.414249348097925,-26.9352111977806,-28.2389056837799
0.14111328125,-43.35730854649947,-26.947264518225637,-28.253171054894377
0.141357421875,-42.979359942919785,-26.958291132512542,-28.26637264229062
0.1416015625,-40.679100090021606,-26.9682902353841,-28.27851077278901
0.141845703125,-37.76809615699439,-26.977260914385383,-28.289585633235383
0.14208984375,-35.140099820988844,-26.985202145597974,-28.299597267483144
0.142333984375,-32.968546533345055,-26.99211278946037,-28.30854557342002
0.142578125,-31.22275121794122,-26.997991586661595,-28.31643030002795
0.142822265625,-29.844740975097285,-27.0028371540951,-28.323251044464577
0.14306640625,-28.784736792596753,-27.006647980860812,-28.329007249155662
0.143310546875,-28.004855234495448,-27.009422424303374,-28.333698198887873
0.1435546875,-27.476951730464044,-27.011158706075157,-28.337323017891833
0.143798828125,-27.179888953963506,-27.011854908212797,-28.339880666905685
0.14404296875,-27.097015050092793,-27.011508969216532,-28.34136994020957
0.144287109375,-27.213607539442467,-27.010118680121455,-28.341789462621723
0.14453125,-27.513691360890704,-27.00768168055063,-28.34113768644717
0.144775390625,-27.975362959874076,-27.004195454739506,-28.339412888369836
0.14501953125,-28.56357591512417,-26.999657327521746,-28.336613166279406
0.145263671875,-29.220014214368845,-26.994064460266497,-28.332736436024195
0.1455078125,-29.85332074749628,-26.987413846757047,-28.32778042808108
0.145751953125,-30.34184902844791,-26.979702309001198,-28.3217426841341
0.14599609375,-30.567536099066942,-26.970926492963446,-28.314620553552757
0.146240234375,-30.475785980375637,-26.96108286420901,-28.306411189761423
0.146484375,-30.107243650110078,-26.95016770344995,-28.29711154649098
0.146728515625,-29.563000134482678,-26.938177101983236,-28.286718373903685
0.14697265625,-28.944762422126193,-26.92510695701067,-28.275228214582263
0.147216796875,-28.32252860777835,-26.910952966830415,-28.26263739937389
0.1474609375,-27.73283288242464,-26.895710625889635,-28.24894204307971
0.147705078125,-27.188806480123496,-26.879375219687414,-28.234138039979978
0.14794921875,-26.690276709498853,-26.86194181951731,-28.21822105918514
0.148193359375,-26.23074540315742,-26.84340527703786,-28.201186539802237
0.1484375,-25.801494820119167,-26.82376021865985,-28.183029685906224
0.148681640625,-25.393689165603245,-26.80300103973812,-28.16374546130517
0.14892578125,-24.99921995123004,-26.78112189855561,-28.143328584087715
0.149169921875,-24.61087085743013,-26.758116710086824,-28.121773520941126
0.1494140625,-24.222248818221633,-26.733979139527367,-28.099074481227362
0.149658203125,-23.827801583036745,-26.70870259557566,-28.07522541080429
0.14990234375,-23.42308997014973,-26.682280223452292,-28.050219985578437
0.150146484375,-23.005315572696517,-26.654704897642084,-28.024051604775142
0.150390625,-22.57395887232997,-26.625969214342675,-27.996713383911143
0.150634765625,-22.131304066450873,-26.596065483603407,-27.968198147453993
0.15087890625,-21.682645534325033,-26.564985721136832,-27.93849842115184
0.151123046875,-21.23607728102764,-26.53272163978459,-27.907606424016148
0.1513671875,-20.801907652628607,-26.49926464061844,-27.875514059939196
0.151611328125,-20.391848837870313,-26.464605803656056,-27.842212908926992
0.15185546875,-20.018163010931968,-26.428735878170198,-27.80769421792713
0.152099609375,-19.692909834503894,-26.391645272568603,-27.771948891230146
0.15234375,-19.427369775389234,-26.353324043820695,-27.734967480421446
0.152587890625,-19.231651737221252,-26.313761886405743,-27.69674017385967
0.15283203125,-19.114452033284735,-26.272948120755718,-27.65725678565573
0.153076171875,-19.0829172277384,-26.230871681164306,-27.616506744125388
0.1533203125,-19.14256972571535,-26.187521103132,-27.574479079686434
0.153564453125,-19.29727579911354,-26.14288451011508,-27.531162412169586
0.15380859375,-19.54926825703222,-26.096949599644574,-27.48654493751062
0.154052734375,-19.899280821792235,-26.04970362877875,-27.440614413788673
0.154296875,-20.34690892908909,-26.001133398850666,-27.39335814657378
0.154541015625,-20.891376376026933,-25.951225239469586,-27.344762973544007
0.15478515625,-21.5329405388327,-25.89996499173239,-27.294815248330014
0.155029296875,-22.275181218643255,-25.847337990598174,-27.243500823542
0.1552734375,-23.128375146397836,-25.79332904637598,-27.19080503293081
0.155517578125,-24.114124090303424,-25.737922425272274,-27.13671267263184
0.15576171875,-25.27160374172351,-25.681101828940953,-27.08120798143667
0.156005859375,-26.666663171357236,-25.622850372974682,-27.024274620033324
0.15625,-28.407123159570617,-25.563150564271965,-26.965895649152188
0.156494140625,-30.67078424110465,-25.501984277209683,-26.906053506549647
0.15673828125,-33.73947123666801,-25.43933272854577,-26.844729982756952
0.156982421875,-37.71036714525231,-25.375176450970798,-26.781906195516093
0.1572265625,-39.20314518641163,-25.30949526522173,-26.717562562818905
0.157470703125,-35.47508588132739,-25.24226825066411,-26.651678774459175
0.15771484375,-31.89884850010491,-25.173473714241943,-26.584233762000636
0.157958984375,-29.326425303899853,-25.10308915768696,-26.515205667056314
0.158203125,-27.48233804710919,-25.031091242870083,-26.444571807766494
0.158447265625,-26.164907462538906,-24.957455755169153,-26.37230864335356
0.15869140625,-25.25782069784463,-24.882157564716522,-26.298391736622627
0.158935546875,-24.693887819752657,-24.805170585379383,-26.222795714265725
0.1591796875,-24.43452462935661,-24.726467731313488,-26.145494224816275
0.159423828125,-24.459430526220167,-24.646020870917972,-26.066459894087576
0.15966796875,-24.761602694843873,-24.563800778004392,-25.98566427791516
0.159912109375,-25.34534330729222,-24.479777079977303,-25.903077812007822
0.16015625,-26.226204494564243,-24.39391820280663,-25.81866975869533
0.160400390625,-27.432224352976114,-24.306191312552517,-25.732408150342255
0.16064453125,-29.004870339240007,-24.21656225318301,-25.644259729177673
0.160888671875,-30.992017918125295,-24.124995480401218,-25.554189883267604
0.1611328125,-33.39521760592801,-24.031453991173727,-25.462162578333185
0.161376953125,-35.914475875858734,-23.935899248623475,-25.36814028508988
0.16162109375,-37.345558776856464,-23.838291101919694,-25.272083901753845
0.161865234375,-36.570685445791284,-23.738587700762746,-25.173952671327648
0.162109375,-34.73344845767067,-23.636745404024243,-25.073704093241723
0.162353515625,-32.962914993516,-23.5327186820601,-24.971293828886747
0.16259765625,-31.500632815745227,-23.426460012167652,-24.866675600527003
0.162841796875,-30.304791628344788,-23.317919766605936,-24.759801083034986
0.1630859375,-29.295684720139,-23.207046092540256,-24.65061978783116
0.163330078125,-28.40844953144906,-23.093784783207315,-24.539078938350627
0.16357421875,-27.600959899982126,-22.978079139525217,-24.425123336288497
0.163818359375,-26.850952279403124,-22.859869821292143,-24.308695217798476
0.1640625,-26.149730556599458,-22.739094687026714,-24.189734098731186
0.164306640625,-25.49541045405479,-22.61568862140228,-24.06817660790125
0.16455078125,-24.887664500637502,-22.489583349112692,-23.943956307261544
0.164794921875,-24.324847417404186,-22.36070723388036,-23.817003497740036
0.1650390625,-23.8033921298306,-22.228985061171848,-23.687245009353973
0.165283203125,-23.318829211812076,-22.094337803023947,-23.55460397405844
0.16552734375,-22.86761919056668,-21.956682363199196,-23.418999579608403
0.165771484375,-22.449011150787314,-21.81593130068068,-23.280346802509847
0.166015625,-22.06629736061891,-21.671992529279834,-23.13855611790645
0.166259765625,-21.727136497306688,-21.524768990861066,-22.99353318398538
0.16650390625,-21.44300236608715,-21.374158299381456,-22.845178498188478
0.166748046875,-21.228119865014122,-21.22005235259353,-22.693387022172917
0.1669921875,-21.098346734768146,-21.06233690785899,-22.53804777207516
0.167236328125,-21.07035787858674,-20.90089111806362,-22.379043370183417
0.16748046875,-21.161304570278965,-20.73558702309731,-22.216249553608574
0.167724609375,-21.388969174667146,-20.566288991758178,-22.049534634948394
0.16796875,-21.77236796376225,-20.392853108241546,-21.878758909252927
0.168212890625,-22.332764638203702,-20.215126496569447,-21.70377400080353
0.16845703125,-23.09512097885871,-20.03294657538175,-21.524422142293194
0.168701171875,-24.09011383708938,-19.846140234427626,-21.340535377920023
0.1689453125,-25.356994215581338,-19.6545229228349,-21.151934680649184
0.169189453125,-26.947775714456057,-19.457897637766873,-20.958428972429097
0.16943359375,-28.933522830201888,-19.25605380035837,-20.759814034420568
0.169677734375,-31.413675504336766,-19.04876600381272,-20.55587129226716
0.169921875,-34.527960612012855,-18.835792616180512,-20.346366459035416
0.170166015625,-38.45849740272699,-18.616874217564924,-20.131048015615075
0.17041015625,-43.33072608915434,-18.391731848223774,-19.90964550499549
0.170654296875,-48.47427003184734,-18.160065040170686,-19.68186761281644
0.1708984375,-50.12700439212882,-17.92154960029964,-19.447400001790378
0.171142578125,-45.930707673223345,-17.67583510762882,-19.205902861835593
0.17138671875,-40.42892923485019,-17.42254208081424,-18.95700813083762
0.171630859375,-35.746013283717964,-17.161258764424293,-18.70031633260441
0.171875,-32.0092662041221,-16.891537473360337,-18.43539296847625
0.172119140625,-29.046318083691087,-16.612890423985874,-18.161764386787635
0.17236328125,-26.703686643875074,-16.324784967684895,-17.878913039454453
0.172607421875,-24.875060643962804,-16.02663812737785,-17.58627201675486
0.1728515625,-23.49148071208117,-15.717810319648757,-17.28321872911932
0.173095703125,-22.511079810472726,-15.397598124284613,-16.96906757750487
0.17333984375,-21.912524269846664,-15.065225939045186,-16.64306142056977
0.173583984375,-21.6916812127128,-14.71983633051386,-16.304361606047536
0.173828125,-21.86087988421894,-14.360478862690172,-15.952036283918183
0.174072265625,-22.450588202369946,-13.98609715551238,-15.585046658571892
0.17431640625,-23.513799427768415,-13.595513899857838,-15.202230764678719
0.174560546875,-25.133641954286034,-13.187413541853184,-14.80228426611325
0.1748046875,-27.433242201971765,-12.760322362827093,-14.383737679998557
0.175048828125,-30.57540433241637,-12.312585750293522,-13.944929323701679
0.17529296875,-34.674269818590844,-11.842342631977674,-13.483973184840298
0.175537109375,-39.25149922859346,-11.34749742433078,-12.998720853681533
0.17578125,-41.31022144514654,-10.825690604032197,-12.486716699065234
0.176025390625,-36.692228551338964,-10.27427046815687,-11.945145748095396
0.17626953125,-30.14416164034985,-9.690271405298915,-11.37077452141657
0.176513671875,-24.594435313613285,-9.070409178074106,-10.75988693953642
0.1767578125,-20.092880080093764,-8.411113431274877,-10.108221495067028
0.177001953125,-16.39514667701401,-7.708635881433916,-9.410924538460192
0.17724609375,-13.310533980450058,-6.959306896406991,-8.662552659762753
0.177490234375,-10.708741691600974,-6.160077094122826,-7.857195072361478
0.177734375,-8.50063924346241,-5.309597347861347,-6.988866272631201
0.177978515625,-6.623828407767785,-4.410292124459499,-6.0524847532235615
0.17822265625,-5.033542687969153,-3.4721807867413346,-5.0460915727808375
0.178466796875,-3.697002347033696,-2.519460450913034,-3.9756081150904663
0.1787109375,-2.5898546957198283,-1.6003534074357237,-2.8644331968058196
0.178955078125,-1.6938777150102386,-0.7973000430344145,-1.7706507485264769
0.17919921875,-0.9954684166452348,-0.22552024076170354,-0.8098380437993957
0.179443359375,-0.4846351902094098,0.0,-0.16040508903286735
0.1796875,-0.15432708184602045,-0.1730601755177017,0.0
0.179931640625,0.0,-0.6975556676939412,-0.3773099177951061
0.18017578125,-0.019361304327214897,-1.4602544081381887,-1.1676965171435087
0.180419921875,-0.21226202882290948,-2.344702989493999,-2.1792061619722
0.1806640625,-0.5807274001119616,-3.2663861768205624,-3.2606812269632854
0.180908203125,-1.1291366717906357,-4.17540330093172,-4.326365616403541
0.18115234375,-1.8645879861571815,-5.046498326137392,-5.337230405673345
0.181396484375,-2.7975206998094575,-5.869060552566846,-6.279748505079535
0.181640625,-3.9427304163914085,-6.64035963719919,-7.152548819272376
0.181884765625,-5.321030270759962,-7.36159769913386,-7.959458314933864
0.18212890625,-6.962053625730139,-8.03576130820563,-8.70616196910443
0.182373046875,-8.909229798148727,-8.666500318477334,-9.398682982277066
0.1826171875,-11.229278373682217,-9.257564280608197,-10.04273609370385
0.182861328125,-14.032212561176763,-9.812534324435342,-10.64348896333317
0.18310546875,-17.519801053264295,-10.334709017648773,-11.205508964821174
0.183349609375,-22.130525808099225,-10.827068867611993,-11.732789854464457
0.18359375,-29.1613869956877,-11.292279610999959,-12.228808785341737
0.183837890625,-43.30673459266003,-11.732713332041417,-12.69659090499218
0.18408203125,-32.78104089402239,-12.15047651197957,-13.13877157214814
0.184326171875,-28.62322253165495,-12.547439475860322,-13.557652309799135
0.1845703125,-27.058842090663802,-12.925264558596298,-13.955249446231823
0.184814453125,-26.67524662461069,-13.285431822812313,-14.333335656143223
0.18505859375,-26.991396818932326,-13.629261946826318,-14.693475115897556
0.185302734375,-27.754010826386832,-13.957936296065741,-15.037053130606818
0.185546875,-28.771707299416214,-14.27251437613631,-15.365301072671409
0.185791015625,-29.869611359991637,-14.573948939164882,-15.679317387762374
0.18603515625,-30.909085548426063,-14.863099030736446,-15.980085320918363
0.186279296875,-31.84217855463482,-15.140741252059764,-16.26848791346598
0.1865234375,-32.733124166135916,-15.40757948675888,-16.54532072950998
0.186767578125,-33.71355117537345,-15.664253312295662,-16.811302691481558
0.18701171875,-34.92294353603165,-15.911345286755033,-17.067085337610035
0.187255859375,-36.48181892443923,-16.14938727460647,-17.313260758987962
0.1875,-38.48189442884167,-16.3788659508963,-17.55036842853803
0.187744140625,-40.90450007468238,-16.600227602301423,-17.778901097073522
0.18798828125,-43.17288096558977,-16.813882325439305,-17.999309901327436
0.188232421875,-43.53669600181703,-17.0202077074963,-18.212008804068873
0.1884765625,-41.66466561911707,-17.21955206127192,-18.417378466188953
0.188720703125,-39.34142308272732,-17.412237275808945,-18.615769634067426
0.18896484375,-37.35065257845534,-17.598561334585334,-18.807506111933844
0.189208984375,-35.772842940826095,-17.778800545509178,-18.992887377748204
0.189453125,-34.5603525888862,-17.953211520451045,-19.172190891893827
0.189697265625,-33.66517967511073,-18.12203293656672,-19.345674140334598
0.18994140625,-33.051942011077635,-18.285487107041984,-19.513576447545795
0.190185546875,-32.690832145533605,-18.443781384986217,-19.676120589245123
0.1904296875,-32.54661371518272,-18.597109420897404,-19.833514230538334
0.190673828125,-32.5645046533348,-18.74565229131819,-19.985951211394728
0.19091796875,-32.65357993209593,-18.889579513921298,-20.13361269825981
0.191162109375,-32.678178843996754,-19.029049962233724,-20.2766682179913
0.19140625,-32.48502538555837,-19.16421269147679,-20.415276588086712
0.191650390625,-31.981567347281924,-19.29520768551755,-20.54958675529136
0.19189453125,-31.202690503189526,-19.4221665336556,-20.679738553075126
0.192138671875,-30.280834967170268,-19.545213044877023,-20.805863387102093
0.1923828125,-29.360037359923254,-19.664463806265637,-20.928084856649306
0.192626953125,-28.545373266865923,-19.78002869144901,-21.046519318930002
0.19287109375,-27.900162187089833,-19.89201132425305,-21.161276402414924
0.193115234375,-27.460901172527418,-20.000509502129372,-21.272459474503794
0.193359375,-27.251654231345007,-20.105615583388623,-21.38016606825621
0.193603515625,-27.294250785663472,-20.207416841811636,-21.484488272336094
0.19384765625,-27.61589871776014,-20.305995791807124,-21.585513087840845
0.194091796875,-28.25689667244078,-20.40143048693169,-21.68332275526582
0.1943359375,-29.28210935188996,-20.493794794279225,-21.777995054488265
0.194580078125,-30.803603529774964,-20.58315864697558,-21.86960358033477
0.19482421875,-33.03574667123288,-20.66958827677557,-21.95821799601478
0.195068359375,-36.46654754485801,-20.75314642854898,-22.043904266456877
0.1953125,-42.66970278905297,-20.83389255825674,-22.126724873367234
0.195556640625,-56.92960836660562,-20.911883015854023,-22.206739013638817
0.19580078125,-41.75358660550154,-20.98717121441146,-22.28400278257114
0.196044921875,-36.50565216482851,-21.05980778661635,-22.35856934321076
0.1962890625,-33.66155545698734,-21.12984072970104,-22.4304890829908
0.196533203125,-31.9624234228582,-21.197315539743226,-22.499809758729942
0.19677734375,-31.006172043347483,-21.262275336191365,-22.566576630946923
0.197021484375,-30.631203060262347,-21.324760977387246,-22.6308325883534
0.197265625,-30.780038417386116,-21.384811167784328,-22.692618263304976
0.197509765625,-31.462363704783964,-21.442462557495254,-22.7519721389158
0.19775390625,-32.756244053360845,-21.497749834742898,-22.80893064847539
0.197998046875,-34.84207829692201,-21.55070581173665,-22.8635282677471
0.1982421875,-38.06898039669767,-21.601361504447812,-22.91579760067328
0.198486328125,-42.52843595492659,-21.64974620671515,-22.965769458964665
0.19873046875,-42.73318447077393,-21.695887559072617,-23.01347293600709
0.198974609375,-38.147253417685256,-21.739811612656208,-23.058935475480208
0.19921875,-34.68749332966292,-21.78154288851497,-23.102182935046507
0.199462890625,-32.35517511791711,-21.821104432622192,-23.14323964543712
0.19970703125,-30.766543050921875,-21.858517866856356,-23.1821284652316
0.199951171875,-29.701222686460724,-21.893803436197604,-23.21887083160191
0.2001953125,-29.03125472026202,-21.926980052363074,-23.253486807266903
0.200439453125,-28.675213214303437,-21.95806533408485,-23.2859951238813
0.20068359375,-28.57588644563475,-21.987075644215388,-23.316413222062717
0.200927734375,-28.689040973546653,-22.014026123828355,-23.34475728824186
0.201171875,-28.97766010123602,-22.038930723467544,-23.371042288503826
0.201416015625,-29.409309584195213,-22.06180223168142,-23.39528199957268
0.20166015625,-29.955450238213366,-22.082652300967787,-23.417489037076532
0.201904296875,-30.591555627959885,-22.10149147124076,-23.437674881217617
0.2021484375,-31.29625205375544,-22.118329190920015,-23.455849899958338
0.202392578125,-32.046864277569824,-22.133173835731796,-23.472023369823013
0.20263671875,-32.80850884930291,-22.146032725300774,-23.486203494403973
0.202880859375,-33.5159954711947,-22.156912137602085,-23.498397420650225
0.203125,-34.05695902639904,-22.165817321333627,-23.508611253006983
0.203369140625,-34.284549687799114,-22.172752506259993,-23.516850065465235
0.20361328125,-34.09039367199271,-22.17772091157117,-23.52311791157163
0.203857421875,-33.492371206633095,-22.180724752290285,-23.52741783244001
0.2041015625,-32.62708609425648,-22.181765243757972,-23.52975186279847
0.204345703125,-31.657227773024434,-22.18084260421207,-23.530121035096894
0.20458984375,-30.704528328552,-22.177956055474567,-23.528525381692894
0.204833984375,-29.84076455490748,-22.17310382175006,-23.52496393512576
0.205078125,-29.1037527393959,-22.16628312653237,-23.519434726480924
0.205322265625,-28.513660853667883,-22.157490187608843,-23.51193478183945
0.20556640625,-28.08361293853856,-22.14672021014414,-23.50246011679957
0.205810546875,-27.82559407851759,-22.13396737781799,-23.491005729049785
0.2060546875,-27.75347848407716,-22.119224841983133,-23.477565588964858
0.206298828125,-27.884263267008883,-22.10248470880249,-23.462132628188257
0.20654296875,-28.23747966784515,-22.08373802431546,-23.44469872615629
0.206787109375,-28.830729499717446,-22.062974757375624,-23.42525469451064
0.20703125,-29.664210499150762,-22.040183780392457,-23.403790259337054
0.207275390625,-30.674651422818222,-22.015352847800706,-23.380294041158706
0.20751953125,-31.626184217667102,-21.98846857217116,-23.35475353260275
0.207763671875,-32.00467531469801,-21.959516397866,-23.327155073648523
0.2080078125,-31.341467402754827,-21.928480572130905,-23.297483824354586
0.208251953125,-29.84800321053378,-21.895344113504073,-23.265723734950058
0.20849609375,-28.103662839643576,-21.8600887774101,-23.23185751316344
0.208740234375,-26.469296761448952,-21.822695018792263,-23.19586658864821
0.208984375,-25.070281697964177,-21.78314195162299,-23.157731074350405
0.209228515625,-23.929577075224074,-21.74140730511581,-23.11742972464745
0.20947265625,-23.038431134024368,-21.697467376445232,-23.07493989007066
0.209716796875,-22.382056421277703,-21.651296979762627,-23.030237468405595
0.2099609375,-21.94786094893708,-21.60286939127557,-22.983296851944104
0.210205078125,-21.727940949953982,-21.552156290136573,-22.934090870640517
0.21044921875,-21.71996063074305,-21.499127694863134,-22.88259073090041
0.210693359375,-21.927889058304434,-21.443751894984633,-22.82876594970449
0.2109375,-22.363252341704545,-21.385995377583352,-22.772584283741413
0.211181640625,-23.047441715202268,-21.325822748365383,-22.714011653192436
0.21142578125,-24.01587751698361,-21.263196646862895,-22.65301205977607
0.211669921875,-25.325475668295606,-21.198077655331392,-22.589547498623194
0.2119140625,-27.067858401297748,-21.130424200864258,-22.523577863511353
0.212158203125,-29.38940486653965,-21.060192450200912,-22.455060844940704
0.21240234375,-32.482768982693756,-20.987336196654912,-22.38395182048339
0.212646484375,-36.101733107568535,-20.911806738532054,-22.310203736781293
0.212890625,-37.01113958794404,-20.833552748347838,-22.23376698250483
0.213134765625,-34.00992680122881,-20.75252013208525,-22.15458925151591
0.21337890625,-31.064640484766024,-20.668651877658544,-22.07261539540093
0.213623046875,-28.936307343999896,-20.58188789166578,-21.987787264453466
0.2138671875,-27.45887472494367,-20.492164823419934,-21.900043536091186
0.214111328125,-26.474473163415766,-20.399415875146587,-21.809319529583824
0.21435546875,-25.886221193723745,-20.303570597121382,-21.71554700585022
0.214599609375,-25.638898243949807,-20.204554666395,-21.618653950948584
0.21484375,-25.70446476514572,-20.102289647611986,-21.518564341734752
0.215087890625,-26.074464466961672,-19.996692734273765,-21.41519789199533
0.21533203125,-26.756817962437907,-19.88767646862215,-21.30846977717453
0.215576171875,-27.7753149463743,-19.775148438126102,-21.19829033560211
0.2158203125,-29.170045203874835,-19.65901094633934,-21.084564743891843
0.216064453125,-30.993060128216076,-19.539160655656975,-20.96719266391232
0.21630859375,-33.272724929273565,-19.415488199233298,-20.846067858429898
0.216552734375,-35.831605484798594,-19.287877759027786,-20.721077772183783
0.216796875,-37.738529026828786,-19.156206606619115,-20.5921030747689
0.217041015625,-37.63630457213159,-19.020344603064714,-20.459017161268594
0.21728515625,-36.22009800657797,-18.880153653684435,-20.321685606089837
0.217529296875,-34.83253055513865,-18.735487113207896,-20.179965564900012
0.2177734375,-33.88732028712867,-18.586189136245643,-20.03370511893987
0.218017578125,-33.384935232692285,-18.432093967522604,-19.88274255528142
0.21826171875,-33.21979563970916,-18.27302516575267,-19.726905575804548
0.218505859375,-33.231117582424744,-18.10879475443645,-19.56601042676986
0.21875,-33.20590624607319,-17.939202292242726,-19.399860939859096
0.218994140625,-32.93538684107146,-17.764033855000164,-19.228247474427146
0.21923828125,-32.33911607078066,-17.5830609207066,-19.050945749454083
0.219482421875,-31.51707524103515,-17.39603914839445,-18.86771555229401
0.2197265625,-30.648776508013185,-17.20270704123187,-18.678299309790425
0.219970703125,-29.87975417530553,-17.002784483977308,-18.482420505673915
0.22021484375,-29.29110107711618,-16.795971144964298,-18.279781926395945
0.220458984375,-28.91608666731724,-16.581944733364004,-18.070063715730385
0.220703125,-28.761039165644576,-16.36035910382244,-17.852921216666225
0.220947265625,-28.81808822003993,-16.130842203095753,-17.627982577454738
0.22119140625,-29.069568563139796,-15.892993857577839,-17.394846097369992
0.221435546875,-29.48385366547872,-15.646383407464263,-17.153077287128045
0.2216796875,-29.999394403046935,-15.390547203926372,-16.90220561950329
0.221923828125,-30.495448314744998,-15.12498600183859,-16.641720948281773
0.22216796875,-30.772408735526273,-14.84916230486344,-16.371069579522583
0.222412109375,-30.617731688734274,-14.562497755800077,-16.089649990039653
0.22265625,-29.983400591205157,-14.26437071853263,-15.796808206938454
0.222900390625,-29.062080592716644,-13.954114276750087,-15.491832893339687
0.22314453125,-28.137332226889164,-13.63101499077869,-15.1739502358528
0.223388671875,-27.436337146180314,-13.294312925002139,-14.842318809317806
0.2236328125,-27.10109875146399,-12.943203710579464,-14.496024719890704
0.223876953125,-27.17995801886985,-12.576843780205735,-14.134077523634986
0.22412109375,-27.48761345891115,-12.19436046071426,-13.755407723249874
0.224365234375,-27.203090109908587,-11.794869419409505,-13.358867121112015
0.224609375,-25.214076521811805,-11.37750315308644,-12.943234047511044
0.224853515625,-22.005475105464516,-10.941455957739485,-12.50722663770054
0.22509765625,-18.717219368468164,-10.486053357714248,-12.049529132455454
0.225341796875,-15.784836623487672,-10.010857602458394,-11.568838983021845
0.2255859375,-13.260090898705755,-9.515825870502063,-11.063946895371071
0.225830078125,-11.104134138286405,-9.001544424093815,-10.533868638188405
0.22607421875,-9.26954625542127,-8.469569730526876,-9.978057513927109
0.226318359375,-7.716724102611883,-7.922914522689869,-9.396740989915184
0.2265625,-6.415147746133165,-7.366717256830499,-8.791444562799054
0.226806640625,-5.341792193896758,-6.809114430532787,-8.165787925946574
0.22705078125,-4.479415145336597,-6.262271692267309,-7.526651437650274
0.227294921875,-3.8152212731551893,-5.7433840457212835,-6.885781725304032
0.2275390625,-3.3399062351596114,-5.275198306230728,-6.2617594343152385
0.227783203125,-3.0469973614747223,-4.885293172912584,-5.6818640426098685
0.22802734375,-2.932414172393654,-4.603231467986176,-5.182641938530818
0.228271484375,-2.994193318948866,-4.455264255763515,-4.807162777893971
0.228515625,-3.23234188926759,-4.457791300994556,-4.597141070262874
0.228759765625,-3.6487977115159564,-4.612436743712006,-4.580907258684701
0.22900390625,-4.247485766204365,-4.905527688613131,-4.762932747545776
0.229248046875,-5.0344662592924205,-5.3122966074228355,-5.12201371452276
0.2294921875,-6.01817037870875,-5.8033586559120085,-5.619494326869759
0.229736328125,-7.209707064226248,-6.350421210381825,-6.211614797475144
0.22998046875,-8.623177242520478,-6.929640879298412,-6.859114775792607
0.230224609375,-10.275791757115346,-7.522709985074366,-7.531565064282675
0.23046875,-12.18718801609616,-8.116515770833914,-8.207655303472706
0.230712890625,-14.376200767643654,-8.702190983336148,-8.87358524210423
0.23095703125,-16.85016308244007,-9.274066997806932,-9.521050713601827
0.231201171875,-19.573826199435665,-9.828762302555642,-10.145495516791783
0.2314453125,-22.393245248869455,-10.364472083898189,-10.74480191784689
0.231689453125,-24.926667090927598,-10.880447705664384,-11.318381445580696
0.23193359375,-26.67344967684326,-11.376629304484776,-11.866570430135848
0.232177734375,-27.558485332133902,-11.853392618294672,-12.39023885831018
0.232421875,-28.019710586778224,-12.311377436496155,-12.890542084993339
0.232666015625,-28.440184768765594,-12.751372907419237,-13.36876588115791
0.23291015625,-28.93222337674258,-13.17424184495197,-13.826231589106904
0.233154296875,-29.43196365225486,-13.580871524072972,-14.264239625457085
0.2333984375,-29.81293007164144,-13.972142345868301,-14.684037266228769
0.233642578125,-29.980483370078677,-14.348908489452354,-15.086801682464825
0.23388671875,-29.924753231098027,-14.711986557278703,-15.473632447363059
0.234130859375,-29.70066092794436,-15.062149510733319,-15.845549825450465
0.234375,-29.37310372988953,-15.40012406966904,-16.203496494177973
0.234619140625,-28.98720423756032,-15.726590343908915,-16.548341207538858
0.23486328125,-28.572092998703127,-16.04218286747386,-16.88088346279075
0.235107421875,-28.155058732503644,-16.347492479292,-17.201858585574627
0.2353515625,-27.76892743645068,-16.6430686793451,-17.511942876191593
0.235595703125,-27.45034076380748,-16.929422214916833,-17.811758605610716
0.23583984375,-27.234503513415206,-17.20702773692964,-18.101878742842892
0.236083984375,-27.15160603809274,-17.476326424203105,-18.382831354233254
0.236328125,-27.226596286748798,-17.737728512584575,-18.655103652024746
0.236572265625,-27.48166907800372,-17.991615692225903,-18.919145692020415
0.23681640625,-27.940518182367438,-18.23834335385869,-19.17537373340152
0.237060546875,-28.63411233865658,-18.47824267651401,-19.424173281049022
0.2373046875,-29.608944654451857,-18.711622556640652,-19.665901834235278
0.237548828125,-30.940849596825668,-18.93877138329508,-19.90089136671142
0.23779296875,-32.762950736258006,-19.159958666903435,-20.129450562935705
0.238037109375,-35.33405524825396,-19.375436530650198,-20.35186683407183
0.23828125,-39.242784889156894,-19.585441074250298,-20.568408135815343
0.238525390625,-45.929307711865505,-19.7901936200095,-20.779324608331034
0.23876953125,-46.63297758473891,-19.98990185086773,-20.984850056754382
0.239013671875,-39.68057834953727,-20.184760849694158,-21.185203288923653
0.2392578125,-35.61977174343089,-20.37495404855083,-21.38058932531443
0.239501953125,-32.96678203404026,-20.56065409602949,-21.571200494578594
0.23974609375,-31.078657563210534,-20.742023650132253,-21.75721742665178
0.239990234375,-29.66977649005122,-20.919216103541775,-21.938809954093372
0.240234375,-28.58730547733094,-21.092376247524648,-22.116137931154
0.240478515625,-27.73876044954018,-21.261640880142764,-22.289351979019166
0.24072265625,-27.065068474800462,-21.427139363919125,-22.458594164746724
0.240966796875,-26.529529936214264,-21.588994137615934,-22.623998620587805
0.2412109375,-26.112569891617838,-21.747321186336656,-22.785692109647
0.241455078125,-25.808221560095944,-21.902230473755516,-22.94379454318595
0.24169921875,-25.620863191405103,-22.05382633991006,-23.098419454299687
0.241943359375,-25.562069775942984,-22.20220786765737,-23.249674432184126
0.2421875,-25.64798733016106,-22.347469220593897,-23.397661520762497
0.242431640625,-25.897625965886682,-22.489699954966756,-23.542477585037965
0.24267578125,-26.332225092141726,-22.628985307860386,-23.684214648186305
0.242919921875,-26.975635695280104,-22.765406463722794,-23.822960202088446
0.2431640625,-27.855568700210405,-22.899040801097495,-23.95879749372384
0.243408203125,-29.00544898985323,-23.029962121250456,-24.09180578959905
0.24365234375,-30.4660146676493,-23.158240860221202,-24.2220606201657
0.243896484375,-32.282913947250506,-23.283944285684438,-24.349634005987085
0.244140625,-34.48387764155996,-23.40713667987884,-24.474594667238176
0.244384765625,-36.96885794002527,-23.527879509744277,-24.59700821796901
0.24462890625,-39.149732086102134,-23.646231585304086,-24.716937346423006
0.244873046875,-39.78315954946238,-23.762249207234944,-24.834441982578177
0.2451171875,-38.7327192634209,-23.875986304482172,-24.949579453968273
0.245361328125,-37.19711364070043,-23.987494562701933,-25.062404630742382
0.24560546875,-35.80415331671289,-24.09682354424295,-25.172970060832526
0.245849609375,-34.62442544432956,-24.204020800317657,-25.281326096019075
0.24609375,-33.569613567084076,-24.309131975956912,-25.387521009612442
0.246337890625,-32.538430656177724,-24.412200908291084,-25.491601106405
0.24658203125,-31.46610369409155,-24.51326971865457,-25.5936108254895
0.246826171875,-30.33913991665365,-24.612378898968508,-25.693592836487614
0.2470703125,-29.18476117495367,-24.7095673928191,-25.791588129685486
0.247314453125,-28.047647862834985,-24.804872671614117,-25.887636100530372
0.24755859375,-26.970526806594908,-24.898330806169287,-25.981774628904105
0.247802734375,-25.985452189343412,-24.989976534047425,-26.07404015355406
0.248046875,-25.113104749026874,-25.079843322947582,-26.16446774203076
0.248291015625,-24.36538373081058,-25.167963430418084,-26.253091156452975
0.24853515625,-23.7483850643793,-25.25436796014514,-26.3399429153943
0.248779296875,-23.264709370007147,-25.339086915050117,-26.425054352162537
0.2490234375,-22.914967806937412,-25.422149247409735,-26.50845566972079
0.249267578125,-22.698645689529794,-25.50358290619776,-26.590175992480383
0.24951171875,-22.614507083606888,-25.58341488183132,-26.670243415176923
0.249755859375,-22.66066753751491,-25.661671248491686,-26.7486850490255
0.25,-22.8343961251837,-25.738377204176352,-26.825527065335226
0.250244140625,-23.131649793029613,-25.813557108628316,-26.900794736750395
0.25048828125,-23.546295258337018,-25.88723451927727,-26.974512476272622
0.250732421875,-24.068942585213044,-25.95943222531811,-27.046703874206948
0.2509765625,-24.685325481396468,-26.030172280043324,-27.11739173316493
0.251220703125,-25.374281617378344,-26.099476031537204,-27.186598101247323
0.25146484375,-26.10573218928474,-26.167364151832682,-27.254344303520817
0.251708984375,-26.839753741452665,-26.233856664624426,-27.32065097189487
0.251953125,-27.528719552729576,-26.29897297162557,-27.385538073497443
0.252197265625,-28.12459320825011,-26.362731877649352,-27.4490249376413
0.25244140625,-28.59108264925635,-26.425151614491618,-27.51113028146647
0.252685546875,-28.915560413976106,-26.486249863685053,-27.57187223433858
0.2529296875,-29.113202513543975,-26.54604377819151,-27.63126836107743
0.253173828125,-29.22060360161946,-26.604550003094065,-27.68933568408515
0.25341796875,-29.28398461878483,-26.661784695346974,-27.746090704438664
0.253662109375,-29.349251567108446,-26.7177635426377,-27.80154942200735
0.25390625,-29.45713161369489,-26.772501781411787,-27.855727354652267
0.254150390625,-29.64242192229061,-26.82601421410817,-27.908639556560114
0.25439453125,-29.935057155260345,-26.878315225649825,-27.96030063576179
0.254638671875,-30.361123065160612,-26.929418799231485,-28.010724770881993
0.2548828125,-30.942370595453035,-26.979338531444064,-28.0599257271637
0.255126953125,-31.692225494205296,-27.0280876467727,-28.107916871808595
0.25537109375,-32.604049236800805,-27.075679011503347,-28.15471118867197
0.255615234375,-33.623415724724175,-27.12212514707098,-28.20032129234869
0.255859375,-34.59778040413036,-27.16743824287994,-28.244759441684014
0.256103515625,-35.24078076433155,-27.211630168626,-28.28803755274174
0.25634765625,-35.25503392449665,-27.254712486147604,-28.330167211260072
0.256591796875,-34.62423435710954,-27.296696460832074,-28.371159684623542
0.2568359375,-33.63785868383387,-27.337593072601738,-28.41102593337849
0.257080078125,-32.603418599966425,-27.377413026502918,-28.44977662231722
0.25732421875,-31.69807036423356,-27.41616676292001,-28.487422131155476
0.257568359375,-30.99605680914042,-27.45386446743543,-28.52397256482574
0.2578125,-30.521149224290657,-27.490516080355224,-28.559437763408383
0.258056640625,-30.276880626566474,-27.52613130591908,-28.59382731172105
0.25830078125,-30.259280527664796,-27.560719621212712,-28.627150548586076
0.258544921875,-30.460154573830195,-27.59429028479935,-28.659416575794307
0.2587890625,-30.864127453231895,-27.62685234508671,-28.690634266783178
0.259033203125,-31.43866854019885,-27.658414648444648,-28.72081227504591
0.25927734375,-32.11397782041931,-27.68898584708819,-28.749959042287863
0.259521484375,-32.753937412554286,-27.718574406739958,-28.778082806345434
0.259765625,-33.1460098058039,-27.747188614085303,-28.805191608882236
0.260009765625,-33.0793048006549,-27.77483658403297,-28.831293302876585
0.26025390625,-32.50539481902352,-27.801526266793417,-28.85639555991373
0.260498046875,-31.579597214091454,-27.827265454786655,-28.880505877295953
0.2607421875,-30.516504360879686,-27.852061789390675,-28.903631584982705
0.260986328125,-29.468383581418426,-27.875922767541418,-28.925779852373005
0.26123046875,-28.510537554907188,-27.89885574819451,-28.946957694941492
0.261474609375,-27.668697627769227,-27.92086795865885,-28.967171980739344
0.26171875,-26.943310180832867,-27.94196650081164,-28.986429436770756
0.261962890625,-26.323463424219547,-27.9621583572041,-29.00473665525556
0.26220703125,-25.794016994340684,-27.981450397066858,-29.022100099787856
0.262451171875,-25.3393890613967,-27.999849382223708,-29.03852611140079
0.2626953125,-24.94587318146236,-28.01736197292201,-29.054020914546747
0.262939453125,-24.60324758212922,-28.03399473358798,-29.068590623002414
0.26318359375,-24.305838933342997,-28.04975413851466,-29.08224124570788
0.263427734375,-24.05296442800045,-28.064646577490254,-29.094978692548473
0.263671875,-23.848693704335147,-28.078678361374223,-29.106808780088137
0.263916015625,-23.7010260710044,-28.09185572762845,-29.117737237262972
0.26416015625,-23.620728048636586,-28.10418484581041,-29.12776971104313
0.264404296875,-23.620120781446865,-28.115671823035303,-29.13691177207148
0.2646484375,-23.712033459871055,-28.12632270941377,-29.14516892028709
0.264892578125,-23.909001400599806,-28.136143503471835,-29.152546590541583
0.26513671875,-24.222645319739232,-28.14514015755926,-29.15905015821625
0.265380859375,-24.663042693561444,-28.153318583252855,-29.1646849448478
0.265625,-25.237768860062925,-28.160684656760537,-29.169456223770545
0.265869140625,-25.95009067739996,-28.16724422433225,-29.173369225782583
0.26611328125,-26.795488622711012,-28.173003107683723,-29.17642914484388
0.266357421875,-27.755333939772626,-28.177967109438455,-29.17864114381355
0.2666015625,-28.786760962356247,-28.18214201859384,-29.180010360234157
0.266845703125,-29.810667135547234,-28.18553361601672,-29.180541912170433
0.26708984375,-30.709015031891465,-28.188147679973767,-29.180240904109937
0.267333984375,-31.35420853436679,-28.18998999170193,-29.17911243293316
0.267578125,-31.676223663127757,-28.191066341024037,-29.177161593960466
0.267822265625,-31.71166050625989,-28.191382532014515,-29.174393487083385
0.26806640625,-31.5741121707422,-28.1909443887201,-29.17081322298762
0.268310546875,-31.382606964887458,-28.18975776094021,-29.166425929475118
0.2685546875,-31.217631786030164,-28.187828530071513,-29.161236757892645
0.268798828125,-31.1146196441171,-28.185162615021234,-29.155250889674193
0.26904296875,-31.072334496369983,-28.181765978193248,-29.148473543004457
0.269287109375,-31.062003035620577,-28.17764463155118,-29.14090997961071
0.26953125,-31.035703728661076,-28.17280464276234,-29.132565511690288
0.269775390625,-30.937971803593967,-28.1672521414262,-29.12344550898078
0.27001953125,-30.723130059623358,-28.160993325390855,-29.113555405980076
0.270263671875,-30.37344098038431,-28.15403446716075,-29.102900709323247
0.2705078125,-29.906871144640643,-28.14638192039867,-29.091487005323163
0.270751953125,-29.36867576862426,-28.13804212652464,-29.079319967681524
0.27099609375,-28.81402494247051,-28.129021621414225,-29.066405365377058
0.271240234375,-28.29333273924736,-28.1193270421984,-29.05274907073727
0.271484375,-27.845390934057153,-28.108965134166546,-29.0383570677
0.271728515625,-27.4965973948491,-28.09794275777417,-29.023235460270776
0.27197265625,-27.262817997184815,-28.086266895756236,-29.007390481181744
0.272216796875,-27.151565790518216,-28.073944660346633,-28.99082850075766
0.2724609375,-27.163551072342273,-28.06098330060385,-28.97355603599394
0.272705078125,-27.29344210362163,-28.047390209842487,-28.955579759851588
0.27294921875,-27.530025161110512,-28.033172933169407,-28.936906510773085
0.273193359375,-27.85613030978037,-28.018339175123185,-28.917543302423265
0.2734375,-28.24882709681612,-28.002896807414338,-28.897497333658055
0.273681640625,-28.68045493975756,-27.986853876763533,-28.8767759987238
0.27392578125,-29.1208540076872,-27.970218612834103,-28.85538689768909
0.274169921875,-29.54054241916776,-27.95299943625428,-28.833337847109956
0.2744140625,-29.913776437057045,-27.935204966723767,-28.810636890928816
0.274658203125,-30.220249809445118,-27.91684403119858,-28.78729231160638
0.27490234375,-30.445333440435455,-27.89792567214664,-28.76331264148463
0.275146484375,-30.58052396434388,-27.87845915586596,-28.73870667437801
0.275390625,-30.626108899836435,-27.858453980856094,-28.713483477388596
0.275634765625,-30.59581606515376,-27.837919886231983,-28.687652402939555
0.27587890625,-30.520293392766877,-27.816866860168656,-28.661223101019896
0.276123046875,-30.44623399897663,-27.79530514836344,-28.634205531631597
0.2763671875,-30.43144723192606,-27.773245262501046,-28.606609977428704
0.276611328125,-30.539498933913407,-27.750697988705735,-28.5784470565359
0.27685546875,-30.837763593904654,-27.727674395962588,-28.54972773553189
0.277099609375,-31.40121028856735,-27.70418584448899,-28.520463342580893
0.27734375,-32.32415051471578,-27.680243994035138,-28.490665580693033
0.277587890625,-33.7463275074612,-27.655860812090985,-28.460346541091734
0.27783203125,-35.914595898923565,-27.631048581974902,-28.429518716663612
0.278076171875,-39.35281707314282,-27.605819910777733,-28.398195015463337
0.2783203125,-45.201034754501066,-27.58018773713352,-28.36638877424274
0.278564453125,-46.67671087863283,-27.55416533878651,-28.334113771970216
0.27880859375,-39.897090377163956,-27.52776633992162,-28.3013842433028
0.279052734375,-35.656155690219194,-27.50100471822361,-28.268214891969787
0.279296875,-32.878368723221485,-27.473894811627908,-28.234620904022556
0.279541015625,-30.927308331980676,-27.4464513247236,-28.20061796090139
0.27978515625,-29.5166506455269,-27.418689334767294,-28.166222252265726
0.280029296875,-28.494454069168853,-27.390624297263763,-28.131450488529754
0.2802734375,-27.767455446282078,-27.362272051067333,-28.096319913040702
0.280517578125,-27.27036090607017,-27.333648822955666,-28.06084831383229
0.28076171875,-26.951459293940843,-27.304771231625264,-28.025054034881123
0.281005859375,-26.765327479356877,-27.275656291055984,-27.98895598678852
0.28125,-26.669510071391844,-27.246321413189712,-27.952573656805328
0.281494140625,-26.62422562638961,-27.21678440986637,-27.915927118112172
0.28173828125,-26.59467858465139,-27.187063493958654,-27.879037038262176
0.281982421875,-26.555030325872945,-27.15717727964507,-27.841924686688536
0.2822265625,-26.49211703418524,-27.127144781759572,-27.804611941173555
0.282470703125,-26.406724379572445,-27.09698541415453,-27.767121293171726
0.28271484375,-26.311432065926404,-27.066718987013083,-27.72947585187382
0.282958984375,-26.226003277759315,-27.03636570304591,-27.691699346895213
0.283203125,-26.172378722637433,-27.005946152507214,-27.653816129466936
0.283447265625,-26.170900097072497,-26.97548130696474,-27.615851172004827
0.28369140625,-26.238240344346856,-26.944992511758883,-27.577830065928257
0.283935546875,-26.386651783784586,-26.914501477086933,-27.539779017597926
0.2841796875,-26.623845665690034,-26.88403026764972,-27.501724842239753
0.284423828125,-26.952858093149985,-26.853601290799936,-27.46369495572113
0.28466796875,-27.37135273527428,-26.82323728313372,-27.425717364045333
0.284912109375,-27.86982270147211,-26.792961295470228,-27.38782065043065
0.28515625,-28.428124295102023,-26.762796676167603,-27.350033959842982
0.285400390625,-29.010028712555282,-26.7327670527282,-27.312386980853343
0.28564453125,-29.55689521395915,-26.702896311650917,-27.274909924696708
0.285888671875,-29.9854874225675,-26.67320857649447,-27.237633501414173
0.2861328125,-30.2003270462491,-26.643728184121997,-27.200588892968316
0.286376953125,-30.12776370812425,-26.614479659104763,-27.163807723230722
0.28662109375,-29.75518276853373,-26.585487686270927,-27.127322024751596
0.286865234375,-29.13880960727723,-26.556777081394223,-27.091164202234307
0.287109375,-28.371586211022088,-26.528372760027242,-27.05536699265254
0.287353515625,-27.5439307790916,-26.500299704494374,-27.019963421964313
0.28759765625,-26.724072824049557,-26.472582929070562,-26.984986758395717
0.287841796875,-25.956739003973336,-26.44524744338417,-26.950470462288173
0.2880859375,-25.269114965523983,-26.41831821409429,-26.916448132525204
0.288330078125,-24.67713690913561,-26.39182012490624,-26.882953449579297
0.28857421875,-24.190015008450185,-26.365777935002207,-26.85002011524559
0.288818359375,-23.813022052159436,-26.340216235977806,-26.817681789156822
0.2890625,-23.549063017747336,-26.315159407389675,-26.785972022203257
0.289306640625,-23.39946966781023,-26.290631571033142,-26.75492418701163
0.28955078125,-23.36429827945392,-26.26665654408335,-26.724571405668588
0.289794921875,-23.44227199807813,-26.24325779124732,-26.694946474906047
0.2900390625,-23.630414523260143,-26.22045837608827,-26.666081788998405
0.290283203125,-23.923359244581462,-26.19828091169652,-26.638009260653387
0.29052734375,-24.312285498732376,-26.176747510894458,-26.61076024021068
0.290771484375,-24.78345144333987,-26.155879736174455,-26.584365433492753
0.291015625,-25.316417896983726,-26.13569854957991,-26.558854818682235
0.291259765625,-25.88238611413445,-26.116224262749004,-26.53425756262749
0.29150390625,-26.44367517591882,-26.09747648734935,-26.5106019370035
0.291748046875,-26.956038166953054,-26.07947408613868,-26.487915234777454
0.2919921875,-27.375398445842542,-26.0622351248918,-26.46622368744761
0.292236328125,-27.66840401025,-26.04577682543767,-26.445552383539365
0.29248046875,-27.82232103494632,-26.030115520052103,-26.425925188853473
0.292724609375,-27.84814293354352,-26.01526660745096,-26.407364668968
0.29296875,-27.774879633479124,-26.001244510626357,-26.38989201449729
0.293212890625,-27.639270338716383,-25.98806263676373,-26.373526969607543
0.29345703125,-27.476920191375875,-25.975733339470573,-26.35828776427987
0.293701171875,-27.317703027442533,-25.964267883538874,-26.344191050797274
0.2939453125,-27.184806335724186,-25.95367641245183,-26.331251844912057
0.294189453125,-27.095570792251763,-25.94396791883238,-26.319483472124947
0.29443359375,-27.062648989030407,-25.93515021801558,-26.308897519476794
0.294677734375,-27.09471909205377,-25.927229924909774,-26.299503793217713
0.294921875,-27.196465583158226,-25.920212434292658,-26.291310282678882
0.295166015625,-27.367742952512195,-25.91410190466767,-26.284323130627207
0.29541015625,-27.60191789531939,-25.908901245784612,-26.27854661033545
0.295654296875,-27.883543132096893,-25.904612109905102,-26.27398310954866
0.2958984375,-28.186001723371316,-25.901234886869947,-26.27063312147467
0.296142578125,-28.470780546387516,-25.898768703000805,-26.268495242870383
0.29638671875,-28.691244031936115,-25.89721142384388,-26.267566179239914
0.296630859375,-28.803410100539626,-25.896559660738347,-26.267840757103475
0.296875,-28.781747591582803,-25.896808781167493,-26.26931194324022
0.297119140625,-28.63114113238879,-25.897952922826445,-26.27197087075342
0.29736328125,-28.385762035869323,-25.89998501131663,-26.275806871753858
0.297607421875,-28.095571512096594,-25.902896781354787,-26.28080751640709
0.2978515625,-27.810230411780907,-25.906678801362865,-26.286958658044007
0.298095703125,-27.56847003069302,-25.911320501285307,-26.294244483991378
0.29833984375,-27.39404265641138,-25.916810203462084,-26.302647571740717
0.298583984375,-27.29554737831861,-25.923135156369185,-26.312148950040832
0.298828125,-27.267618975434004,-25.93028157102392,-26.322728164470636
0.299072265625,-27.2926215531853,-25.93823465983984,-26.334363347026546
0.29931640625,-27.343483926523188,-25.94697867770577,-26.34703128924082
0.299560546875,-27.389003272912564,-25.956496965055166,-26.360707518335648
0.2998046875,-27.40217648313514,-25.966771992686184,-26.375366375911284
0.300048828125,-27.36963550890225,-25.97778540808885,-26.39098109866504
0.30029296875,-27.297798374550354,-25.989518083034177,-26.407523900642392
0.300537109375,-27.21214851187996,-26.001950162180325,-26.424966056529474
0.30078125,-27.150440278204503,-26.015061112453385,-26.443277985509784
0.301025390625,-27.154261417967092,-26.02882977296437,-26.46242933522477
0.30126953125,-27.262974466809702,-26.043234405230272,-26.482389065398678
0.301513671875,-27.51127927516904,-26.058252743474206,-26.50312553071167
0.3017578125,-27.929563196157943,-26.07386204478887,-26.52460656253198
0.302001953125,-28.545715103387156,-26.090039138957643,-26.546799549145724
0.30224609375,-29.387411706091214,-26.106760477739076,-26.569671514153907
0.302490234375,-30.48418982573551,-26.1240021834325,-26.593189192736876
0.302734375,-31.868296608455328,-26.14174009655578,-26.617319105518856
0.302978515625,-33.57130765860379,-26.159949822479458,-26.642027629797415
0.30322265625,-35.606527095798725,-26.178606776875576,-26.667281067935118
0.303466796875,-37.907168866626144,-26.19768622985363,-26.693045712742013
0.3037109375,-40.16691277992447,-26.217163348670425,-26.7192879097091
0.303955078125,-41.719135811379914,-26.237013238914525,-26.7459741159824
0.30419921875,-42.156495291931606,-26.257210984080352,-26.773070955996083
0.304443359375,-42.039295398987136,-26.277731683460424,-26.800545273710057
0.3046875,-42.13329521933011,-26.29855048829766,-26.828364181422938
0.304931640625,-42.89269881125955,-26.31964263615248,-26.856495105154767
0.30517578125,-44.6346621944421,-26.34098348345153,-26.884905826615714
0.305419921875,-47.40025017928418,-26.362548536196755,-26.913564521796594
0.3056640625,-47.971859163201316,-26.384313478824083,-26.94243979623504
0.305908203125,-43.57673045804886,-26.406254201211503,-26.97150071702671
0.30615234375,-39.2611074454145,-26.428346823845494,-27.000716841665184
0.306396484375,-35.951561437167165,-26.450567721163665,-27.03005824380591
0.306640625,-33.37887969444218,-26.472893543099033,-27.05949553605999
0.306884765625,-31.328026747810767,-26.49530123485876,-27.088999889931962
0.30712890625,-29.667293208890136,-26.51776805497637,-27.118543053022673
0.307373046875,-28.314316279551974,-26.540271591681982,-27.148097363623602
0.3076171875,-27.215172731206888,-26.562789777640102,-27.17763576283298
0.307861328125,-26.33305580393821,-26.585300903108383,-27.207131804326465
0.30810546875,-25.641990961647053,-26.607783627574687,-27.23655966191679
0.308349609375,-25.12321055846504,-26.630216989932084,-27.265894135036902
0.30859375,-24.763018809779638,-26.65258041725405,-27.295110652280606
0.308837890625,-24.551566163706752,-26.67485373223366,-27.32418527313312
0.30908203125,-24.482242385512155,-26.697017159351716,-27.353094688021905
0.309326171875,-24.551550008567187,-26.71905132983951,-27.38181621681488
0.3095703125,-24.759409124059356,-26.740937285502064,-27.410327805890226
0.309814453125,-25.109911200148844,-26.762656481467708,-27.438608023897437
0.31005859375,-25.61261632513254,-26.78419078792913,-27.46663605632577
0.310302734375,-26.284619292365964,-26.80552249094044,-27.49439169899082
0.310546875,-27.1538786876187,-26.82663429233358,-27.521855350545962
0.310791015625,-28.26489459727817,-26.84750930881611,-27.54900800411985
0.31103515625,-29.689194897654303,-26.868131070310824,-27.57583123817648
0.311279296875,-31.54647021181465,-26.888483517595994,-27.602307206688824
0.3115234375,-34.05043020706795,-26.908550999303102,-27.628418628712485
0.311767578125,-37.59993374214177,-26.92831826832707,-27.654148777439996
0.31201171875,-42.52401619786036,-26.947770477701688,-27.679481468812092
0.312255859375,-43.293936260895606,-26.966893175991082,-27.704401049756747
0.3125,-38.4195196600792,-26.98567230224559,-27.72889238612236
0.312744140625,-34.76034506122288,-27.00409418056848,-27.752940850366578
0.31298828125,-32.25442879277549,-27.022145514337407,-27.776532309057878
0.313232421875,-30.474941992241675,-27.03981338012253,-27.79965311024247
0.3134765625,-29.193811689262418,-27.05708522134084,-27.822290070725266
0.313720703125,-28.286654661731095,-27.073948841684178,-27.84443046330931
0.31396484375,-27.680675008310573,-27.090392398356133,-27.866062004034507
0.314208984375,-27.330795529716575,-27.10640439515111,-27.88717283945291
0.314453125,-27.20805521890112,-27.121973675406647,-27.90775153397435
0.314697265625,-27.29353754750114,-27.137089414858195,-27.927787057312955
0.31494140625,-27.57494718659259,-27.151741114423572,-27.94726877206238
0.315185546875,-28.04444075352613,-27.165918592942624,-27.966186421424368
0.3154296875,-28.696800930925317,-27.179611979895682,-27.984530117112975
0.315673828125,-29.526887682180813,-27.192811708122843,-28.00229032745429
0.31591796875,-30.52431187942588,-27.205508506564446,-28.019457865698904
0.316162109375,-31.660765867095183,-27.2176933930417,-28.03602387856289
0.31640625,-32.86110739018726,-27.22935766709473,-28.05197983501052
0.316650390625,-33.95071426500885,-27.240492902894307,-28.067317515290515
0.31689453125,-34.61846652502257,-27.251090942241788,-28.08202900023598
0.317138671875,-34.54934065095034,-27.261143887671196,-28.09610666083648
0.3173828125,-33.73139347169434,-27.27064409566552,-28.109543148089656
0.317626953125,-32.467752537800706,-27.27958416999888,-28.12233138313834
0.31787109375,-31.071440994112294,-27.287956955214906,-28.134464547697938
0.318115234375,-29.720223994058088,-27.295755530250815,-28.145936074778383
0.318359375,-28.489584129567834,-27.302973202215888,-28.15673963970323
0.318603515625,-27.40612386525715,-27.30960350033226,-28.16686915142855
0.31884765625,-26.477333117235244,-27.315640170045143,-28.17631874416287
0.319091796875,-25.704477394680012,-27.321077167309113,-28.185082769289377
0.3193359375,-25.087692592195758,-27.325908653056405,-28.19315578759059
0.319580078125,-24.627955086680203,-27.330128987852568,-28.200532561775656
0.31982421875,-24.327909007878784,-27.333732726744525,-28.2072080493098
0.320068359375,-24.192348757179175,-27.336714614305496,-28.21317739554525
0.3203125,-24.22868244842842,-27.339069579880988,-28.218435927152726
0.320556640625,-24.44752137020842,-27.340792733039656,-28.2229791458523
0.32080078125,-24.863461344402026,-27.34187935923257,-28.226802722442446
0.321044921875,-25.496025747372943,-27.34232491566423,-28.229902491125905
0.3212890625,-26.370434621931317,-27.34212502737836,-28.232274444131
0.321533203125,-27.516755340170597,-27.341275483561564,-28.233914726627024
0.32177734375,-28.961967548401017,-27.339772234067546,-28.23481963193235
0.322021484375,-30.695341374827386,-27.337611386164685,-28.234985597014163
0.322265625,-32.54795258095089,-27.334789201509622,-28.23440919827854
0.322509765625,-33.931482326749475,-27.331302093349663,-28.233087147650103
0.32275390625,-33.98229056401606,-27.32714662395647,-28.231016288940328
0.322998046875,-32.79109779833384,-27.322319502293823,-28.22819359450409
0.3232421875,-31.24515204351691,-27.31681758192241,-28.22461616218415
0.323486328125,-29.86547550172395,-27.31063785914415,-28.22028121254347
0.32373046875,-28.790229714234545,-27.303777471389452,-28.215186086385742
0.323974609375,-28.02463168882305,-27.296233695850155,-28.209328242564734
0.32421875,-27.544825168463497,-27.288003948361684,-28.20270525608329
0.324462890625,-27.327175933488512,-27.279085782537788,-28.195314816483474
0.32470703125,-27.355340413700567,-27.26947688916155,-28.18715472652937
0.324951171875,-27.621869370780505,-27.259175095836476,-28.17822290118491
0.3251953125,-28.12923101206873,-27.24817836690199,-28.168517366888924
0.325439453125,-28.892016107501203,-27.23648480361743,-28.158036261130782
0.32568359375,-29.941724942763088,-27.22409264461951,-28.146777832329768
0.325927734375,-31.33658789181766,-27.21100026665792,-28.134740440022348
0.326171875,-33.18195032440031,-27.197206185614494,-28.12192255536164
0.326416015625,-35.67389232368792,-27.182709057811387,-28.108322761934037
0.32666015625,-39.17836105441735,-27.167507681614257,-28.093939756898635
0.326904296875,-43.904812788231204,-27.151600999336548,-28.078772352455324
0.3271484375,-44.49625590363841,-27.134988099451558,-28.062819477648215
0.327392578125,-39.7284121799392,-27.117668219119086,-28.046080180511662
0.32763671875,-35.99461643850936,-27.099640747034172,-28.02855363056662
0.327880859375,-33.31577571474762,-27.080905226605267,-28.010239121675657
0.328125,-31.288995467539337,-27.061461359470158,-27.991136075265835
0.328369140625,-29.690295331707066,-27.041309009357903,-27.971244043928994
0.32861328125,-28.395345261784456,-27.020448206305538,-27.95056271540972
0.328857421875,-27.330688053835726,-26.998879151238825,-27.929091916992178
0.3291015625,-26.45056979317833,-26.97660222092646,-27.906831620297176
0.329345703125,-25.725342103374537,-26.95361797331765,-27.883781946502076
0.32958984375,-25.135170157500973,-26.929927153273354,-27.859943171996303
0.329833984375,-24.666324053486083,-26.90553069870175,-27.835315734486407
0.330078125,-24.308790675745477,-26.88042974710873,-27.809900239564836
0.330322265625,-24.05457137590121,-26.854625642574895,-27.78369746775772
0.33056640625,-23.89632121208568,-26.828119943170176,-27.756708382067238
0.330810546875,-23.826136952651908,-26.80091442881828,-27.728934136025224
0.3310546875,-23.83440540988584,-26.7730111096225,-27.700376082274964
0.331298828125,-23.90873523787291,-26.74441223466529,-27.67103578169902
0.33154296875,-24.03315113879655,-26.715120301293886,-27.64091501311151
0.331787109375,-24.187934512746526,-26.685138064904184,-27.610015783533793
0.33203125,-24.350670741037884,-26.65446854923532,-27.578340339073108
0.332275390625,-24.498994511670887,-26.623115057187444,-27.545891176424373
0.33251953125,-24.614932952824255,-26.59108118217455,-27.512671055015524
0.332763671875,-24.689655420447583,-26.558370820024592,-27.47868300981743
0.3330078125,-24.726579636279528,-26.524988181438562,-27.443930364839808
0.333251953125,-24.741202175870576,-26.490937805019517,-27.408416747334456
0.33349609375,-24.757758126334473,-26.456224570882505,-27.372146102727676
0.333740234375,-24.80446366954997,-26.420853714855216,-27.335122710303636
0.333984375,-24.909355009308996,-26.384830843278504,-27.297351199660064
0.334228515625,-25.097809262655204,-26.348161948415022,-27.258836567958085
0.33447265625,-25.391788082558108,-26.31085342447273,-27.219584197986872
0.334716796875,-25.810343187292325,-26.2729120842489,-27.179599877063538
0.3349609375,-26.370942815408654,-26.234345176398502,-27.138889816788026
0.335205078125,-27.091453958287314,-26.19516040332892,-27.097460673671282
0.33544921875,-27.992979468788203,-26.155365939720877,-27.055319570653957
0.335693359375,-29.10420381621982,-26.11497045167308,-27.012474119531195
0.3359375,-30.46859977357743,-26.07398311646508,-26.968932444296986
0.336181640625,-32.15709167307822,-26.03241364293006,-26.924703205419327
0.33642578125,-34.29053713931847,-25.99027229242564,-26.879795625054598
0.336669921875,-37.07087337895531,-25.94756990038669,-26.834219513206214
0.3369140625,-40.690453630832764,-25.904317898440596,-26.787985294829276
0.337158203125,-43.63225557682948,-25.86052833705957,-26.74110403787815
0.33740234375,-41.30237337917788,-25.81621390872038,-26.693587482289264
0.337646484375,-37.4303545953983,-25.771387971535606,-26.64544806988622
0.337890625,-34.38518930260079,-25.726064573314265,-26.596698975187195
0.338134765625,-32.06143888815254,-25.68025847600294,-26.547354137088472
0.33837890625,-30.245132649412202,-25.633985180451067,-26.497428291389774
0.338623046875,-28.804030360114158,-25.587260951435855,-26.44693700411796
0.3388671875,-27.660069691970946,-25.540102842873736,-26.39589670559678
0.339111328125,-26.765749170874788,-25.492528723135774,-26.344324725198838
0.33935546875,-26.091184728838076,-25.44455730037444,-26.292239326704717
0.339599609375,-25.617263346440016,-25.396208147758628,-26.239659744181317
0.33984375,-25.33204035487774,-25.347501728502046,-26.18660621827702
0.340087890625,-25.228956350068863,-25.298459420558338,-26.13310003281648
0.34033203125,-25.30620827817004,-25.249103540843656,-26.079163551561166
0.340576171875,-25.56701968895682,-25.199457368833748,-26.02482025498383
0.3408203125,-26.02081534094863,-25.149545169368984,-25.970094776886135
0.341064453125,-26.685513802407353,-25.099392214486596,-25.915012940668532
0.34130859375,-27.591321316944963,-25.049024804083693,-25.85960179503899
0.341552734375,-28.786272609778784,-24.99847028520066,-25.80388964892549
0.341796875,-30.34147131563023,-24.94775706969805,-25.747906105331975
0.342041015625,-32.337974995889056,-24.896914650084994,-25.691682093852826
0.34228515625,-34.71797425076177,-24.84597361324221,-25.635249901535225
0.342529296875,-36.51824762090881,-24.794965651766326,-25.578643201750918
0.3427734375,-35.56988138944982,-24.743923572648725,-25.521897080712513
0.343017578125,-32.70896076041094,-24.692881302987495,-25.465048061241067
0.34326171875,-29.876512993157753,-24.64187389241801,-25.408134123364363
0.343505859375,-27.504529739707067,-24.590937511936346,-25.351194721297645
0.34375,-25.55400638659679,-24.540109448779294,-25.294270796332867
0.343994140625,-23.94252409913252,-24.48942809701681,-25.237404785136004
0.34423828125,-22.60673112355772,-24.438932943507034,-25.18064062293047
0.344482421875,-21.503160333009887,-24.388664548860937,-25.124023741022157
0.3447265625,-20.60244319704658,-24.338664523064118,-25.067601058105303
0.344970703125,-19.884655933804794,-24.28897549540742,-25.011420964774413
0.34521484375,-19.336252896816152,-24.23964107838545,-24.95553330065816
0.345458984375,-18.94813396680392,-24.19070582523584,-24.899989323588827
0.345703125,-18.714442467228086,-24.1422151808089,-24.8448416702237
0.345947265625,-18.631826337186112,-24.094215425481078,-24.790144307545727
0.34619140625,-18.69899344180221,-24.046753611854335,-24.735952474690087
0.346435546875,-18.916447107856577,-23.99987749401933,-24.68232261457239
0.3466796875,-19.286305762792523,-23.953635449201297,-24.62931229483238
0.346923828125,-19.812085401926666,-23.90807639165648,-24.576980117657634
0.34716796875,-20.498227064464942,-23.863249678742303,-24.525385618113575
0.347412109375,-21.348909326464923,-23.819205009145602,-24.474589150680067
0.34765625,-22.365132590678094,-23.775992313323094,-24.424651763782368
0.347900390625,-23.537894090871163,-23.733661636281994,-24.375635062203994
0.34814453125,-24.83326977917201,-23.692263012910566,-24.327601057382566
0.348388671875,-26.16420152554133,-23.65184633615396,-24.28061200571551
0.3486328125,-27.355233681581254,-23.612461218421657,-24.23473023513985
0.348876953125,-28.1547866168143,-23.574156846706607,-24.19001796039952
0.34912109375,-28.382501491146876,-23.536981831993376,-24.14653708757179
0.349365234375,-28.103825941457472,-23.500984053629054,-24.104349008590003
0.349609375,-27.56377413835527,-23.466210499428474,-24.06351438667093
0.349853515625,-26.990306543498072,-23.432707102379506,-24.02409293372984
0.35009765625,-26.516457183126207,-23.400518574904904,-23.986143181038617
0.350341796875,-26.201322461108298,-23.36968824172226,-23.949722244553556
0.3505859375,-26.06356685076953,-23.340257872420164,-23.91488558650081
0.350830078125,-26.10090553360516,-23.31226751493623,-23.88168677495925
0.35107421875,-26.297402542936446,-23.285755331178173,-23.85017724331653
0.351318359375,-26.623561598628886,-23.26075743607103,-23.82040605159025
0.3515625,-27.033004734286166,-23.23730774134102,-23.792419651700186
0.351806640625,-27.460276415854437,-23.215437805356824,-23.766261658844243
0.35205078125,-27.827066487459135,-23.1951766903424,-23.741972631167272
0.352294921875,-28.06364028516105,-23.176550828249454,-23.719589859916464
0.3525390625,-28.139698862237577,-23.159583896533896,-23.699147172246015
0.352783203125,-28.081151842526467,-23.144296705016497,-23.680674748767004
0.35302734375,-27.95599775114465,-23.130707094926684,-23.664198957835573
0.353271484375,-27.842914360829187,-23.118829851127707,-23.649742208432393
0.353515625,-27.806854143993096,-23.10867662840568,-23.637322823313404
0.353759765625,-27.88933537707722,-23.100255892572687,-23.626954933904468
0.35400390625,-28.106884550377774,-23.09357287699036,-23.618648398178607
0.354248046875,-28.44964623486308,-23.088629554964474,-23.612408742493493
0.3544921875,-28.876116735170648,-23.08542462829869,-23.608237128087865
0.354736328125,-29.305651465936727,-23.0839535321266,-23.60613034264105
0.35498046875,-29.620159467203877,-23.084208455971446,-23.60608081699747
0.355224609375,-29.695577290095,-23.086178380812896,-23.608076666853467
0.35546875,-29.46459236374245,-23.089849131775047,-23.61210175890335
0.355712890625,-28.958218892823893,-23.095203445890963,-23.618135800651693
0.35595703125,-28.276753762639856,-23.10222105424996,-23.626154452825133
0.356201171875,-27.526320567918766,-23.110878777696918,-23.636129463064574
0.3564453125,-26.781450796952093,-23.121150635130014,-23.648028819352845
0.356689453125,-26.08194832147786,-23.13300796333658,-23.661816921437048
0.35693359375,-25.44415395445107,-23.146419547217356,-23.67745476834207
0.357177734375,-24.872881748627282,-23.161351759178505,-23.69490015994414
0.357421875,-24.369937889236056,-23.17776870641869,-23.714107910482372
0.357666015625,-23.93913493168691,-23.195632384805386,-23.735030071831513
0.35791015625,-23.588613664928488,-23.21490283802014,-23.757616164339886
0.358154296875,-23.33139220154448,-23.235538320656474,-23.781813413052202
0.3583984375,-23.18505260512599,-23.257495463974195,-23.80756698718352
0.358642578125,-23.171384606895472,-23.280729443050575,-23.834820240787145
0.35888671875,-23.3166431115602,-23.305194144119103,-23.86351495266044
0.359130859375,-23.652955153552572,-23.330842330949157,-23.893591563656425
0.359375,-24.221490213346165,-23.35762580919336,-23.924989409710196
0.359619140625,-25.078455294281063,-23.385495587711365,-23.9576469490449
0.35986328125,-26.305989538835615,-23.414402035966944,-23.99150198218681
0.360107421875,-28.03126909911219,-23.444295036689166,-24.026491863591332
0.3603515625,-30.449964970573117,-23.47512413308408,-24.06255370385513
0.360595703125,-33.724523288705186,-23.506838669981207,-24.09962456166332
0.36083984375,-36.46311557229935,-23.53938792839592,-24.13764162479037
0.361083984375,-34.41622285680704,-23.572721253084108,-24.17654237963668
0.361328125,-30.721153887920067,-23.60678817275779,-24.216264768938352
0.361572265625,-27.82330159378164,-23.641538512718387,-24.25674733743275
0.36181640625,-25.69046978379633,-23.67692249974736,-24.29792936539627
0.362060546875,-24.116286083158535,-23.712890859171548,-24.339750990092686
0.3623046875,-22.964340445553077,-23.749394904091623,-24.382153315279155
0.362548828125,-22.151626685745516,-23.786386616826803,-24.4250785090127
0.36279296875,-21.6275336688763,-23.823818722686887,-24.4684698900832
0.363037109375,-21.361803686615612,-23.861644756234107,-24.512272003468645
0.36328125,-21.338263084810304,-23.899819120240963,-24.556430685266363
0.363525390625,-21.551941935724045,-23.93829713758923,-24.600893117600492
0.36376953125,-22.008514604661595,-23.977035096385624,-24.645607874040955
0.364013671875,-22.725927027023282,-24.01599028859605,-24.690524956095054
0.3642578125,-23.739041995489238,-24.05512104251976,-24.73559582134905
0.364501953125,-25.10989398417547,-24.094386749439703,-24.780773403845227
0.36474609375,-26.95078083598963,-24.133747884795063,-24.826012127281473
0.364990234375,-29.483015641331562,-24.173166024227886,-24.871267911614844
0.365234375,-33.223636298058466,-24.212603854857004,-24.916498173640168
0.365478515625,-39.87901453257228,-24.25202518213133,-24.961661822100133
0.36572265625,-49.59576730466051,-24.291394932609606,-25.006719247864115
0.365966796875,-37.53781064889362,-24.33067915300647,-25.05163230969147
0.3662109375,-32.57918206112678,-24.369845005835927,-25.09636431607155
0.366455078125,-29.677309816804424,-24.408860761971404,-25.140880003606153
0.36669921875,-27.740642388498188,-24.447695790429943,-25.185145512374337
0.366943359375,-26.383865015638058,-24.486320545673806,-25.229128358691412
0.3671875,-25.427949517991408,-24.524706552708565,-25.272797405646322
0.367431640625,-24.776673662913296,-24.56282639024196,-25.316122831774358
0.36767578125,-24.374104642830407,-24.600653672152184,-25.359076098194564
0.367919921875,-24.186845856743698,-24.638163027498727,-25.401629914514565
0.3681640625,-24.19569173609297,-24.675330079293918,-25.443758203780234
0.368408203125,-24.391470856087814,-24.7121314222376,-25.48543606672238
0.36865234375,-24.77303970318129,-24.748544599602404,-25.526639745529017
0.368896484375,-25.346571376309782,-24.784548079443084,-25.567346587349853
0.369140625,-26.125769335543648,-24.820121230288436,-25.607535007717416
0.369384765625,-27.132769558518373,-24.85524429646171,-25.647184454050493
0.36962890625,-28.39911906431633,-24.88989837316186,-25.686275369386014
0.369873046875,-29.964131128635426,-24.92406538142591,-25.724789156468443
0.3701171875,-31.858853511217635,-24.95772804308129,-25.762708142310093
0.370361328125,-34.02762362906615,-24.990869855785796,-25.800015543320377
0.37060546875,-36.04770884774835,-25.023475068242547,-25.836695431088646
0.370849609375,-36.79999860327926,-25.05552865566804,-25.872732698893085
0.37109375,-35.740434813556675,-25.08701629558217,-25.908113028996354
0.371337890625,-33.93129047778678,-25.117924343980846,-25.94282286077858
0.37158203125,-32.211943155607116,-25.148239811944435,-25.97684935974919
0.371826171875,-30.79372982070289,-25.177950342727907,-26.010180387470246
0.3720703125,-29.672585497778048,-25.207044189372183,-26.042804472416957
0.372314453125,-28.803699141230155,-25.23551019287074,-26.07471078179404
0.37255859375,-28.143274818371133,-25.26333776091912,-26.10588909432055
0.372802734375,-27.655441001934598,-25.290516847271448,-26.1363297739911
0.373046875,-27.311478173417246,-25.317037931722513,-26.166023744816094
0.373291015625,-27.087719315437944,-25.342892000730664,-26.194962466540073
0.37353515625,-26.963486536413303,-25.368070528692982,-26.223137911333634
0.373779296875,-26.91930625632526,-25.39256545988114,-26.250542541451427
0.3740234375,-26.935476864954964,-25.416369191043344,-26.27716928784602
0.374267578125,-26.99114641257381,-25.439474554675595,-26.30301152972564
0.37451171875,-27.064192706648203,-25.461874802962974,-26.32806307504174
0.374755859375,-27.132249729957536,-25.483563592390116,-26.35231814189097
0.375,-27.175027551047215,-25.504534969018046,-26.375771340815067
0.375244140625,-27.177524887578794,-25.524783354423555,-26.398417657981312
0.37548828125,-27.133025221932627,-25.54430353229561,-26.420252439225397
0.375732421875,-27.044461115457196,-25.56309063568298,-26.441271374938438
0.3759765625,-26.9233056994602,-25.581140134885647,-26.461470485779234
0.376220703125,-26.786332477173435,-25.59844782598272,-26.480846109193266
0.37646484375,-26.651467577875568,-25.61500981998854,-26.499394886719646
0.376708984375,-26.53396113955075,-25.630822532628418,-26.51711375206763
0.376953125,-26.44349503171221,-25.645882674725563,-26.533999919944588
0.377197265625,-26.382262334515516,-25.66018724318993,-26.550050875617757
0.37744140625,-26.343881518595225,-25.673733512600467,-26.56526436519265
0.377685546875,-26.313249842417747,-25.686519027371702,-26.579638386591583
0.3779296875,-26.267872175634203,-25.698541594495975,-26.593171181216274
0.378173828125,-26.181410800402173,-25.70979927685283,-26.605861226279494
0.37841796875,-26.029620314810447,-25.720290387077313,-26.61770722779126
0.378662109375,-25.79723277205749,-25.730013481979086,-26.628708114185827
0.37890625,-25.482753837743676,-25.738967357504883,-26.638863030576783
0.379150390625,-25.09848011529495,-25.747151044236972,-26.648171333628184
0.37939453125,-24.665791794804566,-25.754563803420766,-26.656632587030597
0.379638671875,-24.208511870123143,-25.761205123515367,-26.664246557571897
0.3798828125,-23.7474571655761,-25.767074717260904,-26.671013211793337
0.380126953125,-23.297676546210504,-25.772172519257435,-26.67693271322254
0.38037109375,-22.868209838884333,-25.77649868405029,-26.682005420175898
0.380615234375,-22.46348327821766,-25.780053584717603,-26.686231884123433
0.380859375,-22.08545205935347,-25.782837811955904,-26.689612848610828
0.381103515625,-21.73581346626342,-25.784852173660482,-26.69214924873328
0.38134765625,-21.41781417287177,-25.786097694997522,-26.693842211157417
0.381591796875,-21.137362344559584,-25.78657561896558,-26.69469305468813
0.3818359375,-20.903371671143653,-25.78628740744447,-26.69470329137789
0.382080078125,-20.727487164034542,-25.78523474273004,-26.693874628177184
0.38232421875,-20.623496715812607,-25.783419529553772,-26.692208969125385
0.382568359375,-20.606768407337,-25.780843897586728,-26.689708418082176
0.3828125,-20.693992729404577,-25.777510204427436,-26.686375282000366
0.383056640625,-20.903422763602073,-25.773421039073984,-26.682212074741756
0.38330078125,-21.255768368486404,-25.76857922588088,-26.677221521438348
0.383544921875,-21.775970706293233,-25.762987829001283,-26.671406563401817
0.3837890625,-22.49633288417947,-25.756650157315853,-26.664770363584882
0.384033203125,-23.462090044727915,-25.749569769849373,-26.657316312598667
0.38427734375,-24.742013768930775,-25.741750481676554,-26.64904803529078
0.384521484375,-26.450906469032994,-25.733196370318577,-26.639969397889182
0.384765625,-28.805274257070707,-25.72391178263189,-26.630084515717485
0.385009765625,-32.297614514564344,-25.713901342190763,-26.619397761487406
0.38525390625,-38.53506364287873,-25.703169957164963,-26.607913774174715
0.385498046875,-53.50199631768423,-25.691722828693806,-26.595637468484867
0.3857421875,-37.21218901515724,-25.67956545975734,-26.582574044914722
0.385986328125,-31.698841120021967,-25.66670366454534,-26.56872900041691
0.38623046875,-28.489752252471877,-25.65314357832389,-26.554108139672913
0.386474609375,-26.310421352709543,-25.63889166779908,-26.538717586981093
0.38671875,-24.739754292936283,-25.623954741976334,-26.52256379876526
0.386962890625,-23.587998228480412,-25.608339963513167,-26.50565357670888
0.38720703125,-22.75493626203231,-25.592054860561856,-26.487994081519485
0.387451171875,-22.18257981308899,-25.575107339097755,-26.469592847326886
0.3876953125,-21.83558188290215,-25.557505695727073,-26.450457796717686
0.387939453125,-21.69182670309433,-25.539258630966867,-26.430597256407495
0.38818359375,-21.73728390224379,-25.52037526298769,-26.41001997355064
0.388427734375,-21.962695854856133,-25.50086514180794,-26.388735132685518
0.388671875,-22.36081385338597,-25.480738263926245,-26.366752373311655
0.388916015625,-22.923179810387243,-25.4600050873761,-26.344081808092398
0.38916015625,-23.63529489835969,-25.438676547183917,-26.32073404167435
0.389404296875,-24.468702137777672,-25.416764071209116,-26.29672019011208
0.3896484375,-25.36891820088038,-25.394279596341125,-26.27205190088297
0.389892578125,-26.24209476180155,-25.37123558502492,-26.24674137347356
0.39013671875,-26.95510413541289,-25.347645042082686,-26.2208013805149
0.390380859375,-27.375600782373684,-25.323521531794952,-26.194245289439312
0.390625,-27.449398338105016,-25.298879195200197,-26.16708708462682
0.390869140625,-27.240845667813282,-25.27373276756654,-26.139341390003096
0.39111328125,-26.88377322258131,-25.248097595984458,-26.111023492045526
0.391357421875,-26.505477349654004,-25.221989657023357,-26.08214936314726
0.3916015625,-26.191735698507838,-25.195425574388963,-26.05273568528174
0.391845703125,-25.988952025752496,-25.168422636512222,-26.022799873902933
0.39208984375,-25.917055077597833,-25.140998813993463,-25.992360102008078
0.392333984375,-25.980014059967033,-25.113172776818573,-25.961435324280732
0.392578125,-26.171661872255104,-25.08496391125633,-25.930045301222666
0.392822265625,-26.477816342644232,-25.056392336338604,-25.898210623172837
0.39306640625,-26.87597050449968,-25.027478919816236,-25.86595273410088
0.393310546875,-27.333743699488657,-24.99824529347618,-25.83329395505163
0.3935546875,-27.80773115048547,-24.96871386769563,-25.80025750710449
0.393798828125,-28.245356269142725,-24.938907845100942,-25.766867533699656
0.39404296875,-28.59263779754692,-24.908851233189818,-25.73314912216992
0.394287109375,-28.8079997432025,-24.87856885576623,-25.69912832430319
0.39453125,-28.875921442743024,-24.848086363028656,-25.66483217574713
0.394775390625,-28.81066404990666,-24.817430240143374,-25.630288714053453
0.39501953125,-28.646686458942774,-24.78662781412563,-25.595526995144443
0.395263671875,-28.422854598548938,-24.75570725884353,-25.560577107970555
0.3955078125,-28.16991235556805,-24.724697597951568,-25.525470187113434
0.395751953125,-27.90502443667127,-24.69362870555311,-25.490238423074597
0.39599609375,-27.632066098536153,-24.66253130438545,-25.45491506997683
0.396240234375,-27.345142851062583,-24.6314369613148,-25.419534450392383
0.396484375,-27.033580344531593,-24.60037807992483,-25.38413195700022
0.396728515625,-26.687225910114073,-24.569387889979076,-25.348744050764456
0.39697265625,-26.300915665059343,-24.53850043353627,-25.313408255316524
0.397216796875,-25.87696927097096,-24.507750547498098,-25.278163147217146
0.3974609375,-25.425160695647904,-24.47717384237109,-25.2430483417692
0.397705078125,-24.960639474608396,-24.44680667702921,-25.208104474050167
0.39794921875,-24.50101813010033,-24.416686129270815,-25.17337317483429
0.398193359375,-24.06381925726171,-24.38684996197349,-25.138897041078586
0.3984375,-23.664905903735512,-24.357336584663024,-25.104719600655034
0.398681640625,-23.317922634728568,-24.328185010329054,-25.070885271024288
0.39892578125,-23.0344549628497,-24.299434807338542,-25.03743931156269
0.399169921875,-22.824562888270982,-24.27112604632174,-25.004427769277605
0.3994140625,-22.697424824369698,-24.243299241931165,-24.97189741767301
0.399658203125,-22.661930108720615,-24.215995289404315,-24.93989568856133
0.39990234375,-22.727129478314332,-24.189255395894563,-24.908470596656514
0.400146484375,-22.902476746460884,-24.163121006572204,-24.87767065682945
0.400390625,-23.197760679715632,-24.13763372553855,-24.847544793958182
0.400634765625,-23.622505316508523,-24.112835231640354,-24.81814224536384
0.40087890625,-24.184340180760103,-24.088767189319846,-24.789512455887255
0.401123046875,-24.885274652507206,-24.065471154685536,-24.76170496573112
0.4013671875,-25.713797840755255,-24.042988477042538,-24.734769291268208
0.401611328125,-26.62958984763781,-24.021360196175458,-24.708754799096102
0.40185546875,-27.53946079938407,-24.000626935733518,-24.68371057370331
0.402099609375,-28.278616192546426,-23.980828793124246,-24.659685279199316
0.40234375,-28.647482742296265,-23.962005226378942,-24.636727015650273
0.402587890625,-28.540705439808267,-23.944194938508815,-24.614883170653
0.40283203125,-28.04627198339784,-23.927435759925206,-24.594200266869567
0.403076171875,-27.368050414183198,-23.911764529547842,-24.574723806332813
0.4033203125,-26.688897356790942,-23.897216975273423,-24.55649811241724
0.403564453125,-26.120190237156518,-23.883827594518998,-24.53956617044891
0.40380859375,-25.716175844069515,-23.871629535592128,-24.523969467999216
0.404052734375,-25.498252075221785,-23.860654480669904,-24.5097478359708
0.404296875,-25.47055730153883,-23.85093253119213,-24.49693929163541
0.404541015625,-25.626888595502276,-23.842492096488087,-24.485579884824055
0.40478515625,-25.951777185714683,-23.835359786462142,-24.475703548495574
0.405029296875,-26.417554185747175,-23.829560309158694,-24.46734195492093
0.4052734375,-26.978854138353068,-23.825116374013227,-24.460524378715558
0.405517578125,-27.567823715565662,-23.822048601571126,-24.455277567930132
0.40576171875,-28.097760976526402,-23.820375440421092,-24.451625624370617
0.406005859375,-28.48518490913868,-23.82011309204482,-24.449589894261955
0.40625,-28.68770859829636,-23.821275444229208,-24.449188870295405
0.406494140625,-28.72958600313855,-23.823874013622962,-24.45043810600921
0.40673828125,-28.688614932690516,-23.82791789794652,-24.453350143346164
0.406982421875,-28.658397617410255,-23.833413738283276,-24.457934454111566
0.4072265625,-28.718809211554827,-23.840365691792854,-24.46419739592266
0.407470703125,-28.92603266098481,-23.848775415094778,-24.472142183098416
0.40771484375,-29.31364435701509,-23.858642058474512,-24.481768872787715
0.407958984375,-29.893936895659042,-23.869962270965015,-24.493074366479274
0.408203125,-30.651762562358247,-23.882730216257364,-24.506052426877687
0.408447265625,-31.524183010154797,-23.896937599295374,-24.520693709973123
0.40869140625,-32.36432114345787,-23.912573703312248,-24.536985811976834
0.408935546875,-32.92284424535313,-23.929625436974696,-24.55491333064597
0.4091796875,-32.946884264681515,-23.94807739121223,-24.574457940380448
0.409423828125,-32.39559363725625,-23.967911905228174,-24.59559848034431
0.40966796875,-31.477664688051018,-23.989109141114998,-24.618311054746602
0.409912109375,-30.44745282312723,-24.011647166432017,-24.642569144313725
0.41015625,-29.46815275545427,-24.035502044046943,-24.668343727897405
0.410400390625,-28.614671978832536,-24.06064792849746,-24.695603413092027
0.41064453125,-27.91339147850937,-24.08705716809296,-24.724314574681365
0.410888671875,-27.37003219207579,-24.114700411950906,-24.75444149969869
0.4111328125,-26.983238960584988,-24.14354672114806,-24.785946537865836
0.411376953125,-26.749708857811704,-24.173563683161085,-24.81879025617451
0.41162109375,-26.664637813722504,-24.20471752877618,-24.85293159638752
0.411865234375,-26.718902171054314,-24.23697325066128,-24.8883280342663
0.412109375,-26.89292562024603,-24.270294722816608,-24.924935739373595
0.412353515625,-27.146740814399667,-24.304644820149154,-24.962709734354355
0.41259765625,-27.407836942325776,-24.33998553745372,-25.00160405266285
0.412841796875,-27.566285326120685,-24.37627810712508,-25.041571893776727
0.4130859375,-27.498239166394608,-24.413483114973403,-25.08256577501939
0.413330078125,-27.127965465750705,-24.451560613566127,-25.124537679196518
0.41357421875,-26.482434525017148,-24.490470232573117,-25.16743919734147
0.413818359375,-25.67391439271342,-24.530171285647956,-25.211221665954117
0.4140625,-24.83278597912166,-24.570622873434836,-25.25583629820835
0.414306640625,-24.060561451772024,-24.611783982347305,-25.301234308692425
0.41455078125,-23.421535933073663,-24.653613578821755,-25.34736703133364
0.414794921875,-22.952709281017427,-24.69607069880313,-25.394186030242196
0.4150390625,-22.67548063510761,-24.739114532273426,-25.441643203288425
0.415283203125,-22.60412519911619,-24.78270450268472,-25.48969087830219
0.41552734375,-22.751262161994575,-24.82680034120541,-25.538281901851736
0.415771484375,-23.131605098962254,-24.871362155733973,-25.587369720622874
0.416015625,-23.765190080591534,-24.91635049467518,-25.63690845547584
0.416259765625,-24.681172564108813,-24.961726405511413,-25.686852968307825
0.41650390625,-25.923559716049567,-25.007451488236228,-25.73715892189391
0.416748046875,-27.56125460439131,-25.053487943746955,-25.787782832917337
0.4169921875,-29.707280580184737,-25.099798617320094,-25.83868211843194
0.417236328125,-32.55648369719198,-25.146347037316303,-25.88981513602694
0.41748046875,-36.43489859516015,-25.193097449281034,-25.941141217985226
0.417724609375,-41.34060870658655,-25.240014845623012,-25.992620699742215
0.41796875,-42.457870764379315,-25.287064991066302,-26.04421494296497
0.418212890625,-38.97587413048333,-25.33421444408083,-26.095886353577548
0.41845703125,-36.38848006186609,-25.38143057450437,-26.147598395063277
0.418701171875,-34.941997897231396,-25.42868157757359,-26.199315597374294
0.4189453125,-34.34162169797008,-25.47593648458376,-26.251003561776063
0.419189453125,-34.446415611146115,-25.52316517039822,-26.302628961949694
0.41943359375,-35.247154875794116,-25.57033835802653,-26.35415954166706
0.419677734375,-36.871054716673896,-25.617427620487664,-26.40556410934442
0.419921875,-39.656012676928434,-25.664405380170514,-26.456812529769817
0.420166015625,-44.015754270611026,-25.711244905898326,-26.507875713287028
0.42041015625,-44.99764668497515,-25.757920307897074,-26.558725602706104
0.420654296875,-39.57142054505633,-25.804406530861428,-26.60933515819726
0.4208984375,-35.33832301237826,-25.850679345302893,-26.659678340409968
0.421142578125,-32.35010502859218,-25.896715337357517,-26.709730092045817
0.42138671875,-30.14035989800262,-25.942491897221224,-26.759466318098525
0.421630859375,-28.463591188065557,-25.98798720637213,-26.80886386496041
0.421875,-27.18957900826326,-26.033180223730206,-26.85790049858069
0.422119140625,-26.24585974668726,-26.078050670895664,-26.906554881847
0.42236328125,-25.591909989928965,-26.12257901659811,-26.954806551347808
0.422607421875,-25.207073180092024,-26.16674646048019,-27.002635893661132
0.4228515625,-25.08494288393105,-26.210534916330342,-27.050024121301895
0.423095703125,-25.23137592872041,-26.253926994870742,-27.096953248448436
0.42333984375,-25.66528237326352,-26.296905986198972,-27.14340606655801
0.423583984375,-26.42266049307706,-26.33945584197322,-27.189366119969502
0.423828125,-27.56616919514499,-26.38156115742396,-27.234817681582214
0.424072265625,-29.206913025328024,-26.423207153267484,-27.27974572869007
0.42431640625,-31.559343724132045,-26.464379657589888,-27.324135919041193
0.424560546875,-35.111033486117876,-26.505065087763807,-27.36797456718547
0.4248046875,-41.372565434245956,-26.545250432453862,-27.411248621164383
0.425048828125,-50.674308856538126,-26.58492323376113,-27.453945639590568
0.42529296875,-39.845214259998315,-26.62407156955166,-27.49605376915831
0.425537109375,-34.91186883820096,-26.66268403600903,-27.53756172261979
0.42578125,-32.112072230657375,-26.70074973044594,-27.578458757256755
0.426025390625,-30.34247843648466,-26.73825823440628,-27.618734653872224
0.42626953125,-29.208601343216294,-26.77519959708412,-27.658379696322243
0.426513671875,-28.524163758726544,-26.811564319083242,-27.697384651603606
0.4267578125,-28.184340831131074,-26.847343336537012,-27.735740750510153
0.427001953125,-28.121077769671004,-26.882528005605195,-27.77343966886597
0.42724609375,-28.28325041640657,-26.91711008736196,-27.810473509342152
0.427490234375,-28.625882912120876,-26.951081733086223,-27.84683478386006
0.427734375,-29.103112188035468,-26.984435469963444,-27.882516396582044
0.427978515625,-29.6631809747381,-27.017164187205715,-27.91751162748879
0.42822265625,-30.245630345280045,-27.049261122595325,-27.95181411654019
0.428466796875,-30.782317786184805,-27.080719849454944,-27.985417848415324
0.4287109375,-31.204521095380144,-27.11153426404629,-28.018317137825683
0.428955078125,-31.4565677140803,-27.141698573397775,-28.050506615394678
0.42919921875,-31.511357768835158,-27.171207283560225,-28.081981214095386
0.429443359375,-31.378781984226617,-27.200055188289134,-28.112736156237773
0.4296875,-31.101103753962704,-27.228237358150476,-28.142766940995823
0.429931640625,-30.738649024524047,-27.25574913004682,-28.17206933246461
0.43017578125,-30.35456121959331,-27.28258609715948,-28.200639348236905
0.430419921875,-30.004634028361018,-27.308744099301975,-28.228473248488456
0.4306640625,-29.732869193160386,-27.33421921367967,-28.255567525561037
0.430908203125,-29.570527961754763,-27.359007746050047,-28.281918894032287
0.43115234375,-29.53616625125088,-27.383106222277632,-28.30752428126103
0.431396484375,-29.634773013665068,-27.406511380277667,-28.33238081839714
0.431640625,-29.854767346309067,-27.429220162342027,-28.356485831844918
0.431884765625,-30.162511791957275,-27.45122970784129,-28.379836835169083
0.43212890625,-30.496476453921872,-27.472537346296434,-28.402431521432874
0.432373046875,-30.768704597981742,-27.493140590813677,-28.42426775595762
0.4326171875,-30.886230265560265,-27.513037131876295,-28.445343569493904
0.432861328125,-30.794279423579418,-27.532224831487063,-28.465657151794424
0.43310546875,-30.511192622796074,-27.550701717655134,-28.485206845578933
0.433349609375,-30.118629382070633,-27.568465979221433,-28.503991140882427
0.43359375,-29.718458560760993,-27.58551596101676,-28.52200866977769
0.433837890625,-29.39743897370033,-27.601850159346967,-28.539258201463824
0.43408203125,-29.21616152039572,-27.61746721779987,-28.555738637713226
0.434326171875,-29.212997569085037,-27.63236592336874,-28.571449008669077
0.4345703125,-29.4116745567055,-27.646545202887584,-28.58638846898678
0.434814453125,-29.827372400084133,-27.660004119773575,-28.60055629431258
0.43505859375,-30.47025191879973,-27.672741871072386,-28.61395187809334
0.435302734375,-31.34646416294684,-27.684757784802446,-28.626574728711898
0.435546875,-32.456439594797374,-27.69605131759452,-28.638424466942848
0.435791015625,-33.78943209515974,-27.70662205262315,-28.64950082372409
0.43603515625,-35.312311634218545,-27.716469697827076,-28.65980363824007
0.436279296875,-36.950719897096704,-27.72559408441594,-28.669332856312884
0.4365234375,-38.566170876652514,-27.733995165660893,-28.67808852909818
0.436767578125,-39.94948793256854,-27.741673015967233,-28.686070812083095
0.43701171875,-40.86536265329792,-27.74862783022726,-28.69327996438394
0.437255859375,-41.144284335436325,-27.75485992345226,-28.699716348342076
0.4375,-40.75493911772817,-27.760369730682566,-28.70538042941646
0.437744140625,-39.819409010184124,-27.765157807175033,-28.710272776372342
0.43798828125,-38.56600261957735,-27.76922482886787,-28.714394061765613
0.438232421875,-37.2331305017626,-27.7725715931227,-28.717745062723083
0.4384765625,-35.99868589775375,-27.77519901974443,-28.720326662019374
0.438720703125,-34.970991991195994,-27.77710815227966,-28.72213984945139
0.43896484375,-34.21104473914526,-27.778300159594682,-28.723185723512124
0.439208984375,-33.75645460015362,-27.77877633773455,-28.72346549336576
0.439453125,-33.63874579722666,-27.778538112064876,-28.72298048112652
0.439697265625,-33.895507662441624,-27.77758703969853,-28.721732124444337
0.43994140625,-34.57995513665858,-27.77592481220946,-28.719721979400624
0.440185546875,-35.76563772222267,-27.77355325863629,-28.71695172371798
0.4404296875,-37.51617353944174,-27.77047434877869,-28.713423160288144
0.440673828125,-39.6323612579736,-27.766690196789646,-28.70913822102281
0.44091796875,-40.67931780681605,-27.762203065066913,-28.704098971032295
0.441162109375,-38.89213132330163,-27.75701536844759,-28.698307613137718
0.44140625,-35.95616103021301,-27.75112967870941,-28.69176649272227
0.441650390625,-33.33631222838088,-27.74454872938294,-28.684478102927923
0.44189453125,-31.231117310357458,-27.737275420878884,-28.67644509020408
0.442138671875,-29.560745326443257,-27.729312825934805,-28.66767026021496
0.4423828125,-28.232724822899023,-27.720664195385822,-28.658156584112913
0.442626953125,-27.175262626059986,-27.711332964263747,-28.647907205184964
0.44287109375,-26.334856726750708,-27.701322758229267,-28.63692544588043
0.443115234375,-25.6710344265351,-27.690637400341842,-28.62521481522721
0.443359375,-25.152573623299116,-27.6792809181718,-28.612779016644918
0.443603515625,-24.755227357555533,-27.667257551259095,-28.59962195616292
0.44384765625,-24.460478618164828,-27.65457175892315,-28.585747751051493
0.444091796875,-24.25492503782457,-27.64122822842781,-28.571160738874305
0.4443359375,-24.130012107497976,-27.62723188350535,-28.55586548697037
0.444580078125,-24.081937197567495,-27.612587893243123,-28.539866802373645
0.44482421875,-24.11163876447155,-27.597301681335903,-28.523169742178005
0.445068359375,-24.224869298750935,-27.581378935706695,-28.505779624355363
0.4453125,-24.432428114846708,-27.564825618498084,-28.487702039034076
0.445556640625,-24.75071059399078,-27.547647976435506,-28.468942860244603
0.44580078125,-25.202844109311144,-27.529852551563256,-28.44950825813859
0.446044921875,-25.82089675980445,-27.511446192352885,-28.429404711686924
0.4462890625,-26.65012361651883,-27.492436065182837,-28.408639021861696
0.446533203125,-27.75738260797224,-27.472829666187057,-28.387218325305753
0.44677734375,-29.249034583066347,-27.452634833468878,-28.365150108492617
0.447021484375,-31.313762012524336,-27.43185975967521,-28.342442222378274
0.447265625,-34.34586547211761,-27.410513004924475,-28.319102897544678
0.447509765625,-39.42558857856239,-27.388603510079864,-28.295140759833508
0.44775390625,-49.853234192945415,-27.366140610357768,-28.270564846466474
0.447998046875,-41.25654058420104,-27.34313404925888,-28.245384622646583
0.4482421875,-35.104145970063215,-27.3195939928073,-28.219609998632343
0.448486328125,-31.5914899058739,-27.295531044080462,-28.19325134727443
0.44873046875,-29.241872348894926,-27.270956258009726,-28.166319522001068
0.448974609375,-27.57171027868872,-27.245881156428666,-28.138825875235497
0.44921875,-26.367157999030113,-27.220317743342886,-28.110782277225308
0.449462890625,-25.51615768975219,-27.19427852039141,-28.082201135259453
0.44970703125,-24.95358087815746,-27.167776502466143,-28.05309541324437
0.449951171875,-24.639093591518353,-27.140825233451885,-28.02347865160652
0.4501953125,-24.546933389007513,-27.11343880204471,-27.99336498748299
0.450439453125,-24.660790106190472,-27.085631857602475,-27.962769175156836
0.45068359375,-24.971196183219426,-27.057419625975612,-27.93170660668776
0.450927734375,-25.47435402258808,-27.028817925261784,-27.90019333268239
0.451171875,-26.171981027510395,-26.999843181422087,-27.868246083141873
0.451416015625,-27.072114085254512,-26.970512443690914,-27.83588228831684
0.45166015625,-28.19112192000569,-26.940843399705336,-27.803120099492553
0.451904296875,-29.557593492993522,-26.910854390273947,-27.7699784096186
0.4521484375,-31.219528499755427,-26.88056442369796,-27.736476873688908
0.452392578125,-33.257686258885784,-26.849993189551164,-27.70263592876871
0.45263671875,-35.80957616044705,-26.81916107181801,-27.668476813555923
0.452880859375,-39.095478788865165,-26.788089161282066,-27.634021587353782
0.453125,-43.19848862408507,-26.756799267049946,-27.59929314832221
0.453369140625,-45.55550229073646,-26.72531392708839,-27.56431525086392
0.45361328125,-42.71952088453051,-26.693656417644828,-27.529112521990843
0.453857421875,-39.373249049452795,-26.661850761414986,-27.493710476505594
0.4541015625,-36.87137257908232,-26.629921734313136,-27.45813553082094
0.454345703125,-35.00554072295126,-26.597894870694752,-27.422415015229546
0.45458984375,-33.571406318060795,-26.565796466874097,-27.386577184425263
0.454833984375,-32.4458417550828,-26.53365358277346,-27.35065122606588
0.455078125,-31.55717413815942,-26.501494041535302,-27.314667267157535
0.455322265625,-30.864292059196767,-26.469346426923615,-27.278656378030746
0.45556640625,-30.34488700540261,-26.437240078336973,-27.24265057366893
0.455810546875,-29.98859969467041,-26.40520508325256,-27.206682812142464
0.4560546875,-29.792600174834703,-26.37327226691888,-27.170786989894093
0.456298828125,-29.758128070168976,-26.341473179113915,-27.134997933616237
0.45654296875,-29.886683383336155,-26.30984007778704,-27.099351388456988
0.456787109375,-30.17397021196121,-26.278405909404867,-27.06388400228966
0.45703125,-30.59825284423722,-26.24720428582627,-27.028633305781323
0.457275390625,-31.09820607663888,-26.216269457538026,-26.993637687999005
0.45751953125,-31.53978688005589,-26.185636283091092,-26.958936367297763
0.457763671875,-31.70165928405824,-26.15534019458872,-26.924569357244323
0.4580078125,-31.3605268898165,-26.12541715909119,-26.89057742734255
0.458251953125,-30.47473362559741,-26.09590363581766,-26.85700205834294
0.45849609375,-29.227307875198342,-26.066836529045325,-26.823885391939378
0.458740234375,-27.857580082730845,-26.038253136627027,-26.79127017468045
0.458984375,-26.530730224154098,-26.010191094073786,-26.759199695951782
0.459228515625,-25.329326855785045,-25.982688314175995,-26.727717719920115
0.45947265625,-24.28613526476837,-25.955782922167533,-26.69686841136713
0.459716796875,-23.41029309259278,-25.929513186470384,-26.66669625538517
0.4599609375,-22.701376593445296,-25.90391744509359,-26.63724597095403
0.460205078125,-22.155992190872404,-25.879034027798284,-26.608562418470424
0.46044921875,-21.770688800491413,-25.854901174181833,-26.580690501357967
0.460693359375,-21.54320584608818,-25.831556947876578,-26.55367506194628
0.4609375,-21.473008813558117,-25.8090391471027,-26.527560771870803
0.461181640625,-21.561549161303667,-25.7873852118604,-26.502392017312214
0.46142578125,-21.81245113619523,-25.766632128092066,-26.478212779462215
0.461669921875,-22.231721362589965,-25.746816329191326,-26.45506651067302
0.4619140625,-22.82801989809821,-25.72797359528115,-26.432996006817735
0.462158203125,-23.612972366588426,-25.710138950726833,-26.412043276458412
0.46240234375,-24.601370953559496,-25.69334656039205,-26.39224940748647
0.462646484375,-25.810732238917907,-25.677629625185276,-26.37365443196465
0.462890625,-27.258536961021957,-25.663020277479358,-26.356297189960234
0.463134765625,-28.95204653293906,-25.64954947701888,-26.3402151932139
0.46337890625,-30.856044905631062,-25.637246907955937,-26.32544448953675
0.463623046875,-32.80609650972656,-25.62614087767608,-26.312019528867534
0.4638671875,-34.36730231831261,-25.616258218090078,-26.29997303195315
0.464111328125,-34.94933084333731,-25.607624190075278,-26.289335862635014
0.46435546875,-34.49490506669082,-25.600262391749457,-26.280136904733162
0.464599609375,-33.55818857323296,-25.5941946712532,-26.27240294451643
0.46484375,-32.601624854872924,-25.589441044700337,-26.266158559731075
0.465087890625,-31.80739933141934,-25.586019619932486,-26.261426016131033
0.46533203125,-31.215027535790107,-25.583946526681203,-26.25822517241092
0.465576171875,-30.818379073786446,-25.583235853701687,-26.25657339438757
0.4658203125,-30.603175372593387,-25.58389959339381,-26.25648547920795
0.466064453125,-30.5588297194179,-25.58594759437183,-26.257973590281996
0.46630859375,-30.681146486866922,-25.58938752238259,-26.261047203548067
0.466552734375,-30.971843836826856,-25.594224829905112,-26.2657130655787
0.466796875,-31.436998028552946,-25.600462734692627,-26.2719751639262
0.467041015625,-32.085102553954876,-25.60810220744233,-26.279834709992542
0.46728515625,-32.92470151126817,-25.617141968699777,-26.28929013458885
0.467529296875,-33.960749907380674,-25.627578495025006,-26.300337096227455
0.4677734375,-35.187267367889284,-25.639406034366704,-26.312968502066663
0.468017578125,-36.570207344417334,-25.652616630511524,-26.327174541306743
0.46826171875,-38.00791181287531,-25.667200156397744,-26.342942730717542
0.468505859375,-39.25975362049484,-25.683144356008132,-26.36025797186507
0.46875,-39.91571685591187,-25.70043489448635,-26.379102619498155
0.468994140625,-39.63981098678033,-25.719055416056058,-26.399456560459306
0.46923828125,-38.547580663944345,-25.73898760926269,-26.421297302396187
0.469482421875,-37.050394607656344,-25.760211279005304,-26.444600071474106
0.4697265625,-35.47378687002796,-25.78270442478075,-26.46933791822574
0.469970703125,-33.980847214987776,-25.806443324524714,-26.495481830623014
0.47021484375,-32.6407897450038,-25.831402623405197,-26.52300085341769
0.470458984375,-31.48177937559872,-25.857555426902344,-26.55186221277222
0.470703125,-30.514773496294172,-25.88487339749537,-26.58203144518991
0.470947265625,-29.743125937715035,-25.913326854272558,-26.61347252975426
0.47119140625,-29.166620182126902,-25.942884874782507,-26.64614802269947
0.471435546875,-28.783334720349348,-25.973515398454424,-26.68001919335705
0.4716796875,-28.5905193620348,-26.00518533093232,-26.715046160557797
0.471923828125,-28.584830290526774,-26.037860648690216,-26.751188028609857
0.47216796875,-28.761892464863458,-26.07150650332359,-26.78840302202432
0.472412109375,-29.114834867312727,-26.106087324945722,-26.826648618216282
0.47265625,-29.630985222203456,-26.14156692415377,-26.865881677470878
0.472900390625,-30.28525131735321,-26.17790859207046,-26.90605856952995
0.47314453125,-31.02828892324616,-26.21507519800932,-26.947135296223095
0.473388671875,-31.769714271428203,-26.253029284356224,-26.98906760963662
0.4736328125,-32.367568644806404,-26.291733158305473,-27.03181112538463
0.473876953125,-32.65618205270122,-26.33114898013477,-27.0753214306157
0.47412109375,-32.53406714052183,-26.371238847748685,-27.119554186456604
0.474365234375,-32.04088116169422,-26.411964877266062,-27.164465224660827
0.474609375,-31.322138053439964,-26.453289279469736,-27.21001063829171
0.474853515625,-30.530881344517695,-26.495174431979287,-27.256146866329537
0.47509765625,-29.773075627622454,-26.537582947047966,-27.30283077214731
0.475341796875,-29.106587424965703,-26.580477734921793,-27.350019715850106
0.4755859375,-28.557626509927513,-26.623822062734796,-27.397671620520082
0.475830078125,-28.134857655643692,-26.667579608946177,-27.44574503245032
0.47607421875,-27.837818479066243,-26.711714513354814,-27.494199175487374
0.476318359375,-27.66123481199289,-26.7561914227535,-27.542993999635762
0.4765625,-27.59702606601234,-26.800975532308613,-27.592090224103995
0.476806640625,-27.635140086438433,-26.84603262277178,-27.641449374995975
0.47705078125,-27.763847374811718,-26.891329093648473,-27.691033817870498
0.477294921875,-27.969838997248253,-26.936831992463336,-27.74080678540676
0.4775390625,-28.23833245229087,-26.982509040274813,-27.790732400424965
0.477783203125,-28.553326310645453,-27.02832865360216,-27.840775694520083
0.47802734375,-28.898113045388495,-27.074259962935294,-27.890902622570778
0.478271484375,-29.256129084401998,-27.120272828004225,-27.94108007338877
0.478515625,-29.61216559651229,-27.16633784998841,-27.991275876772942
0.478759765625,-29.95386348167063,-27.212426380848118,-28.041458807230452
0.47900390625,-30.27327515938635,-27.258510529961008,-28.09159858462275
0.479248046875,-30.568142789847798,-27.30456316824547,-28.1416658719885
0.4794921875,-30.842506952547662,-27.350557929950213,-28.19163227078777
0.479736328125,-31.106391079008745,-27.39646921228652,-28.241470313804086
0.47998046875,-31.374570909811425,-27.442272173075,-28.291153455930935
0.480224609375,-31.664686354258535,-27.487942726573444,-28.340656063059633
0.48046875,-31.995024540206856,-27.533457537647422,-28.38995339927498
0.480712890625,-32.382139688470495,-27.57879401443794,-28.43902161255383
0.48095703125,-32.83813228546498,-27.623930299674857,-28.48783771915116
0.481201171875,-33.36698308906554,-27.668845260777196,-28.53637958684655
0.4814453125,-33.95897029144743,-27.713518478874345,-28.584625917213042
0.481689453125,-34.58236051100437,-27.757930236875342,-28.63255622705935
0.48193359375,-35.173724780455444,-27.802061506705638,-28.680150829185646
0.482177734375,-35.63490509117938,-27.84589393582352,-28.72739081258218
0.482421875,-35.85366434492657,-27.889409833121512,-28.7742580221906
0.482666015625,-35.756145787998086,-27.932592154310562,-28.82073503833724
0.48291015625,-35.35531941155914,-27.975424486878,-28.86680515593856
0.483154296875,-34.74154169961067,-28.01789103470385,-28.912452363570242
0.4833984375,-34.02687442553486,-28.059976602412995,-28.957661322482167
0.483642578125,-33.300624091970136,-28.101666579535095,-29.002417345634473
0.48388671875,-32.61771444420723,-28.142946924537732,-29.046706376821312
0.484130859375,-32.005601977457566,-28.18380414879257,-29.090514969942443
0.484375,-31.474652366011384,-28.224225300529287,-29.133830268475982
0.484619140625,-31.026207201564976,-28.26419794882648,-29.17663998519933
0.48486328125,-30.657672907578835,-28.303710167684024,-29.218932382199576
0.485107421875,-30.36528627845337,-28.34275052021702,-29.260696251209446
0.4853515625,-30.145209983553652,-28.381308043006968,-29.301920894299837
0.485595703125,-29.993423869926975,-28.419372230641805,-29.342596104955327
0.48583984375,-29.904794273197375,-28.45693302047309,-29.382712149555307
0.486083984375,-29.871737318488243,-28.49398077761455,-29.422259749278897
0.486328125,-29.883014169880497,-28.530506280203646,-29.461230062449193
0.486572265625,-29.923369160204913,-28.566500704944524,-29.49961466732848
0.48681640625,-29.974821526703526,-28.601955612947847,-29.537405545373478
0.487060546875,-30.0201525670871,-28.636862935881034,-29.57459506495741
0.4873046875,-30.048175891039502,-28.671214962439564,-29.611175965562918
0.487548828125,-30.058959512494887,-28.705004325148224,-29.6471413424479
0.48779296875,-30.066438104655266,-28.738223987499328,-29.682484631784696
0.488037109375,-30.096949716488766,-28.77086723143301,-29.717199596271367
0.48828125,-30.184537680977748,-28.802927645163187,-29.751280311211875
0.488525390625,-30.365287861656892,-28.83439911135154,-29.784721151061703
0.48876953125,-30.672401450969858,-28.86527579563037,-29.817516776433187
0.489013671875,-31.131883854449516,-28.895552135474254,-29.849662121554857
0.4892578125,-31.756683275979384,-28.925222829419297,-29.881152382177653
0.489501953125,-32.53490903929196,-28.954282826627903,-29.911983003920458
0.48974609375,-33.40586311407277,-28.98272731679629,-29.942149671046717
0.489990234375,-34.223351895633066,-29.010551720401274,-29.971648295663545
0.490234375,-34.74352853169955,-29.037751679282053,-30.00047500733407
0.490478515625,-34.734065731825616,-29.064323047552612,-30.02862614309395
0.49072265625,-34.17966323417504,-29.090261882839542,-30.056098237862162
0.490966796875,-33.29461662005434,-29.115564437839872,-30.08288801523655
0.4912109375,-32.32142742390928,-29.14022715219348,-30.10899237866417
0.491455078125,-31.409168176129043,-29.164246644663642,-30.134408402976646
0.49169921875,-30.620703949886057,-29.187619705620182,-30.159133326280582
0.491943359375,-29.971180052990363,-29.210343289818535,-30.18316454219333
0.4921875,-29.45512611002559,-29.232414509468537,-30.206499592414254
0.492431640625,-29.060797685263218,-29.25383062758656,-30.22913615962201
0.49267578125,-28.777204177119366,-29.274589051624524,-30.251072060688347
0.492919921875,-28.59732113482439,-29.294687327369328,-30.2723052401992
0.4931640625,-28.519100466310412,-29.314123133106435,-30.292833764273894
0.493408203125,-28.545044540300488,-29.33289427404121,-30.31265581467381
0.49365234375,-28.680852769818962,-29.35099867697184,-30.331769683191748
0.493896484375,-28.93355562184343,-29.368434385207742,-30.35017376631368
0.494140625,-29.30941506532678,-29.385199553727386,-30.367866560144833
0.494384765625,-29.811679645271,-29.401292444569876,-30.384846655592256
0.49462890625,-30.438133288663565,-29.416711422454416,-30.40111273379636
0.494873046875,-31.17841833131445,-29.431454950622257,-30.416663561804114
0.4951171875,-32.01154549784228,-29.44552158689578,-30.43149798847706
0.495361328125,-32.905013206174125,-29.458909979949595,-30.445614940627355
0.49560546875,-33.818271581682666,-29.471618865788653,-30.459013419375594
0.495849609375,-34.713232040547716,-29.48364706442865,-30.471692496724273
0.49609375,-35.57043760078551,-29.494993476774297,-30.483651312341273
0.496337890625,-36.40231134758547,-29.50565708169096,-30.494889070547636
0.49658203125,-37.25308775314663,-29.515636933265768,-30.505405037504897
0.496826171875,-38.183710154059575,-29.524932158254135,-30.51519853859674
0.4970703125,-39.24800789689512,-29.533541953708227,-30.52426895600067
0.497314453125,-40.46111593808914,-29.541465584783843,-30.532615726445457
0.49755859375,-41.747278579234,-29.548702382722563,-30.54023833915025
0.497802734375,-42.86377536603139,-29.55525174300622,-30.547136333941932
0.498046875,-43.41595691890561,-29.561113123680975,-30.553309299547287
0.498291015625,-43.182499277952985,-29.566286043848457,-30.55875687205689
0.49853515625,-42.39754851040623,-29.570770082321822,-30.563478733558046
0.498779296875,-41.45831025981543,-29.57456487644466,-30.567474610934333
0.4990234375,-40.61205798408528,-29.57767012107094,-30.57074427482953
0.499267578125,-39.95119396215944,-29.58008556770451,-30.573287538774135
0.49951171875,-39.49199404946582,-29.58181102379684,-30.57510425847276
0.499755859375,-39.224826380626084,-29.582846352201905,-30.576194331251333
0.5,-39.137439591948436,-29.58319147078744,-30.576557695662892
